ISO-10303-21;
HEADER;
FILE_DESCRIPTION(('ViewDefinition[DesignTransferView]'),'2;1');
FILE_NAME('s05-activity.ifc','2026-10-07T15:15:24+08:00',(''),(''),'IfcOpenShell 0.8.5-post1','Bonsai 0.8.5-post1','Nobody');
FILE_SCHEMA(('IFC4'));
ENDSEC;
DATA;
#1=IFCPROJECT('2BVxULmpXF4RQPzO9sS_I0',$,'My Project',$,$,$,$,(#10,#22),#5);
#2=IFCSIUNIT(*,.LENGTHUNIT.,$,.METRE.);
#3=IFCSIUNIT(*,.AREAUNIT.,$,.SQUARE_METRE.);
#4=IFCSIUNIT(*,.VOLUMEUNIT.,$,.CUBIC_METRE.);
#5=IFCUNITASSIGNMENT((#4,#2,#3));
#6=IFCCARTESIANPOINT((0.,0.,0.));
#7=IFCDIRECTION((0.,0.,1.));
#8=IFCDIRECTION((1.,0.,0.));
#9=IFCAXIS2PLACEMENT3D(#6,#7,#8);
#10=IFCGEOMETRICREPRESENTATIONCONTEXT($,'Model',3,1.0000000000000001E-05,#9,$);
#11=IFCGEOMETRICREPRESENTATIONSUBCONTEXT('Body','Model',*,*,*,*,#10,$,.MODEL_VIEW.,$);
#12=IFCGEOMETRICREPRESENTATIONSUBCONTEXT('Axis','Model',*,*,*,*,#10,$,.GRAPH_VIEW.,$);
#13=IFCGEOMETRICREPRESENTATIONSUBCONTEXT('Box','Model',*,*,*,*,#10,$,.MODEL_VIEW.,$);
#14=IFCGEOMETRICREPRESENTATIONSUBCONTEXT('Annotation','Model',*,*,*,*,#10,$,.SECTION_VIEW.,$);
#15=IFCGEOMETRICREPRESENTATIONSUBCONTEXT('Annotation','Model',*,*,*,*,#10,$,.ELEVATION_VIEW.,$);
#16=IFCGEOMETRICREPRESENTATIONSUBCONTEXT('Annotation','Model',*,*,*,*,#10,$,.MODEL_VIEW.,$);
#17=IFCGEOMETRICREPRESENTATIONSUBCONTEXT('Annotation','Model',*,*,*,*,#10,$,.PLAN_VIEW.,$);
#18=IFCGEOMETRICREPRESENTATIONSUBCONTEXT('Profile','Model',*,*,*,*,#10,$,.ELEVATION_VIEW.,$);
#19=IFCCARTESIANPOINT((0.,0.));
#20=IFCDIRECTION((1.,0.));
#21=IFCAXIS2PLACEMENT2D(#19,#20);
#22=IFCGEOMETRICREPRESENTATIONCONTEXT($,'Plan',2,1.0000000000000001E-05,#21,$);
#23=IFCGEOMETRICREPRESENTATIONSUBCONTEXT('Axis','Plan',*,*,*,*,#22,$,.GRAPH_VIEW.,$);
#24=IFCGEOMETRICREPRESENTATIONSUBCONTEXT('Body','Plan',*,*,*,*,#22,$,.PLAN_VIEW.,$);
#25=IFCGEOMETRICREPRESENTATIONSUBCONTEXT('Annotation','Plan',*,*,*,*,#22,$,.PLAN_VIEW.,$);
#26=IFCGEOMETRICREPRESENTATIONSUBCONTEXT('Annotation','Plan',*,*,*,*,#22,$,.REFLECTED_PLAN_VIEW.,$);
#27=IFCSITE('0ZReE8$oL2duguZBO5lG2B',$,'My Site',$,$,#50,$,$,$,$,$,$,$,$);
#33=IFCBUILDING('1rmzABGRz7eBCQ52glQxhQ',$,'My Building',$,$,#56,$,$,$,$,$,$);
#39=IFCBUILDINGSTOREY('0YDL9g9lv6zQVKxu$CMLWE',$,'2F',$,$,#6485,$,$,$,$);
#45=IFCRELAGGREGATES('3w5mYCOLz2KxYQb8_$CHVK',$,$,$,#1,(#27));
#46=IFCCARTESIANPOINT((0.,0.,0.));
#47=IFCDIRECTION((0.,0.,1.));
#48=IFCDIRECTION((1.,0.,0.));
#49=IFCAXIS2PLACEMENT3D(#46,#47,#48);
#50=IFCLOCALPLACEMENT($,#49);
#51=IFCRELAGGREGATES('2Sy__d4iHAfPPgf00Mj62h',$,$,$,#27,(#33));
#52=IFCCARTESIANPOINT((0.,0.,0.));
#53=IFCDIRECTION((0.,0.,1.));
#54=IFCDIRECTION((1.,0.,0.));
#55=IFCAXIS2PLACEMENT3D(#52,#53,#54);
#56=IFCLOCALPLACEMENT(#50,#55);
#57=IFCRELAGGREGATES('1Ax5JVbFn4_9OrTSm7TERT',$,$,$,#33,(#11527,#39,#63));
#63=IFCBUILDINGSTOREY('1hXsJtc419q8AHgI85YFtF',$,'GF',$,$,#79,$,$,$,$);
#75=IFCCARTESIANPOINT((0.,0.,0.));
#76=IFCDIRECTION((0.,0.,1.));
#77=IFCDIRECTION((1.,0.,0.));
#78=IFCAXIS2PLACEMENT3D(#75,#76,#77);
#79=IFCLOCALPLACEMENT(#56,#78);
#80=IFCWALLTYPE('2Q4RLf1ff0$wIGCMTI0lei',$,'Wall',$,$,(#85),$,$,$,.SOLIDWALL.);
#81=IFCMATERIAL('Unknown',$,$);
#82=IFCMATERIALLAYERSET((#84),$,$);
#83=IFCRELASSOCIATESMATERIAL('2SITGHacT7yx7cN9xEcJ4C',$,$,$,(#80),#82);
#84=IFCMATERIALLAYER(#81,0.10000000000000001,$,$,$,$,$);
#85=IFCPROPERTYSET('3qn$zhUaz7egp_9ERxyVs4',$,'EPset_Parametric',$,(#86));
#86=IFCPROPERTYSINGLEVALUE('LayerSetDirection',$,IFCLABEL('AXIS2'),$);
#87=IFCWALL('1ZVXZxFEX119inPKp1Rk4B',$,'Wall',$,$,#1413,#95,$,$);
#88=IFCRELCONTAINEDINSPATIALSTRUCTURE('0uhwc6nMLB5BStFEEwu7yf',$,$,$,(#4170,#15705,#17012,#14556,#305,#558,#15678,#87,#153,#419,#4691,#16206,#13673,#2347,#16424,#267,#14344,#14322,#14905,#3229,#533,#13427,#4376,#16721,#887,#5529,#14971,#16584,#16606,#16672,#16694,#17123,#17277,#229,#14724,#495,#759,#13357,#17079,#17101,#17145,#17211,#17233,#16469,#16513,#16535,#16557,#14869,#16447,#343,#15190,#1716,#862,#6151,#457,#16491),#63);
#89=IFCRELDEFINESBYTYPE('2xxaN59EDD2urUd_dMyXQs',$,$,$,(#7272,#887,#305,#558,#229,#87,#7746,#153,#7627,#7310,#7101,#495,#7013,#419,#759,#7234,#6975,#6937,#267,#343,#7051,#7589,#862,#7348,#13196,#533,#457,#7076),#80);
#90=IFCMATERIALLAYERSETUSAGE(#82,.AXIS2.,.POSITIVE.,0.,$);
#91=IFCRELASSOCIATESMATERIAL('17RB38M2bE9AtWb5o9ZyjP',$,$,$,(#87),#90);
#95=IFCPRODUCTDEFINITIONSHAPE($,$,(#1472,#1469));
#111=IFCPROPERTYSET('1vUcXMtgP06eFyIS98kxTL',$,'EPset_Parametric',$,(#113));
#112=IFCRELDEFINESBYPROPERTIES('0XvZAovA1B4B$MVgfK5iqz',$,$,$,(#87),#111);
#113=IFCPROPERTYSINGLEVALUE('Engine',$,IFCLABEL('Bonsai.DumbLayer2'),$);
#153=IFCWALL('0nxhp4B_P5axeYgjXZi0eT',$,'Wall',$,$,#1490,#159,$,$);
#154=IFCMATERIALLAYERSETUSAGE(#82,.AXIS2.,.POSITIVE.,0.,$);
#155=IFCRELASSOCIATESMATERIAL('3EXYyNC_L9sx_JPC9CAANL',$,$,$,(#153),#154);
#159=IFCPRODUCTDEFINITIONSHAPE($,$,(#1485,#1482));
#175=IFCPROPERTYSET('1NioMI6LfCRRfSgP8cBAJN',$,'EPset_Parametric',$,(#177));
#176=IFCRELDEFINESBYPROPERTIES('2F25izQr958RJvHTyRcajF',$,$,$,(#153),#175);
#177=IFCPROPERTYSINGLEVALUE('Engine',$,IFCLABEL('Bonsai.DumbLayer2'),$);
#229=IFCWALL('1pL8xhq1v05OdLzdxfAe5w',$,'Wall',$,$,#1445,#235,$,$);
#230=IFCMATERIALLAYERSETUSAGE(#82,.AXIS2.,.POSITIVE.,0.,$);
#231=IFCRELASSOCIATESMATERIAL('2uafJSvoPDvwyQ6LSg3Cab',$,$,$,(#229),#230);
#235=IFCPRODUCTDEFINITIONSHAPE($,$,(#16400,#16397));
#251=IFCPROPERTYSET('2vrWyBtXHFmhmxel5SuvTM',$,'EPset_Parametric',$,(#253));
#252=IFCRELDEFINESBYPROPERTIES('1WDZ4AeUL3OhuvlELxu6lU',$,$,$,(#229),#251);
#253=IFCPROPERTYSINGLEVALUE('Engine',$,IFCLABEL('Bonsai.DumbLayer2'),$);
#267=IFCWALL('3nLtxCUvfFhB21d_YBkt2I',$,'Wall',$,$,#16418,#273,$,$);
#268=IFCMATERIALLAYERSETUSAGE(#82,.AXIS2.,.POSITIVE.,0.,$);
#269=IFCRELASSOCIATESMATERIAL('3rlxTr2m91CeDYTep1KKGg',$,$,$,(#267),#268);
#273=IFCPRODUCTDEFINITIONSHAPE($,$,(#16413,#16410));
#289=IFCPROPERTYSET('3gi92lPYP6ZwewO6jtzR3o',$,'EPset_Parametric',$,(#291));
#290=IFCRELDEFINESBYPROPERTIES('0wnEILqnH9RQsFxg1nHtJg',$,$,$,(#267),#289);
#291=IFCPROPERTYSINGLEVALUE('Engine',$,IFCLABEL('Bonsai.DumbLayer2'),$);
#305=IFCWALL('2F7KP3Bf98t9cq5kf_6avn',$,'Wall',$,$,#16322,#311,$,$);
#306=IFCMATERIALLAYERSETUSAGE(#82,.AXIS2.,.POSITIVE.,0.,$);
#307=IFCRELASSOCIATESMATERIAL('1nGlrAS_b7WgSfTE$WQA1H',$,$,$,(#305),#306);
#311=IFCPRODUCTDEFINITIONSHAPE($,$,(#16386,#16383));
#327=IFCPROPERTYSET('1p3l53iOz0cABUpu9NAiWf',$,'EPset_Parametric',$,(#329));
#328=IFCRELDEFINESBYPROPERTIES('2YIQ0BJCz4u8y10RPP2Xqa',$,$,$,(#305),#327);
#329=IFCPROPERTYSINGLEVALUE('Engine',$,IFCLABEL('Bonsai.DumbLayer2'),$);
#343=IFCWALL('10W1bYlZHCdRg1o2wYCKPf',$,'Wall',$,$,#1677,#349,$,$);
#344=IFCMATERIALLAYERSETUSAGE(#82,.AXIS2.,.POSITIVE.,0.,$);
#345=IFCRELASSOCIATESMATERIAL('3vD1hl1nTBoPvHj9TCWNe3',$,$,$,(#343),#344);
#349=IFCPRODUCTDEFINITIONSHAPE($,$,(#1672,#1669));
#365=IFCPROPERTYSET('1iVNgEUYHF_w_Sa8uvlH5w',$,'EPset_Parametric',$,(#367));
#366=IFCRELDEFINESBYPROPERTIES('3h1Cv6YRr03h8tZZ08vA8_',$,$,$,(#343),#365);
#367=IFCPROPERTYSINGLEVALUE('Engine',$,IFCLABEL('Bonsai.DumbLayer2'),$);
#419=IFCWALL('2zMzOhVS5AkgfQ0GXPTmh2',$,'Wall',$,$,#1613,#425,$,$);
#420=IFCMATERIALLAYERSETUSAGE(#82,.AXIS2.,.POSITIVE.,0.,$);
#421=IFCRELASSOCIATESMATERIAL('33YlWsizbAOQtcneJvfK2p',$,$,$,(#419),#420);
#425=IFCPRODUCTDEFINITIONSHAPE($,$,(#3601,#3598));
#441=IFCPROPERTYSET('3pEf4zksj5ph6Ue10VrI17',$,'EPset_Parametric',$,(#443));
#442=IFCRELDEFINESBYPROPERTIES('20RAmN8wHEkx22rXouvkbw',$,$,$,(#419),#441);
#443=IFCPROPERTYSINGLEVALUE('Engine',$,IFCLABEL('Bonsai.DumbLayer2'),$);
#457=IFCWALL('2G_PEw5GvFCPrXKbblM8ta',$,'Wall',$,$,#1568,#463,$,$);
#458=IFCMATERIALLAYERSETUSAGE(#82,.AXIS2.,.POSITIVE.,0.,$);
#459=IFCRELASSOCIATESMATERIAL('0bKl$qufjBeBRk8WK9xbeV',$,$,$,(#457),#458);
#463=IFCPRODUCTDEFINITIONSHAPE($,$,(#1645,#1642));
#479=IFCPROPERTYSET('3y7_UqbTb97huIlpg0S4VP',$,'EPset_Parametric',$,(#481));
#480=IFCRELDEFINESBYPROPERTIES('1w1LvsbsbAIvO0I5_E2AM1',$,$,$,(#457),#479);
#481=IFCPROPERTYSINGLEVALUE('Engine',$,IFCLABEL('Bonsai.DumbLayer2'),$);
#495=IFCWALL('2RChkAbTrCMunkySEoapOz',$,'Wall',$,$,#1522,#501,$,$);
#496=IFCMATERIALLAYERSETUSAGE(#82,.AXIS2.,.POSITIVE.,0.,$);
#497=IFCRELASSOCIATESMATERIAL('1pGmPplSDEuAphXQkIMDPQ',$,$,$,(#495),#496);
#501=IFCPRODUCTDEFINITIONSHAPE($,$,(#1517,#1514));
#517=IFCPROPERTYSET('1WAak7DGr0oB_kDMVXcF5y',$,'EPset_Parametric',$,(#519));
#518=IFCRELDEFINESBYPROPERTIES('3gnUBeWPD19AFrztP29zji',$,$,$,(#495),#517);
#519=IFCPROPERTYSINGLEVALUE('Engine',$,IFCLABEL('Bonsai.DumbLayer2'),$);
#533=IFCWALL('03eZKy_hv4WAfcA6nTXcv7',$,'Wall',$,$,#1632,#539,$,$);
#534=IFCMATERIALLAYERSETUSAGE(#82,.AXIS2.,.POSITIVE.,0.,$);
#535=IFCRELASSOCIATESMATERIAL('1aDDwXUQPFIBez_EQFtKGP',$,$,$,(#533),#534);
#539=IFCPRODUCTDEFINITIONSHAPE($,$,(#3534,#3531));
#555=IFCPROPERTYSET('1r6uFQ$nD5bgd1iINtcq1g',$,'EPset_Parametric',$,(#557));
#556=IFCRELDEFINESBYPROPERTIES('3STgIhge9DuhsJgkjRTqTA',$,$,$,(#533),#555);
#557=IFCPROPERTYSINGLEVALUE('Engine',$,IFCLABEL('Bonsai.DumbLayer2'),$);
#558=IFCWALL('1Z2_oLLsfDyu44jqyYFMEM',$,'Wall',$,$,#569,#564,$,$);
#559=IFCMATERIALLAYERSETUSAGE(#82,.AXIS2.,.POSITIVE.,0.,$);
#560=IFCRELASSOCIATESMATERIAL('2OiU$vxtb9Lf1nIJoCDAuW',$,$,$,(#558),#559);
#564=IFCPRODUCTDEFINITIONSHAPE($,$,(#1536,#1533));
#565=IFCCARTESIANPOINT((0.31748369336128235,2.6359767913818359,0.));
#566=IFCDIRECTION((0.,0.,1.));
#567=IFCDIRECTION((-0.99999999999998868,-1.5099580252808492E-07,0.));
#568=IFCAXIS2PLACEMENT3D(#565,#566,#567);
#569=IFCLOCALPLACEMENT(#79,#568);
#580=IFCPROPERTYSET('0aI2VaWgj4RBO83JpA0Ewv',$,'EPset_Parametric',$,(#582));
#581=IFCRELDEFINESBYPROPERTIES('268IIY2K1C_vvW8qfRxzkT',$,$,$,(#558),#580);
#582=IFCPROPERTYSINGLEVALUE('Engine',$,IFCLABEL('Bonsai.DumbLayer2'),$);
#732=IFCRELCONNECTSPATHELEMENTS('0c9PpXOF1CXQEdmhm0HBK9',$,$,$,$,#558,#343,(),(),.ATPATH.,.ATEND.);
#759=IFCWALL('03uKzJm9jEfgZvzon8MWyN',$,'Wall',$,$,#1011,#765,$,$);
#760=IFCMATERIALLAYERSETUSAGE(#82,.AXIS2.,.POSITIVE.,0.,$);
#761=IFCRELASSOCIATESMATERIAL('1vLbvkD$jABeIInK1EhQ8d',$,$,$,(#759),#760);
#765=IFCPRODUCTDEFINITIONSHAPE($,$,(#1066,#1063));
#781=IFCPROPERTYSET('3Q42qV5nn3CfIc82y6kmt3',$,'EPset_Parametric',$,(#783));
#782=IFCRELDEFINESBYPROPERTIES('1wZN5g0an6eOHWSoB6Z6DN',$,$,$,(#759),#781);
#783=IFCPROPERTYSINGLEVALUE('Engine',$,IFCLABEL('Bonsai.DumbLayer2'),$);
#797=IFCRELCONNECTSPATHELEMENTS('3CJtUGy8L5DxVuz4N7G$xG',$,$,$,$,#759,#305,(),(),.ATPATH.,.ATEND.);
#862=IFCWALL('0HpfusQrfFluBK7tplg$9H',$,'Wall',$,$,#16346,#868,$,$);
#863=IFCMATERIALLAYERSETUSAGE(#82,.AXIS2.,.POSITIVE.,0.,$);
#864=IFCRELASSOCIATESMATERIAL('0nkjC8upz4hxNBKLV2HfxO',$,$,$,(#862),#863);
#868=IFCPRODUCTDEFINITIONSHAPE($,$,(#16341,#16338));
#884=IFCPROPERTYSET('1dKjpzDQn2kvxGzv_mW6g7',$,'EPset_Parametric',$,(#886));
#885=IFCRELDEFINESBYPROPERTIES('1wQwOaXRz2mPvK8E651w8A',$,$,$,(#862),#884);
#886=IFCPROPERTYSINGLEVALUE('Engine',$,IFCLABEL('Bonsai.DumbLayer2'),$);
#887=IFCWALL('3HswZVCDnAx8prsAskR_ec',$,'Wall',$,$,#1709,#893,$,$);
#888=IFCMATERIALLAYERSETUSAGE(#82,.AXIS2.,.POSITIVE.,0.,$);
#889=IFCRELASSOCIATESMATERIAL('0rERLm6sb8LeeyYPQunl4K',$,$,$,(#887),#888);
#893=IFCPRODUCTDEFINITIONSHAPE($,$,(#1704,#1701));
#909=IFCPROPERTYSET('14PWoSIiT2LuBpKyl4h_$e',$,'EPset_Parametric',$,(#911));
#910=IFCRELDEFINESBYPROPERTIES('2i6JJkcG9ApOPiNNRxJXCy',$,$,$,(#887),#909);
#911=IFCPROPERTYSINGLEVALUE('Engine',$,IFCLABEL('Bonsai.DumbLayer2'),$);
#1007=IFCCARTESIANPOINT((-1.1840511560440063,2.6359767913818359,0.));
#1008=IFCDIRECTION((0.,0.,1.));
#1009=IFCDIRECTION((1.9470718370939353E-07,0.99999999999998113,0.));
#1010=IFCAXIS2PLACEMENT3D(#1007,#1008,#1009);
#1011=IFCLOCALPLACEMENT(#79,#1010);
#1017=IFCRELCONNECTSPATHELEMENTS('0BE6dEj7DFJufLzGoHyAVE',$,$,$,$,#887,#759,(),(),.ATPATH.,.ATEND.);
#1054=IFCCARTESIANPOINTLIST2D(((0.,0.),(0.,0.10000000000000001),(2.2999997878615126,0.10000000000000001),(2.2999997985899534,0.)));
#1055=IFCINDEXEDPOLYCURVE(#1054,(IFCLINEINDEX((1,2,3,4,1))),$);
#1056=IFCARBITRARYCLOSEDPROFILEDEF(.AREA.,$,#1055);
#1057=IFCCARTESIANPOINT((0.,0.,0.));
#1058=IFCDIRECTION((0.,0.,1.));
#1059=IFCDIRECTION((1.,0.,0.));
#1060=IFCAXIS2PLACEMENT3D(#1057,#1058,#1059);
#1061=IFCDIRECTION((0.,0.,1.));
#1062=IFCEXTRUDEDAREASOLID(#1056,#1060,#1061,3.);
#1063=IFCSHAPEREPRESENTATION(#11,'Body','SweptSolid',(#1062));
#1064=IFCCARTESIANPOINTLIST2D(((0.,0.),(2.3999997985899539,0.)));
#1065=IFCINDEXEDPOLYCURVE(#1064,$,$);
#1066=IFCSHAPEREPRESENTATION(#23,'Axis','Curve2D',(#1065));
#1395=IFCRELCONNECTSPATHELEMENTS('3VfXyzaq91bvdN6WHA_CNn',$,$,$,$,#87,#419,(),(),.ATEND.,.ATSTART.);
#1409=IFCCARTESIANPOINT((0.21748337810132401,-2.5901062488555908,0.));
#1410=IFCDIRECTION((0.,0.,1.));
#1411=IFCDIRECTION((1.,0.,0.));
#1412=IFCAXIS2PLACEMENT3D(#1409,#1410,#1411);
#1413=IFCLOCALPLACEMENT(#79,#1412);
#1427=IFCRELCONNECTSPATHELEMENTS('0BG8OWXeH2m9TqgI5uDiQt',$,$,$,$,#229,#153,(),(),.ATEND.,.ATSTART.);
#1441=IFCCARTESIANPOINT((4.2255899623910382,6.5099196434022062,0.));
#1442=IFCDIRECTION((0.,0.,1.));
#1443=IFCDIRECTION((-0.99999999999999623,8.7422776573475527E-08,0.));
#1444=IFCAXIS2PLACEMENT3D(#1441,#1442,#1443);
#1445=IFCLOCALPLACEMENT(#79,#1444);
#1459=IFCRELCONNECTSPATHELEMENTS('06Z4EWJYrDiQd0kYfjVfJx',$,$,$,$,#87,#153,(),(),.ATSTART.,.ATEND.);
#1460=IFCCARTESIANPOINTLIST2D(((0.,0.),(0.10000000437113894,0.10000000000000001),(3.9081059048066473,0.10000000000000001),(4.0081058972568577,0.)));
#1461=IFCINDEXEDPOLYCURVE(#1460,(IFCLINEINDEX((1,2,3,4,1))),$);
#1462=IFCARBITRARYCLOSEDPROFILEDEF(.AREA.,$,#1461);
#1463=IFCCARTESIANPOINT((0.,0.,0.));
#1464=IFCDIRECTION((0.,0.,1.));
#1465=IFCDIRECTION((1.,0.,0.));
#1466=IFCAXIS2PLACEMENT3D(#1463,#1464,#1465);
#1467=IFCDIRECTION((0.,0.,1.));
#1468=IFCEXTRUDEDAREASOLID(#1462,#1466,#1467,3.);
#1469=IFCSHAPEREPRESENTATION(#11,'Body','SweptSolid',(#1468));
#1470=IFCCARTESIANPOINTLIST2D(((0.,0.),(4.0081058972568577,0.)));
#1471=IFCINDEXEDPOLYCURVE(#1470,$,$);
#1472=IFCSHAPEREPRESENTATION(#23,'Axis','Curve2D',(#1471));
#1473=IFCCARTESIANPOINTLIST2D(((0.,0.),(0.099999992450210157,0.10000000000000001),(9.0000258934503101,0.10000000000000001),(9.1000258922578219,0.)));
#1474=IFCINDEXEDPOLYCURVE(#1473,(IFCLINEINDEX((1,2,3,4,1))),$);
#1475=IFCARBITRARYCLOSEDPROFILEDEF(.AREA.,$,#1474);
#1476=IFCCARTESIANPOINT((0.,0.,0.));
#1477=IFCDIRECTION((0.,0.,1.));
#1478=IFCDIRECTION((1.,0.,0.));
#1479=IFCAXIS2PLACEMENT3D(#1476,#1477,#1478);
#1480=IFCDIRECTION((0.,0.,1.));
#1481=IFCEXTRUDEDAREASOLID(#1475,#1479,#1480,3.);
#1482=IFCSHAPEREPRESENTATION(#11,'Body','SweptSolid',(#1481));
#1483=IFCCARTESIANPOINTLIST2D(((0.,0.),(9.1000258922578219,0.)));
#1484=IFCINDEXEDPOLYCURVE(#1483,$,$);
#1485=IFCSHAPEREPRESENTATION(#23,'Axis','Curve2D',(#1484));
#1486=IFCCARTESIANPOINT((4.2255892753581819,-2.5901062488555913,0.));
#1487=IFCDIRECTION((0.,0.,1.));
#1488=IFCDIRECTION((7.5497901264043123E-08,0.99999999999999722,0.));
#1489=IFCAXIS2PLACEMENT3D(#1486,#1487,#1488);
#1490=IFCLOCALPLACEMENT(#79,#1489);
#1505=IFCCARTESIANPOINTLIST2D(((0.,0.),(0.10000000437113893,0.10000000000000001),(1.5711382078026741,0.10000000000000001),(1.5711382078026741,0.)));
#1506=IFCINDEXEDPOLYCURVE(#1505,(IFCLINEINDEX((1,2,3,4,1))),$);
#1507=IFCARBITRARYCLOSEDPROFILEDEF(.AREA.,$,#1506);
#1508=IFCCARTESIANPOINT((0.,0.,0.));
#1509=IFCDIRECTION((0.,0.,1.));
#1510=IFCDIRECTION((1.,0.,0.));
#1511=IFCAXIS2PLACEMENT3D(#1508,#1509,#1510);
#1512=IFCDIRECTION((0.,0.,1.));
#1513=IFCEXTRUDEDAREASOLID(#1507,#1511,#1512,3.);
#1514=IFCSHAPEREPRESENTATION(#11,'Body','SweptSolid',(#1513));
#1515=IFCCARTESIANPOINTLIST2D(((0.,0.),(1.5711382078026741,0.)));
#1516=IFCINDEXEDPOLYCURVE(#1515,$,$);
#1517=IFCSHAPEREPRESENTATION(#23,'Axis','Curve2D',(#1516));
#1518=IFCCARTESIANPOINT((0.77559113502501675,6.5099199450106831,0.));
#1519=IFCDIRECTION((0.,0.,1.));
#1520=IFCDIRECTION((-4.3711388286737889E-08,-0.99999999999999911,0.));
#1521=IFCAXIS2PLACEMENT3D(#1518,#1519,#1520);
#1522=IFCLOCALPLACEMENT(#79,#1521);
#1523=IFCRELCONNECTSPATHELEMENTS('2Igl5_XY95eexUji96k1Sb',$,$,$,$,#558,#533,(),(),.ATEND.,.ATSTART.);
#1524=IFCCARTESIANPOINTLIST2D(((0.,0.),(0.10000002264937295,0.10000000000000001),(2.9918920900419637,0.10000000000000001),(2.9918920824921735,0.)));
#1525=IFCINDEXEDPOLYCURVE(#1524,(IFCLINEINDEX((1,2,3,4,1))),$);
#1526=IFCARBITRARYCLOSEDPROFILEDEF(.AREA.,$,#1525);
#1527=IFCCARTESIANPOINT((0.,0.,0.));
#1528=IFCDIRECTION((0.,0.,1.));
#1529=IFCDIRECTION((1.,0.,0.));
#1530=IFCAXIS2PLACEMENT3D(#1527,#1528,#1529);
#1531=IFCDIRECTION((0.,0.,1.));
#1532=IFCEXTRUDEDAREASOLID(#1526,#1530,#1531,3.);
#1533=IFCSHAPEREPRESENTATION(#11,'Body','SweptSolid',(#1532));
#1534=IFCCARTESIANPOINTLIST2D(((0.,0.),(3.0918920824921736,0.)));
#1535=IFCINDEXEDPOLYCURVE(#1534,$,$);
#1536=IFCSHAPEREPRESENTATION(#23,'Axis','Curve2D',(#1535));
#1550=IFCRELCONNECTSPATHELEMENTS('0FD1yQSs57RBDbqkNDLDiq',$,$,$,$,#457,#343,(),(),.ATEND.,.ATSTART.);
#1564=IFCCARTESIANPOINT((-2.774408190058482,-0.11402320861816406,0.));
#1565=IFCDIRECTION((0.,0.,1.));
#1566=IFCDIRECTION((1.,0.,0.));
#1567=IFCAXIS2PLACEMENT3D(#1564,#1565,#1566);
#1568=IFCLOCALPLACEMENT(#79,#1567);
#1609=IFCCARTESIANPOINT((0.21748348633435122,-0.11402320861816408,0.));
#1610=IFCDIRECTION((0.,0.,1.));
#1611=IFCDIRECTION((-4.3711388286737889E-08,-0.99999999999999911,0.));
#1612=IFCAXIS2PLACEMENT3D(#1609,#1610,#1611);
#1613=IFCLOCALPLACEMENT(#79,#1612);
#1628=IFCCARTESIANPOINT((0.31748347719523484,-0.11402320861816406,0.));
#1629=IFCDIRECTION((0.,0.,1.));
#1630=IFCDIRECTION((7.5497901264043123E-08,0.99999999999999722,0.));
#1631=IFCAXIS2PLACEMENT3D(#1628,#1629,#1630);
#1632=IFCLOCALPLACEMENT(#79,#1631);
#1633=IFCCARTESIANPOINTLIST2D(((0.,0.),(0.099999992450210171,0.10000000000000001),(3.0918916807639722,0.10000000000000001),(2.9918916763928332,0.)));
#1634=IFCINDEXEDPOLYCURVE(#1633,(IFCLINEINDEX((1,2,3,4,1))),$);
#1635=IFCARBITRARYCLOSEDPROFILEDEF(.AREA.,$,#1634);
#1636=IFCCARTESIANPOINT((0.,0.,0.));
#1637=IFCDIRECTION((0.,0.,1.));
#1638=IFCDIRECTION((1.,0.,0.));
#1639=IFCAXIS2PLACEMENT3D(#1636,#1637,#1638);
#1640=IFCDIRECTION((0.,0.,1.));
#1641=IFCEXTRUDEDAREASOLID(#1635,#1639,#1640,3.);
#1642=IFCSHAPEREPRESENTATION(#11,'Body','SweptSolid',(#1641));
#1643=IFCCARTESIANPOINTLIST2D(((0.,0.),(2.9918916763928332,0.)));
#1644=IFCINDEXEDPOLYCURVE(#1643,$,$);
#1645=IFCSHAPEREPRESENTATION(#23,'Axis','Curve2D',(#1644));
#1646=IFCRELCONNECTSPATHELEMENTS('1NWz$HCpLE5AulDArSHhtc',$,$,$,$,#305,#343,(),(),.ATSTART.,.ATEND.);
#1660=IFCCARTESIANPOINTLIST2D(((0.,0.),(0.10000001629206913,0.10000000000000001),(5.0499999451732149,0.10000000000000001),(5.1499999376234253,0.)));
#1661=IFCINDEXEDPOLYCURVE(#1660,(IFCLINEINDEX((1,2,3,4,1))),$);
#1662=IFCARBITRARYCLOSEDPROFILEDEF(.AREA.,$,#1661);
#1663=IFCCARTESIANPOINT((0.,0.,0.));
#1664=IFCDIRECTION((0.,0.,1.));
#1665=IFCDIRECTION((1.,0.,0.));
#1666=IFCAXIS2PLACEMENT3D(#1663,#1664,#1665);
#1667=IFCDIRECTION((0.,0.,1.));
#1668=IFCEXTRUDEDAREASOLID(#1662,#1666,#1667,3.);
#1669=IFCSHAPEREPRESENTATION(#11,'Body','SweptSolid',(#1668));
#1670=IFCCARTESIANPOINTLIST2D(((0.,0.),(5.1499999376234253,0.)));
#1671=IFCINDEXEDPOLYCURVE(#1670,$,$);
#1672=IFCSHAPEREPRESENTATION(#23,'Axis','Curve2D',(#1671));
#1673=IFCCARTESIANPOINT((-2.7744085788726687,5.0359767290052471,0.));
#1674=IFCDIRECTION((0.,0.,1.));
#1675=IFCDIRECTION((7.5497901264043123E-08,-0.99999999999999722,0.));
#1676=IFCAXIS2PLACEMENT3D(#1673,#1674,#1675);
#1677=IFCLOCALPLACEMENT(#79,#1676);
#1678=IFCRELCONNECTSPATHELEMENTS('1pZallkE911v_HOoQo_PCR',$,$,$,$,#862,#887,(),(),.ATSTART.,.ATEND.);
#1692=IFCCARTESIANPOINTLIST2D(((0.,0.),(-0.10000005841217217,0.10000000000000001),(1.9596426724126998,0.10000000000000001),(1.9596426918834182,0.)));
#1693=IFCINDEXEDPOLYCURVE(#1692,(IFCLINEINDEX((1,2,3,4,1))),$);
#1694=IFCARBITRARYCLOSEDPROFILEDEF(.AREA.,$,#1693);
#1695=IFCCARTESIANPOINT((0.,0.,0.));
#1696=IFCDIRECTION((0.,0.,1.));
#1697=IFCDIRECTION((1.,0.,0.));
#1698=IFCAXIS2PLACEMENT3D(#1695,#1696,#1697);
#1699=IFCDIRECTION((0.,0.,1.));
#1700=IFCEXTRUDEDAREASOLID(#1694,#1698,#1699,3.);
#1701=IFCSHAPEREPRESENTATION(#11,'Body','SweptSolid',(#1700));
#1702=IFCCARTESIANPOINTLIST2D(((0.,0.),(1.9596426918834182,0.)));
#1703=IFCINDEXEDPOLYCURVE(#1702,$,$);
#1704=IFCSHAPEREPRESENTATION(#23,'Axis','Curve2D',(#1703));
#1705=IFCCARTESIANPOINT((0.77559171537367388,3.5580499172210058,0.));
#1706=IFCDIRECTION((0.,0.,1.));
#1707=IFCDIRECTION((-0.99999999999992428,3.8941436741876494E-07,0.));
#1708=IFCAXIS2PLACEMENT3D(#1705,#1706,#1707);
#1709=IFCLOCALPLACEMENT(#79,#1708);
#1710=IFCSLABTYPE('0YlRSkv_L3DPTjOm$7hE7n',$,'Slab',$,$,(#1714),$,$,$,.FLOOR.);
#1711=IFCMATERIALLAYERSET((#1713),$,$);
#1712=IFCRELASSOCIATESMATERIAL('01eVa2a5z7$RbhOFah9dRL',$,$,$,(#1710),#1711);
#1713=IFCMATERIALLAYER(#81,0.10000000000000001,$,$,$,$,$);
#1714=IFCPROPERTYSET('3dWHBqiLjD7QGzeajjrSap',$,'EPset_Parametric',$,(#1715));
#1715=IFCPROPERTYSINGLEVALUE('LayerSetDirection',$,IFCLABEL('AXIS3'),$);
#1716=IFCSLAB('14$_WsvbL5mwU01vOVEDW7',$,'Slab',$,$,#1724,#1731,$,$);
#1717=IFCRELDEFINESBYTYPE('3DdB6fyJz5Gfclo_FFoOCz',$,$,$,(#7848,#1716),#1710);
#1718=IFCMATERIALLAYERSETUSAGE(#1711,.AXIS3.,.POSITIVE.,-0.10000000149011612,$);
#1719=IFCRELASSOCIATESMATERIAL('25YkwRjgLAjv19cUkGWVSo',$,$,$,(#1716),#1718);
#1720=IFCCARTESIANPOINT((4.2255892753601074,-2.5901062488555908,0.));
#1721=IFCDIRECTION((0.,0.,1.));
#1722=IFCDIRECTION((1.,0.,0.));
#1723=IFCAXIS2PLACEMENT3D(#1720,#1721,#1722);
#1724=IFCLOCALPLACEMENT(#79,#1723);
#1725=IFCCARTESIANPOINTLIST2D(((0.,0.),(1.9073486328125E-06,9.1000261306762695),(-3.4499983787536621,9.1000261306762695),(-3.4508466720581055,7.6260824203491211),(-7.0000033378601074,7.6260824203491211),(-7.0000038146972656,2.4760925769805908),(-4.0078768730163574,2.4760928153991699),(-4.0078768730163574,1.8358230590820312E-05),(0.,0.)));
#1726=IFCINDEXEDPOLYCURVE(#1725,$,$);
#1727=IFCDIRECTION((0.,0.,1.));
#1728=IFCARBITRARYCLOSEDPROFILEDEF(.AREA.,$,#1726);
#1729=IFCEXTRUDEDAREASOLID(#1728,#1738,#1727,0.10000000000000001);
#1730=IFCSHAPEREPRESENTATION(#11,'Body','SweptSolid',(#1729));
#1731=IFCPRODUCTDEFINITIONSHAPE($,$,(#1730));
#1732=IFCPROPERTYSET('30eaC$y11DggTSl6FuPIYv',$,'EPset_Parametric',$,(#1734));
#1733=IFCRELDEFINESBYPROPERTIES('2vfdFwyH99qPy_MbCB7R5Z',$,$,$,(#1716),#1732);
#1734=IFCPROPERTYSINGLEVALUE('Engine',$,IFCLABEL('Bonsai.DumbLayer3'),$);
#1735=IFCCARTESIANPOINT((-0.,-0.,-0.10000000149011612));
#1736=IFCDIRECTION((0.,0.,1.));
#1737=IFCDIRECTION((1.,0.,0.));
#1738=IFCAXIS2PLACEMENT3D(#1735,#1736,#1737);
#1739=IFCDOORTYPE('29OvIE5kf0wQAuQPM2KN9e',$,'Main-GF',$,$,(#1740),(#1749,#1827,#1846),$,$,.DOOR.,.SINGLE_SWING_LEFT.,$,$);
#1740=IFCPROPERTYSET('2p3Rbs_sD6FQizyZexivNr',$,'BBIM_Door',$,(#1741));
#1741=IFCPROPERTYSINGLEVALUE('Data',$,IFCTEXT('{"door_type": "SINGLE_SWING_LEFT", "overall_height": 2.0, "overall_width": 0.8999999761581421, "lining_properties": {"lining_depth": 0.11558942496776581, "lining_thickness": 0.05000000074505806, "lining_offset": 0.0, "lining_to_panel_offset_x": 0.02500000037252903, "lining_to_panel_offset_y": 0.02500000037252903, "transom_thickness": 0.0, "casing_thickness": 0.07500000298023224, "casing_depth": 0.004999999888241291, "threshold_thickness": 0.02500000037252903, "threshold_depth": 0.10000000149011612, "threshold_offset": 0.0}, "panel_properties": {"panel_depth": 0.06607499718666077, "panel_width_ratio": 1.0}}'),$);
#1745=IFCCARTESIANPOINT((0.,0.,0.));
#1746=IFCDIRECTION((1.,0.,0.));
#1747=IFCDIRECTION((0.,0.,1.));
#1748=IFCAXIS2PLACEMENT3D(#1745,#1747,#1746);
#1749=IFCREPRESENTATIONMAP(#1748,#2151);
#1823=IFCCARTESIANPOINT((0.,0.,0.));
#1824=IFCDIRECTION((1.,0.,0.));
#1825=IFCDIRECTION((0.,0.,1.));
#1826=IFCAXIS2PLACEMENT3D(#1823,#1825,#1824);
#1827=IFCREPRESENTATIONMAP(#1826,#2224);
#1842=IFCCARTESIANPOINT((0.,0.,0.));
#1843=IFCDIRECTION((1.,0.,0.));
#1844=IFCDIRECTION((0.,0.,1.));
#1845=IFCAXIS2PLACEMENT3D(#1842,#1844,#1843);
#1846=IFCREPRESENTATIONMAP(#1845,#2238);
#2149=IFCCARTESIANPOINTLIST3D(((0.,0.,0.),(0.89999997615814209,0.,0.),(0.89999997615814209,0.,2.),(0.,0.,2.)));
#2150=IFCINDEXEDPOLYCURVE(#2149,(IFCLINEINDEX((1,2,3,4,1))),$);
#2151=IFCSHAPEREPRESENTATION(#18,'Profile','Curve3D',(#2150));
#2152=IFCCARTESIANPOINTLIST2D(((0.,0.),(0.,2.),(0.89999997615814209,2.),(0.89999997615814209,0.),(0.87499997578561306,0.),(0.87499997578561306,1.974999999627471),(0.02500000037252903,1.974999999627471),(0.02500000037252903,0.)));
#2153=IFCINDEXEDPOLYCURVE(#2152,(IFCLINEINDEX((1,2,3,4,5,6,7,8,1))),$);
#2154=IFCARBITRARYCLOSEDPROFILEDEF(.AREA.,$,#2153);
#2155=IFCCARTESIANPOINT((0.,0.02500000037252903,0.));
#2156=IFCDIRECTION((0.,-1.,0.));
#2157=IFCDIRECTION((1.,0.,0.));
#2158=IFCAXIS2PLACEMENT3D(#2155,#2156,#2157);
#2159=IFCDIRECTION((0.,0.,-1.));
#2160=IFCEXTRUDEDAREASOLID(#2154,#2158,#2159,0.090589424595236778);
#2161=IFCCARTESIANPOINTLIST2D(((0.,0.),(0.,2.),(0.89999997615814209,2.),(0.89999997615814209,0.),(0.84999997541308403,0.),(0.84999997541308403,1.9499999992549419),(0.05000000074505806,1.9499999992549419),(0.05000000074505806,0.)));
#2162=IFCINDEXEDPOLYCURVE(#2161,(IFCLINEINDEX((1,2,3,4,5,6,7,8,1))),$);
#2163=IFCARBITRARYCLOSEDPROFILEDEF(.AREA.,$,#2162);
#2164=IFCCARTESIANPOINT((0.,0.,0.));
#2165=IFCDIRECTION((0.,-1.,0.));
#2166=IFCDIRECTION((1.,0.,0.));
#2167=IFCAXIS2PLACEMENT3D(#2164,#2165,#2166);
#2168=IFCDIRECTION((0.,0.,-1.));
#2169=IFCEXTRUDEDAREASOLID(#2163,#2167,#2168,0.02500000037252903);
#2170=IFCCARTESIANPOINTLIST2D(((0.,0.),(0.79999997466802597,0.),(0.79999997466802597,0.10000000149011612),(0.,0.10000000149011612)));
#2171=IFCINDEXEDPOLYCURVE(#2170,(IFCLINEINDEX((1,2,3,4,1))),$);
#2172=IFCARBITRARYCLOSEDPROFILEDEF(.AREA.,$,#2171);
#2173=IFCCARTESIANPOINT((0.05000000074505806,0.,0.));
#2174=IFCDIRECTION((0.,0.,1.));
#2175=IFCDIRECTION((1.,0.,0.));
#2176=IFCAXIS2PLACEMENT3D(#2173,#2174,#2175);
#2177=IFCDIRECTION((0.,0.,1.));
#2178=IFCEXTRUDEDAREASOLID(#2172,#2176,#2177,0.02500000037252903);
#2179=IFCCARTESIANPOINTLIST2D(((0.,0.),(0.,2.0250000022351742),(0.94999998062849045,2.0250000022351742),(0.94999998062849045,0.),(0.87499997764825821,0.),(0.87499997764825821,1.9499999992549419),(0.075000002980232239,1.9499999992549419),(0.075000002980232239,0.)));
#2180=IFCINDEXEDPOLYCURVE(#2179,(IFCLINEINDEX((1,2,3,4,5,6,7,8,1))),$);
#2181=IFCARBITRARYCLOSEDPROFILEDEF(.AREA.,$,#2180);
#2182=IFCCARTESIANPOINT((-0.025000002235174179,-0.004999999888241291,0.));
#2183=IFCDIRECTION((0.,-1.,0.));
#2184=IFCDIRECTION((1.,0.,0.));
#2185=IFCAXIS2PLACEMENT3D(#2182,#2183,#2184);
#2186=IFCDIRECTION((0.,0.,-1.));
#2187=IFCEXTRUDEDAREASOLID(#2181,#2185,#2186,0.004999999888241291);
#2188=IFCCARTESIANPOINTLIST2D(((0.,0.),(0.,2.0250000022351742),(0.94999998062849045,2.0250000022351742),(0.94999998062849045,0.),(0.89999997802078724,0.),(0.89999997802078724,1.974999999627471),(0.050000002607703209,1.974999999627471),(0.050000002607703209,0.)));
#2189=IFCINDEXEDPOLYCURVE(#2188,(IFCLINEINDEX((1,2,3,4,5,6,7,8,1))),$);
#2190=IFCARBITRARYCLOSEDPROFILEDEF(.AREA.,$,#2189);
#2191=IFCCARTESIANPOINT((-0.025000002235174179,0.11558942496776581,0.));
#2192=IFCDIRECTION((0.,-1.,0.));
#2193=IFCDIRECTION((1.,0.,0.));
#2194=IFCAXIS2PLACEMENT3D(#2191,#2192,#2193);
#2195=IFCDIRECTION((0.,0.,-1.));
#2196=IFCEXTRUDEDAREASOLID(#2190,#2194,#2195,0.004999999888241291);
#2197=IFCCARTESIANPOINTLIST2D(((0.,0.),(0.84999997541308403,0.),(0.84999997541308403,0.066074997186660767),(0.,0.066074997186660767)));
#2198=IFCINDEXEDPOLYCURVE(#2197,(IFCLINEINDEX((1,2,3,4,1))),$);
#2199=IFCARBITRARYCLOSEDPROFILEDEF(.AREA.,$,#2198);
#2200=IFCCARTESIANPOINT((0.02500000037252903,0.02500000037252903,0.02500000037252903));
#2201=IFCDIRECTION((0.,0.,1.));
#2202=IFCDIRECTION((1.,0.,0.));
#2203=IFCAXIS2PLACEMENT3D(#2200,#2201,#2202);
#2204=IFCDIRECTION((0.,0.,1.));
#2205=IFCEXTRUDEDAREASOLID(#2199,#2203,#2204,1.9499999992549419);
#2206=IFCCARTESIANPOINTLIST2D(((0.,0.),(0.,-0.040000000000000001),(-0.11999999999999988,-0.040000000000000001),(-0.11999999999999988,-0.02),(-0.020000000000000018,-0.02),(-0.020000000000000018,0.)));
#2207=IFCINDEXEDPOLYCURVE(#2206,(IFCLINEINDEX((1,2,3,4,5,6,1))),$);
#2208=IFCARBITRARYCLOSEDPROFILEDEF(.AREA.,$,#2207);
#2209=IFCCARTESIANPOINT((0.82499997578561302,0.02500000037252903,1.015000000372529));
#2210=IFCDIRECTION((0.,0.,1.));
#2211=IFCDIRECTION((1.,0.,0.));
#2212=IFCAXIS2PLACEMENT3D(#2209,#2210,#2211);
#2213=IFCDIRECTION((0.,0.,1.));
#2214=IFCEXTRUDEDAREASOLID(#2208,#2212,#2213,0.02);
#2215=IFCEXTRUDEDAREASOLID(#2216,#2219,#2223,0.02);
#2216=IFCARBITRARYCLOSEDPROFILEDEF(.AREA.,$,#2217);
#2217=IFCINDEXEDPOLYCURVE(#2218,(IFCLINEINDEX((1,2,3,4,5,6,1))),$);
#2218=IFCCARTESIANPOINTLIST2D(((0.,0.),(0.,0.040000000000000008),(-0.11999999999999988,0.040000000000000008),(-0.11999999999999988,0.020000000000000004),(-0.020000000000000018,0.020000000000000004),(-0.020000000000000018,0.)));
#2219=IFCAXIS2PLACEMENT3D(#2220,#2221,#2222);
#2220=IFCCARTESIANPOINT((0.82499997578561302,0.091074997559189796,1.015000000372529));
#2221=IFCDIRECTION((0.,0.,1.));
#2222=IFCDIRECTION((1.,0.,0.));
#2223=IFCDIRECTION((0.,0.,1.));
#2224=IFCSHAPEREPRESENTATION(#11,'Body','SweptSolid',(#2160,#2169,#2205,#2214,#2215,#2178,#2187,#2196));
#2225=IFCCARTESIANPOINTLIST2D(((0.,0.),(0.,0.11558942496776581),(0.02500000037252903,0.11558942496776581),(0.02500000037252903,0.02500000037252903),(0.05000000074505806,0.02500000037252903),(0.05000000074505806,0.)));
#2226=IFCINDEXEDPOLYCURVE(#2225,(IFCLINEINDEX((1,2,3,4,5,6,1))),$);
#2227=IFCINDEXEDPOLYCURVE(#2228,(IFCLINEINDEX((1,2,3,4,5,6,1))),$);
#2228=IFCCARTESIANPOINTLIST2D(((0.89999997615814209,0.),(0.89999997615814209,0.11558942496776581),(0.87499997578561306,0.11558942496776581),(0.87499997578561306,0.02500000037252903),(0.84999997541308403,0.02500000037252903),(0.84999997541308403,0.)));
#2229=IFCDIRECTION((1.,0.));
#2230=IFCCARTESIANPOINT((0.091074997559189796,0.11558942496776581));
#2231=IFCAXIS2PLACEMENT2D(#2230,#2229);
#2232=IFCELLIPSE(#2231,0.78392497822642326,0.84999997541308403);
#2233=IFCCARTESIANPOINT((0.87499997578561306,0.11558942496776581));
#2234=IFCCARTESIANPOINT((0.091074997559189796,0.96558940038084984));
#2235=IFCTRIMMEDCURVE(#2232,(#2233),(#2234),.T.,.CARTESIAN.);
#2236=IFCCARTESIANPOINTLIST2D(((0.02500000037252903,0.11558942496776581),(0.091074997559189796,0.11558942496776581),(0.091074997559189796,0.96558940038084984),(0.02500000037252903,0.96558940038084984)));
#2237=IFCINDEXEDPOLYCURVE(#2236,(IFCLINEINDEX((1,2,3,4,1))),$);
#2238=IFCSHAPEREPRESENTATION(#24,'Body','Curve2D',(#2226,#2227,#2235,#2237));
#2239=IFCDOORTYPE('2iGDzi8B9AVOBnpYmkdKFS',$,'Guest-GF',$,$,(#2240),(#2242,#2250,#2328),$,$,.DOOR.,.SINGLE_SWING_LEFT.,$,$);
#2240=IFCPROPERTYSET('2n7vtT$Wn5KvAdJXcmZyPZ',$,'BBIM_Door',$,(#2241));
#2241=IFCPROPERTYSINGLEVALUE('Data',$,IFCTEXT('{"door_type": "SINGLE_SWING_LEFT", "overall_height": 2.0, "overall_width": 0.8999999761581421, "lining_properties": {"lining_depth": 0.11558942496776581, "lining_thickness": 0.05000000074505806, "lining_offset": 0.0, "lining_to_panel_offset_x": 0.02500000037252903, "lining_to_panel_offset_y": 0.02500000037252903, "transom_thickness": 0.0, "casing_thickness": 0.07500000298023224, "casing_depth": 0.004999999888241291, "threshold_thickness": 0.02500000037252903, "threshold_depth": 0.10000000149011612, "threshold_offset": 0.0}, "panel_properties": {"panel_depth": 0.06607499718666077, "panel_width_ratio": 1.0}}'),$);
#2242=IFCREPRESENTATIONMAP(#2243,#3008);
#2243=IFCAXIS2PLACEMENT3D(#2244,#2245,#2246);
#2244=IFCCARTESIANPOINT((0.,0.,0.));
#2245=IFCDIRECTION((0.,0.,1.));
#2246=IFCDIRECTION((1.,0.,0.));
#2250=IFCREPRESENTATIONMAP(#2251,#3081);
#2251=IFCAXIS2PLACEMENT3D(#2252,#2253,#2254);
#2252=IFCCARTESIANPOINT((0.,0.,0.));
#2253=IFCDIRECTION((0.,0.,1.));
#2254=IFCDIRECTION((1.,0.,0.));
#2328=IFCREPRESENTATIONMAP(#2329,#3095);
#2329=IFCAXIS2PLACEMENT3D(#2330,#2331,#2332);
#2330=IFCCARTESIANPOINT((0.,0.,0.));
#2331=IFCDIRECTION((0.,0.,1.));
#2332=IFCDIRECTION((1.,0.,0.));
#2347=IFCDOOR('1zNXNP86n8PxKOO3SVOtFI',$,'Door',$,$,#3120,#2356,$,2.,0.89999997615814209,$,.SINGLE_SWING_LEFT.,$);
#2348=IFCRELDEFINESBYTYPE('1aK8z5NQb1PQ98SgWlhA4P',$,$,$,(#2347),#2239);
#2349=IFCCARTESIANPOINT((0.,0.,0.));
#2350=IFCDIRECTION((1.,0.,0.));
#2351=IFCDIRECTION((0.,1.,0.));
#2352=IFCDIRECTION((0.,0.,1.));
#2353=IFCCARTESIANTRANSFORMATIONOPERATOR3D(#2350,#2351,#2349,1.,#2352);
#2354=IFCMAPPEDITEM(#2242,#2353);
#2355=IFCSHAPEREPRESENTATION(#18,'Profile','MappedRepresentation',(#2354));
#2356=IFCPRODUCTDEFINITIONSHAPE($,$,(#2355,#2363,#2370));
#2357=IFCCARTESIANPOINT((0.,0.,0.));
#2358=IFCDIRECTION((1.,0.,0.));
#2359=IFCDIRECTION((0.,1.,0.));
#2360=IFCDIRECTION((0.,0.,1.));
#2361=IFCCARTESIANTRANSFORMATIONOPERATOR3D(#2358,#2359,#2357,1.,#2360);
#2362=IFCMAPPEDITEM(#2250,#2361);
#2363=IFCSHAPEREPRESENTATION(#11,'Body','MappedRepresentation',(#2362));
#2364=IFCCARTESIANPOINT((0.,0.,0.));
#2365=IFCDIRECTION((1.,0.,0.));
#2366=IFCDIRECTION((0.,1.,0.));
#2367=IFCDIRECTION((0.,0.,1.));
#2368=IFCCARTESIANTRANSFORMATIONOPERATOR3D(#2365,#2366,#2364,1.,#2367);
#2369=IFCMAPPEDITEM(#2328,#2368);
#2370=IFCSHAPEREPRESENTATION(#24,'Body','MappedRepresentation',(#2369));
#2371=IFCOPENINGELEMENT('32sEdsrlD69AbAFf4lke0d',$,'Opening',$,$,#3115,#2399,$,.OPENING.);
#2387=IFCCARTESIANPOINT((0.,0.,0.));
#2388=IFCDIRECTION((1.,0.,0.));
#2389=IFCDIRECTION((0.,0.,1.));
#2390=IFCAXIS2PLACEMENT3D(#2387,#2389,#2388);
#2391=IFCREPRESENTATIONMAP(#2390,#3105);
#2392=IFCCARTESIANPOINT((0.,0.,0.));
#2393=IFCDIRECTION((1.,0.,0.));
#2394=IFCDIRECTION((0.,1.,0.));
#2395=IFCDIRECTION((0.,0.,1.));
#2396=IFCCARTESIANTRANSFORMATIONOPERATOR3D(#2393,#2394,#2392,1.,#2395);
#2397=IFCMAPPEDITEM(#2391,#2396);
#2398=IFCSHAPEREPRESENTATION(#11,'Body','MappedRepresentation',(#2397));
#2399=IFCPRODUCTDEFINITIONSHAPE($,$,(#2398));
#2400=IFCRELVOIDSELEMENT('0GRPsDz4D02e9cYnD_92DY',$,$,$,#533,#2371);
#2406=IFCRELFILLSELEMENT('1LuN0UlTz0XvWyetpQlD7Q',$,$,$,#2371,#2347);
#2415=IFCCARTESIANPOINTLIST2D(((0.,0.),(0.,2.),(0.89999997615814209,2.),(0.89999997615814209,0.),(0.87499997578561306,0.),(0.87499997578561306,1.974999999627471),(0.02500000037252903,1.974999999627471),(0.02500000037252903,0.)));
#2416=IFCINDEXEDPOLYCURVE(#2415,(IFCLINEINDEX((1,2,3,4,5,6,7,8,1))),$);
#2417=IFCARBITRARYCLOSEDPROFILEDEF(.AREA.,$,#2416);
#2418=IFCCARTESIANPOINT((0.,0.02500000037252903,0.));
#2419=IFCDIRECTION((0.,-1.,0.));
#2420=IFCDIRECTION((1.,0.,0.));
#2421=IFCAXIS2PLACEMENT3D(#2418,#2419,#2420);
#2422=IFCDIRECTION((0.,0.,-1.));
#2423=IFCEXTRUDEDAREASOLID(#2417,#2421,#2422,0.090589424595236778);
#2424=IFCCARTESIANPOINTLIST2D(((0.,0.),(0.,2.),(0.89999997615814209,2.),(0.89999997615814209,0.),(0.84999997541308403,0.),(0.84999997541308403,1.9499999992549419),(0.05000000074505806,1.9499999992549419),(0.05000000074505806,0.)));
#2425=IFCINDEXEDPOLYCURVE(#2424,(IFCLINEINDEX((1,2,3,4,5,6,7,8,1))),$);
#2426=IFCARBITRARYCLOSEDPROFILEDEF(.AREA.,$,#2425);
#2427=IFCCARTESIANPOINT((0.,0.,0.));
#2428=IFCDIRECTION((0.,-1.,0.));
#2429=IFCDIRECTION((1.,0.,0.));
#2430=IFCAXIS2PLACEMENT3D(#2427,#2428,#2429);
#2431=IFCDIRECTION((0.,0.,-1.));
#2432=IFCEXTRUDEDAREASOLID(#2426,#2430,#2431,0.02500000037252903);
#2433=IFCCARTESIANPOINTLIST2D(((0.,0.),(0.79999997466802597,0.),(0.79999997466802597,0.10000000149011612),(0.,0.10000000149011612)));
#2434=IFCINDEXEDPOLYCURVE(#2433,(IFCLINEINDEX((1,2,3,4,1))),$);
#2435=IFCARBITRARYCLOSEDPROFILEDEF(.AREA.,$,#2434);
#2436=IFCCARTESIANPOINT((0.05000000074505806,0.,0.));
#2437=IFCDIRECTION((0.,0.,1.));
#2438=IFCDIRECTION((1.,0.,0.));
#2439=IFCAXIS2PLACEMENT3D(#2436,#2437,#2438);
#2440=IFCDIRECTION((0.,0.,1.));
#2441=IFCEXTRUDEDAREASOLID(#2435,#2439,#2440,0.02500000037252903);
#2442=IFCCARTESIANPOINTLIST2D(((0.,0.),(0.,2.0250000022351742),(0.94999998062849045,2.0250000022351742),(0.94999998062849045,0.),(0.87499997764825821,0.),(0.87499997764825821,1.9499999992549419),(0.075000002980232239,1.9499999992549419),(0.075000002980232239,0.)));
#2443=IFCINDEXEDPOLYCURVE(#2442,(IFCLINEINDEX((1,2,3,4,5,6,7,8,1))),$);
#2444=IFCARBITRARYCLOSEDPROFILEDEF(.AREA.,$,#2443);
#2445=IFCCARTESIANPOINT((-0.025000002235174179,-0.004999999888241291,0.));
#2446=IFCDIRECTION((0.,-1.,0.));
#2447=IFCDIRECTION((1.,0.,0.));
#2448=IFCAXIS2PLACEMENT3D(#2445,#2446,#2447);
#2449=IFCDIRECTION((0.,0.,-1.));
#2450=IFCEXTRUDEDAREASOLID(#2444,#2448,#2449,0.004999999888241291);
#2451=IFCCARTESIANPOINTLIST2D(((0.,0.),(0.,2.0250000022351742),(0.94999998062849045,2.0250000022351742),(0.94999998062849045,0.),(0.89999997802078724,0.),(0.89999997802078724,1.974999999627471),(0.050000002607703209,1.974999999627471),(0.050000002607703209,0.)));
#2452=IFCINDEXEDPOLYCURVE(#2451,(IFCLINEINDEX((1,2,3,4,5,6,7,8,1))),$);
#2453=IFCARBITRARYCLOSEDPROFILEDEF(.AREA.,$,#2452);
#2454=IFCCARTESIANPOINT((-0.025000002235174179,0.11558942496776581,0.));
#2455=IFCDIRECTION((0.,-1.,0.));
#2456=IFCDIRECTION((1.,0.,0.));
#2457=IFCAXIS2PLACEMENT3D(#2454,#2455,#2456);
#2458=IFCDIRECTION((0.,0.,-1.));
#2459=IFCEXTRUDEDAREASOLID(#2453,#2457,#2458,0.004999999888241291);
#2460=IFCCARTESIANPOINTLIST2D(((0.,0.),(0.84999997541308403,0.),(0.84999997541308403,0.066074997186660767),(0.,0.066074997186660767)));
#2461=IFCINDEXEDPOLYCURVE(#2460,(IFCLINEINDEX((1,2,3,4,1))),$);
#2462=IFCARBITRARYCLOSEDPROFILEDEF(.AREA.,$,#2461);
#2463=IFCCARTESIANPOINT((0.02500000037252903,0.02500000037252903,0.02500000037252903));
#2464=IFCDIRECTION((0.,0.,1.));
#2465=IFCDIRECTION((1.,0.,0.));
#2466=IFCAXIS2PLACEMENT3D(#2463,#2464,#2465);
#2467=IFCDIRECTION((0.,0.,1.));
#2468=IFCEXTRUDEDAREASOLID(#2462,#2466,#2467,1.9499999992549419);
#2469=IFCCARTESIANPOINTLIST2D(((0.,0.),(0.,-0.040000000000000001),(0.12,-0.040000000000000001),(0.12,-0.02),(0.02,-0.02),(0.02,0.)));
#2470=IFCINDEXEDPOLYCURVE(#2469,(IFCLINEINDEX((1,2,3,4,5,6,1))),$);
#2471=IFCARBITRARYCLOSEDPROFILEDEF(.AREA.,$,#2470);
#2472=IFCCARTESIANPOINT((0.075000000372529033,0.02500000037252903,1.015000000372529));
#2473=IFCDIRECTION((0.,0.,1.));
#2474=IFCDIRECTION((1.,0.,0.));
#2475=IFCAXIS2PLACEMENT3D(#2472,#2473,#2474);
#2476=IFCDIRECTION((0.,0.,1.));
#2477=IFCEXTRUDEDAREASOLID(#2471,#2475,#2476,0.02);
#2478=IFCEXTRUDEDAREASOLID(#2479,#2482,#2486,0.02);
#2479=IFCARBITRARYCLOSEDPROFILEDEF(.AREA.,$,#2480);
#2480=IFCINDEXEDPOLYCURVE(#2481,(IFCLINEINDEX((1,2,3,4,5,6,1))),$);
#2481=IFCCARTESIANPOINTLIST2D(((0.,0.),(0.,0.040000000000000008),(0.11999999999999998,0.040000000000000008),(0.11999999999999998,0.020000000000000004),(0.020000000000000004,0.020000000000000004),(0.020000000000000004,0.)));
#2482=IFCAXIS2PLACEMENT3D(#2483,#2484,#2485);
#2483=IFCCARTESIANPOINT((0.075000000372529033,0.091074997559189796,1.015000000372529));
#2484=IFCDIRECTION((0.,0.,1.));
#2485=IFCDIRECTION((1.,0.,0.));
#2486=IFCDIRECTION((0.,0.,1.));
#2488=IFCSHAPEREPRESENTATION(#11,'Body','SweptSolid',(#3026,#2808,#3017,#2929,#2799,#2459,#2666,#2569,#2920,#2450,#2657,#3053,#2790,#2560,#2441,#2911,#2781,#3044,#2551,#2432,#2693,#2772,#2902,#2675,#2542,#2684,#2423,#3035,#2938,#2578));
#2489=IFCSHAPEASPECT((#2488),'Lining',$,.T.,#2356);
#2490=IFCSHAPEREPRESENTATION(#11,'Body','SweptSolid',(#2827,#2477,#2468,#2702,#3071,#2711,#3072,#2956,#2712,#2826,#2596,#2957,#2947,#2597,#2478,#2587,#2817,#3062));
#2491=IFCSHAPEASPECT((#2490),'Framing',$,.T.,#2356);
#2534=IFCCARTESIANPOINTLIST2D(((0.,0.),(0.,2.),(0.89999997615814209,2.),(0.89999997615814209,0.),(0.87499997578561306,0.),(0.87499997578561306,1.974999999627471),(0.02500000037252903,1.974999999627471),(0.02500000037252903,0.)));
#2535=IFCINDEXEDPOLYCURVE(#2534,(IFCLINEINDEX((1,2,3,4,5,6,7,8,1))),$);
#2536=IFCARBITRARYCLOSEDPROFILEDEF(.AREA.,$,#2535);
#2537=IFCCARTESIANPOINT((0.,0.02500000037252903,0.));
#2538=IFCDIRECTION((0.,-1.,0.));
#2539=IFCDIRECTION((1.,0.,0.));
#2540=IFCAXIS2PLACEMENT3D(#2537,#2538,#2539);
#2541=IFCDIRECTION((0.,0.,-1.));
#2542=IFCEXTRUDEDAREASOLID(#2536,#2540,#2541,0.090589424595236778);
#2543=IFCCARTESIANPOINTLIST2D(((0.,0.),(0.,2.),(0.89999997615814209,2.),(0.89999997615814209,0.),(0.84999997541308403,0.),(0.84999997541308403,1.9499999992549419),(0.05000000074505806,1.9499999992549419),(0.05000000074505806,0.)));
#2544=IFCINDEXEDPOLYCURVE(#2543,(IFCLINEINDEX((1,2,3,4,5,6,7,8,1))),$);
#2545=IFCARBITRARYCLOSEDPROFILEDEF(.AREA.,$,#2544);
#2546=IFCCARTESIANPOINT((0.,0.,0.));
#2547=IFCDIRECTION((0.,-1.,0.));
#2548=IFCDIRECTION((1.,0.,0.));
#2549=IFCAXIS2PLACEMENT3D(#2546,#2547,#2548);
#2550=IFCDIRECTION((0.,0.,-1.));
#2551=IFCEXTRUDEDAREASOLID(#2545,#2549,#2550,0.02500000037252903);
#2552=IFCCARTESIANPOINTLIST2D(((0.,0.),(0.79999997466802597,0.),(0.79999997466802597,0.10000000149011612),(0.,0.10000000149011612)));
#2553=IFCINDEXEDPOLYCURVE(#2552,(IFCLINEINDEX((1,2,3,4,1))),$);
#2554=IFCARBITRARYCLOSEDPROFILEDEF(.AREA.,$,#2553);
#2555=IFCCARTESIANPOINT((0.05000000074505806,0.,0.));
#2556=IFCDIRECTION((0.,0.,1.));
#2557=IFCDIRECTION((1.,0.,0.));
#2558=IFCAXIS2PLACEMENT3D(#2555,#2556,#2557);
#2559=IFCDIRECTION((0.,0.,1.));
#2560=IFCEXTRUDEDAREASOLID(#2554,#2558,#2559,0.02500000037252903);
#2561=IFCCARTESIANPOINTLIST2D(((0.,0.),(0.,2.0250000022351742),(0.94999998062849045,2.0250000022351742),(0.94999998062849045,0.),(0.87499997764825821,0.),(0.87499997764825821,1.9499999992549419),(0.075000002980232239,1.9499999992549419),(0.075000002980232239,0.)));
#2562=IFCINDEXEDPOLYCURVE(#2561,(IFCLINEINDEX((1,2,3,4,5,6,7,8,1))),$);
#2563=IFCARBITRARYCLOSEDPROFILEDEF(.AREA.,$,#2562);
#2564=IFCCARTESIANPOINT((-0.025000002235174179,-0.004999999888241291,0.));
#2565=IFCDIRECTION((0.,-1.,0.));
#2566=IFCDIRECTION((1.,0.,0.));
#2567=IFCAXIS2PLACEMENT3D(#2564,#2565,#2566);
#2568=IFCDIRECTION((0.,0.,-1.));
#2569=IFCEXTRUDEDAREASOLID(#2563,#2567,#2568,0.004999999888241291);
#2570=IFCCARTESIANPOINTLIST2D(((0.,0.),(0.,2.0250000022351742),(0.94999998062849045,2.0250000022351742),(0.94999998062849045,0.),(0.89999997802078724,0.),(0.89999997802078724,1.974999999627471),(0.050000002607703209,1.974999999627471),(0.050000002607703209,0.)));
#2571=IFCINDEXEDPOLYCURVE(#2570,(IFCLINEINDEX((1,2,3,4,5,6,7,8,1))),$);
#2572=IFCARBITRARYCLOSEDPROFILEDEF(.AREA.,$,#2571);
#2573=IFCCARTESIANPOINT((-0.025000002235174179,0.11558942496776581,0.));
#2574=IFCDIRECTION((0.,-1.,0.));
#2575=IFCDIRECTION((1.,0.,0.));
#2576=IFCAXIS2PLACEMENT3D(#2573,#2574,#2575);
#2577=IFCDIRECTION((0.,0.,-1.));
#2578=IFCEXTRUDEDAREASOLID(#2572,#2576,#2577,0.004999999888241291);
#2579=IFCCARTESIANPOINTLIST2D(((0.,0.),(0.84999997541308403,0.),(0.84999997541308403,0.066074997186660767),(0.,0.066074997186660767)));
#2580=IFCINDEXEDPOLYCURVE(#2579,(IFCLINEINDEX((1,2,3,4,1))),$);
#2581=IFCARBITRARYCLOSEDPROFILEDEF(.AREA.,$,#2580);
#2582=IFCCARTESIANPOINT((0.02500000037252903,0.02500000037252903,0.02500000037252903));
#2583=IFCDIRECTION((0.,0.,1.));
#2584=IFCDIRECTION((1.,0.,0.));
#2585=IFCAXIS2PLACEMENT3D(#2582,#2583,#2584);
#2586=IFCDIRECTION((0.,0.,1.));
#2587=IFCEXTRUDEDAREASOLID(#2581,#2585,#2586,1.9499999992549419);
#2588=IFCCARTESIANPOINTLIST2D(((0.,0.),(0.,-0.040000000000000001),(0.12,-0.040000000000000001),(0.12,-0.02),(0.02,-0.02),(0.02,0.)));
#2589=IFCINDEXEDPOLYCURVE(#2588,(IFCLINEINDEX((1,2,3,4,5,6,1))),$);
#2590=IFCARBITRARYCLOSEDPROFILEDEF(.AREA.,$,#2589);
#2591=IFCCARTESIANPOINT((0.075000000372529033,0.02500000037252903,1.015000000372529));
#2592=IFCDIRECTION((0.,0.,1.));
#2593=IFCDIRECTION((1.,0.,0.));
#2594=IFCAXIS2PLACEMENT3D(#2591,#2592,#2593);
#2595=IFCDIRECTION((0.,0.,1.));
#2596=IFCEXTRUDEDAREASOLID(#2590,#2594,#2595,0.02);
#2597=IFCEXTRUDEDAREASOLID(#2598,#2601,#2605,0.02);
#2598=IFCARBITRARYCLOSEDPROFILEDEF(.AREA.,$,#2599);
#2599=IFCINDEXEDPOLYCURVE(#2600,(IFCLINEINDEX((1,2,3,4,5,6,1))),$);
#2600=IFCCARTESIANPOINTLIST2D(((0.,0.),(0.,0.040000000000000008),(0.11999999999999998,0.040000000000000008),(0.11999999999999998,0.020000000000000004),(0.020000000000000004,0.020000000000000004),(0.020000000000000004,0.)));
#2601=IFCAXIS2PLACEMENT3D(#2602,#2603,#2604);
#2602=IFCCARTESIANPOINT((0.075000000372529033,0.091074997559189796,1.015000000372529));
#2603=IFCDIRECTION((0.,0.,1.));
#2604=IFCDIRECTION((1.,0.,0.));
#2605=IFCDIRECTION((0.,0.,1.));
#2649=IFCCARTESIANPOINTLIST2D(((0.,0.),(0.,2.),(0.89999997615814209,2.),(0.89999997615814209,0.),(0.87499997578561306,0.),(0.87499997578561306,1.974999999627471),(0.02500000037252903,1.974999999627471),(0.02500000037252903,0.)));
#2650=IFCINDEXEDPOLYCURVE(#2649,(IFCLINEINDEX((1,2,3,4,5,6,7,8,1))),$);
#2651=IFCARBITRARYCLOSEDPROFILEDEF(.AREA.,$,#2650);
#2652=IFCCARTESIANPOINT((0.,0.02500000037252903,0.));
#2653=IFCDIRECTION((0.,-1.,0.));
#2654=IFCDIRECTION((1.,0.,0.));
#2655=IFCAXIS2PLACEMENT3D(#2652,#2653,#2654);
#2656=IFCDIRECTION((0.,0.,-1.));
#2657=IFCEXTRUDEDAREASOLID(#2651,#2655,#2656,0.090589424595236778);
#2658=IFCCARTESIANPOINTLIST2D(((0.,0.),(0.,2.),(0.89999997615814209,2.),(0.89999997615814209,0.),(0.84999997541308403,0.),(0.84999997541308403,1.9499999992549419),(0.05000000074505806,1.9499999992549419),(0.05000000074505806,0.)));
#2659=IFCINDEXEDPOLYCURVE(#2658,(IFCLINEINDEX((1,2,3,4,5,6,7,8,1))),$);
#2660=IFCARBITRARYCLOSEDPROFILEDEF(.AREA.,$,#2659);
#2661=IFCCARTESIANPOINT((0.,0.,0.));
#2662=IFCDIRECTION((0.,-1.,0.));
#2663=IFCDIRECTION((1.,0.,0.));
#2664=IFCAXIS2PLACEMENT3D(#2661,#2662,#2663);
#2665=IFCDIRECTION((0.,0.,-1.));
#2666=IFCEXTRUDEDAREASOLID(#2660,#2664,#2665,0.02500000037252903);
#2667=IFCCARTESIANPOINTLIST2D(((0.,0.),(0.79999997466802597,0.),(0.79999997466802597,0.10000000149011612),(0.,0.10000000149011612)));
#2668=IFCINDEXEDPOLYCURVE(#2667,(IFCLINEINDEX((1,2,3,4,1))),$);
#2669=IFCARBITRARYCLOSEDPROFILEDEF(.AREA.,$,#2668);
#2670=IFCCARTESIANPOINT((0.05000000074505806,0.,0.));
#2671=IFCDIRECTION((0.,0.,1.));
#2672=IFCDIRECTION((1.,0.,0.));
#2673=IFCAXIS2PLACEMENT3D(#2670,#2671,#2672);
#2674=IFCDIRECTION((0.,0.,1.));
#2675=IFCEXTRUDEDAREASOLID(#2669,#2673,#2674,0.02500000037252903);
#2676=IFCCARTESIANPOINTLIST2D(((0.,0.),(0.,2.0250000022351742),(0.94999998062849045,2.0250000022351742),(0.94999998062849045,0.),(0.87499997764825821,0.),(0.87499997764825821,1.9499999992549419),(0.075000002980232239,1.9499999992549419),(0.075000002980232239,0.)));
#2677=IFCINDEXEDPOLYCURVE(#2676,(IFCLINEINDEX((1,2,3,4,5,6,7,8,1))),$);
#2678=IFCARBITRARYCLOSEDPROFILEDEF(.AREA.,$,#2677);
#2679=IFCCARTESIANPOINT((-0.025000002235174179,-0.004999999888241291,0.));
#2680=IFCDIRECTION((0.,-1.,0.));
#2681=IFCDIRECTION((1.,0.,0.));
#2682=IFCAXIS2PLACEMENT3D(#2679,#2680,#2681);
#2683=IFCDIRECTION((0.,0.,-1.));
#2684=IFCEXTRUDEDAREASOLID(#2678,#2682,#2683,0.004999999888241291);
#2685=IFCCARTESIANPOINTLIST2D(((0.,0.),(0.,2.0250000022351742),(0.94999998062849045,2.0250000022351742),(0.94999998062849045,0.),(0.89999997802078724,0.),(0.89999997802078724,1.974999999627471),(0.050000002607703209,1.974999999627471),(0.050000002607703209,0.)));
#2686=IFCINDEXEDPOLYCURVE(#2685,(IFCLINEINDEX((1,2,3,4,5,6,7,8,1))),$);
#2687=IFCARBITRARYCLOSEDPROFILEDEF(.AREA.,$,#2686);
#2688=IFCCARTESIANPOINT((-0.025000002235174179,0.11558942496776581,0.));
#2689=IFCDIRECTION((0.,-1.,0.));
#2690=IFCDIRECTION((1.,0.,0.));
#2691=IFCAXIS2PLACEMENT3D(#2688,#2689,#2690);
#2692=IFCDIRECTION((0.,0.,-1.));
#2693=IFCEXTRUDEDAREASOLID(#2687,#2691,#2692,0.004999999888241291);
#2694=IFCCARTESIANPOINTLIST2D(((0.,0.),(0.84999997541308403,0.),(0.84999997541308403,0.066074997186660767),(0.,0.066074997186660767)));
#2695=IFCINDEXEDPOLYCURVE(#2694,(IFCLINEINDEX((1,2,3,4,1))),$);
#2696=IFCARBITRARYCLOSEDPROFILEDEF(.AREA.,$,#2695);
#2697=IFCCARTESIANPOINT((0.02500000037252903,0.02500000037252903,0.02500000037252903));
#2698=IFCDIRECTION((0.,0.,1.));
#2699=IFCDIRECTION((1.,0.,0.));
#2700=IFCAXIS2PLACEMENT3D(#2697,#2698,#2699);
#2701=IFCDIRECTION((0.,0.,1.));
#2702=IFCEXTRUDEDAREASOLID(#2696,#2700,#2701,1.9499999992549419);
#2703=IFCCARTESIANPOINTLIST2D(((0.,0.),(0.,-0.040000000000000001),(-0.11999999999999988,-0.040000000000000001),(-0.11999999999999988,-0.02),(-0.020000000000000018,-0.02),(-0.020000000000000018,0.)));
#2704=IFCINDEXEDPOLYCURVE(#2703,(IFCLINEINDEX((1,2,3,4,5,6,1))),$);
#2705=IFCARBITRARYCLOSEDPROFILEDEF(.AREA.,$,#2704);
#2706=IFCCARTESIANPOINT((0.82499997578561302,0.02500000037252903,1.015000000372529));
#2707=IFCDIRECTION((0.,0.,1.));
#2708=IFCDIRECTION((1.,0.,0.));
#2709=IFCAXIS2PLACEMENT3D(#2706,#2707,#2708);
#2710=IFCDIRECTION((0.,0.,1.));
#2711=IFCEXTRUDEDAREASOLID(#2705,#2709,#2710,0.02);
#2712=IFCEXTRUDEDAREASOLID(#2713,#2716,#2720,0.02);
#2713=IFCARBITRARYCLOSEDPROFILEDEF(.AREA.,$,#2714);
#2714=IFCINDEXEDPOLYCURVE(#2715,(IFCLINEINDEX((1,2,3,4,5,6,1))),$);
#2715=IFCCARTESIANPOINTLIST2D(((0.,0.),(0.,0.040000000000000008),(-0.11999999999999988,0.040000000000000008),(-0.11999999999999988,0.020000000000000004),(-0.020000000000000018,0.020000000000000004),(-0.020000000000000018,0.)));
#2716=IFCAXIS2PLACEMENT3D(#2717,#2718,#2719);
#2717=IFCCARTESIANPOINT((0.82499997578561302,0.091074997559189796,1.015000000372529));
#2718=IFCDIRECTION((0.,0.,1.));
#2719=IFCDIRECTION((1.,0.,0.));
#2720=IFCDIRECTION((0.,0.,1.));
#2764=IFCCARTESIANPOINTLIST2D(((0.,0.),(0.,2.),(0.89999997615814209,2.),(0.89999997615814209,0.),(0.87499997578561306,0.),(0.87499997578561306,1.974999999627471),(0.02500000037252903,1.974999999627471),(0.02500000037252903,0.)));
#2765=IFCINDEXEDPOLYCURVE(#2764,(IFCLINEINDEX((1,2,3,4,5,6,7,8,1))),$);
#2766=IFCARBITRARYCLOSEDPROFILEDEF(.AREA.,$,#2765);
#2767=IFCCARTESIANPOINT((0.,0.02500000037252903,0.));
#2768=IFCDIRECTION((0.,-1.,0.));
#2769=IFCDIRECTION((1.,0.,0.));
#2770=IFCAXIS2PLACEMENT3D(#2767,#2768,#2769);
#2771=IFCDIRECTION((0.,0.,-1.));
#2772=IFCEXTRUDEDAREASOLID(#2766,#2770,#2771,0.090589424595236778);
#2773=IFCCARTESIANPOINTLIST2D(((0.,0.),(0.,2.),(0.89999997615814209,2.),(0.89999997615814209,0.),(0.84999997541308403,0.),(0.84999997541308403,1.9499999992549419),(0.05000000074505806,1.9499999992549419),(0.05000000074505806,0.)));
#2774=IFCINDEXEDPOLYCURVE(#2773,(IFCLINEINDEX((1,2,3,4,5,6,7,8,1))),$);
#2775=IFCARBITRARYCLOSEDPROFILEDEF(.AREA.,$,#2774);
#2776=IFCCARTESIANPOINT((0.,0.,0.));
#2777=IFCDIRECTION((0.,-1.,0.));
#2778=IFCDIRECTION((1.,0.,0.));
#2779=IFCAXIS2PLACEMENT3D(#2776,#2777,#2778);
#2780=IFCDIRECTION((0.,0.,-1.));
#2781=IFCEXTRUDEDAREASOLID(#2775,#2779,#2780,0.02500000037252903);
#2782=IFCCARTESIANPOINTLIST2D(((0.,0.),(0.79999997466802597,0.),(0.79999997466802597,0.10000000149011612),(0.,0.10000000149011612)));
#2783=IFCINDEXEDPOLYCURVE(#2782,(IFCLINEINDEX((1,2,3,4,1))),$);
#2784=IFCARBITRARYCLOSEDPROFILEDEF(.AREA.,$,#2783);
#2785=IFCCARTESIANPOINT((0.05000000074505806,0.,0.));
#2786=IFCDIRECTION((0.,0.,1.));
#2787=IFCDIRECTION((1.,0.,0.));
#2788=IFCAXIS2PLACEMENT3D(#2785,#2786,#2787);
#2789=IFCDIRECTION((0.,0.,1.));
#2790=IFCEXTRUDEDAREASOLID(#2784,#2788,#2789,0.02500000037252903);
#2791=IFCCARTESIANPOINTLIST2D(((0.,0.),(0.,2.0250000022351742),(0.94999998062849045,2.0250000022351742),(0.94999998062849045,0.),(0.87499997764825821,0.),(0.87499997764825821,1.9499999992549419),(0.075000002980232239,1.9499999992549419),(0.075000002980232239,0.)));
#2792=IFCINDEXEDPOLYCURVE(#2791,(IFCLINEINDEX((1,2,3,4,5,6,7,8,1))),$);
#2793=IFCARBITRARYCLOSEDPROFILEDEF(.AREA.,$,#2792);
#2794=IFCCARTESIANPOINT((-0.025000002235174179,-0.004999999888241291,0.));
#2795=IFCDIRECTION((0.,-1.,0.));
#2796=IFCDIRECTION((1.,0.,0.));
#2797=IFCAXIS2PLACEMENT3D(#2794,#2795,#2796);
#2798=IFCDIRECTION((0.,0.,-1.));
#2799=IFCEXTRUDEDAREASOLID(#2793,#2797,#2798,0.004999999888241291);
#2800=IFCCARTESIANPOINTLIST2D(((0.,0.),(0.,2.0250000022351742),(0.94999998062849045,2.0250000022351742),(0.94999998062849045,0.),(0.89999997802078724,0.),(0.89999997802078724,1.974999999627471),(0.050000002607703209,1.974999999627471),(0.050000002607703209,0.)));
#2801=IFCINDEXEDPOLYCURVE(#2800,(IFCLINEINDEX((1,2,3,4,5,6,7,8,1))),$);
#2802=IFCARBITRARYCLOSEDPROFILEDEF(.AREA.,$,#2801);
#2803=IFCCARTESIANPOINT((-0.025000002235174179,0.11558942496776581,0.));
#2804=IFCDIRECTION((0.,-1.,0.));
#2805=IFCDIRECTION((1.,0.,0.));
#2806=IFCAXIS2PLACEMENT3D(#2803,#2804,#2805);
#2807=IFCDIRECTION((0.,0.,-1.));
#2808=IFCEXTRUDEDAREASOLID(#2802,#2806,#2807,0.004999999888241291);
#2809=IFCCARTESIANPOINTLIST2D(((0.,0.),(0.84999997541308403,0.),(0.84999997541308403,0.066074997186660767),(0.,0.066074997186660767)));
#2810=IFCINDEXEDPOLYCURVE(#2809,(IFCLINEINDEX((1,2,3,4,1))),$);
#2811=IFCARBITRARYCLOSEDPROFILEDEF(.AREA.,$,#2810);
#2812=IFCCARTESIANPOINT((0.02500000037252903,0.02500000037252903,0.02500000037252903));
#2813=IFCDIRECTION((0.,0.,1.));
#2814=IFCDIRECTION((1.,0.,0.));
#2815=IFCAXIS2PLACEMENT3D(#2812,#2813,#2814);
#2816=IFCDIRECTION((0.,0.,1.));
#2817=IFCEXTRUDEDAREASOLID(#2811,#2815,#2816,1.9499999992549419);
#2818=IFCCARTESIANPOINTLIST2D(((0.,0.),(0.,-0.040000000000000001),(-0.11999999999999988,-0.040000000000000001),(-0.11999999999999988,-0.02),(-0.020000000000000018,-0.02),(-0.020000000000000018,0.)));
#2819=IFCINDEXEDPOLYCURVE(#2818,(IFCLINEINDEX((1,2,3,4,5,6,1))),$);
#2820=IFCARBITRARYCLOSEDPROFILEDEF(.AREA.,$,#2819);
#2821=IFCCARTESIANPOINT((0.82499997578561302,0.02500000037252903,1.015000000372529));
#2822=IFCDIRECTION((0.,0.,1.));
#2823=IFCDIRECTION((1.,0.,0.));
#2824=IFCAXIS2PLACEMENT3D(#2821,#2822,#2823);
#2825=IFCDIRECTION((0.,0.,1.));
#2826=IFCEXTRUDEDAREASOLID(#2820,#2824,#2825,0.02);
#2827=IFCEXTRUDEDAREASOLID(#2828,#2831,#2835,0.02);
#2828=IFCARBITRARYCLOSEDPROFILEDEF(.AREA.,$,#2829);
#2829=IFCINDEXEDPOLYCURVE(#2830,(IFCLINEINDEX((1,2,3,4,5,6,1))),$);
#2830=IFCCARTESIANPOINTLIST2D(((0.,0.),(0.,0.040000000000000008),(-0.11999999999999988,0.040000000000000008),(-0.11999999999999988,0.020000000000000004),(-0.020000000000000018,0.020000000000000004),(-0.020000000000000018,0.)));
#2831=IFCAXIS2PLACEMENT3D(#2832,#2833,#2834);
#2832=IFCCARTESIANPOINT((0.82499997578561302,0.091074997559189796,1.015000000372529));
#2833=IFCDIRECTION((0.,0.,1.));
#2834=IFCDIRECTION((1.,0.,0.));
#2835=IFCDIRECTION((0.,0.,1.));
#2894=IFCCARTESIANPOINTLIST2D(((0.,0.),(0.,2.),(0.89999997615814209,2.),(0.89999997615814209,0.),(0.87499997578561306,0.),(0.87499997578561306,1.974999999627471),(0.02500000037252903,1.974999999627471),(0.02500000037252903,0.)));
#2895=IFCINDEXEDPOLYCURVE(#2894,(IFCLINEINDEX((1,2,3,4,5,6,7,8,1))),$);
#2896=IFCARBITRARYCLOSEDPROFILEDEF(.AREA.,$,#2895);
#2897=IFCCARTESIANPOINT((0.,0.02500000037252903,0.));
#2898=IFCDIRECTION((0.,-1.,0.));
#2899=IFCDIRECTION((1.,0.,0.));
#2900=IFCAXIS2PLACEMENT3D(#2897,#2898,#2899);
#2901=IFCDIRECTION((0.,0.,-1.));
#2902=IFCEXTRUDEDAREASOLID(#2896,#2900,#2901,0.090589424595236778);
#2903=IFCCARTESIANPOINTLIST2D(((0.,0.),(0.,2.),(0.89999997615814209,2.),(0.89999997615814209,0.),(0.84999997541308403,0.),(0.84999997541308403,1.9499999992549419),(0.05000000074505806,1.9499999992549419),(0.05000000074505806,0.)));
#2904=IFCINDEXEDPOLYCURVE(#2903,(IFCLINEINDEX((1,2,3,4,5,6,7,8,1))),$);
#2905=IFCARBITRARYCLOSEDPROFILEDEF(.AREA.,$,#2904);
#2906=IFCCARTESIANPOINT((0.,0.,0.));
#2907=IFCDIRECTION((0.,-1.,0.));
#2908=IFCDIRECTION((1.,0.,0.));
#2909=IFCAXIS2PLACEMENT3D(#2906,#2907,#2908);
#2910=IFCDIRECTION((0.,0.,-1.));
#2911=IFCEXTRUDEDAREASOLID(#2905,#2909,#2910,0.02500000037252903);
#2912=IFCCARTESIANPOINTLIST2D(((0.,0.),(0.79999997466802597,0.),(0.79999997466802597,0.10000000149011612),(0.,0.10000000149011612)));
#2913=IFCINDEXEDPOLYCURVE(#2912,(IFCLINEINDEX((1,2,3,4,1))),$);
#2914=IFCARBITRARYCLOSEDPROFILEDEF(.AREA.,$,#2913);
#2915=IFCCARTESIANPOINT((0.05000000074505806,0.,0.));
#2916=IFCDIRECTION((0.,0.,1.));
#2917=IFCDIRECTION((1.,0.,0.));
#2918=IFCAXIS2PLACEMENT3D(#2915,#2916,#2917);
#2919=IFCDIRECTION((0.,0.,1.));
#2920=IFCEXTRUDEDAREASOLID(#2914,#2918,#2919,0.02500000037252903);
#2921=IFCCARTESIANPOINTLIST2D(((0.,0.),(0.,2.0250000022351742),(0.94999998062849045,2.0250000022351742),(0.94999998062849045,0.),(0.87499997764825821,0.),(0.87499997764825821,1.9499999992549419),(0.075000002980232239,1.9499999992549419),(0.075000002980232239,0.)));
#2922=IFCINDEXEDPOLYCURVE(#2921,(IFCLINEINDEX((1,2,3,4,5,6,7,8,1))),$);
#2923=IFCARBITRARYCLOSEDPROFILEDEF(.AREA.,$,#2922);
#2924=IFCCARTESIANPOINT((-0.025000002235174179,-0.004999999888241291,0.));
#2925=IFCDIRECTION((0.,-1.,0.));
#2926=IFCDIRECTION((1.,0.,0.));
#2927=IFCAXIS2PLACEMENT3D(#2924,#2925,#2926);
#2928=IFCDIRECTION((0.,0.,-1.));
#2929=IFCEXTRUDEDAREASOLID(#2923,#2927,#2928,0.004999999888241291);
#2930=IFCCARTESIANPOINTLIST2D(((0.,0.),(0.,2.0250000022351742),(0.94999998062849045,2.0250000022351742),(0.94999998062849045,0.),(0.89999997802078724,0.),(0.89999997802078724,1.974999999627471),(0.050000002607703209,1.974999999627471),(0.050000002607703209,0.)));
#2931=IFCINDEXEDPOLYCURVE(#2930,(IFCLINEINDEX((1,2,3,4,5,6,7,8,1))),$);
#2932=IFCARBITRARYCLOSEDPROFILEDEF(.AREA.,$,#2931);
#2933=IFCCARTESIANPOINT((-0.025000002235174179,0.11558942496776581,0.));
#2934=IFCDIRECTION((0.,-1.,0.));
#2935=IFCDIRECTION((1.,0.,0.));
#2936=IFCAXIS2PLACEMENT3D(#2933,#2934,#2935);
#2937=IFCDIRECTION((0.,0.,-1.));
#2938=IFCEXTRUDEDAREASOLID(#2932,#2936,#2937,0.004999999888241291);
#2939=IFCCARTESIANPOINTLIST2D(((0.,0.),(0.84999997541308403,0.),(0.84999997541308403,0.066074997186660767),(0.,0.066074997186660767)));
#2940=IFCINDEXEDPOLYCURVE(#2939,(IFCLINEINDEX((1,2,3,4,1))),$);
#2941=IFCARBITRARYCLOSEDPROFILEDEF(.AREA.,$,#2940);
#2942=IFCCARTESIANPOINT((0.02500000037252903,0.02500000037252903,0.02500000037252903));
#2943=IFCDIRECTION((0.,0.,1.));
#2944=IFCDIRECTION((1.,0.,0.));
#2945=IFCAXIS2PLACEMENT3D(#2942,#2943,#2944);
#2946=IFCDIRECTION((0.,0.,1.));
#2947=IFCEXTRUDEDAREASOLID(#2941,#2945,#2946,1.9499999992549419);
#2948=IFCCARTESIANPOINTLIST2D(((0.,0.),(0.,-0.040000000000000001),(0.12,-0.040000000000000001),(0.12,-0.02),(0.02,-0.02),(0.02,0.)));
#2949=IFCINDEXEDPOLYCURVE(#2948,(IFCLINEINDEX((1,2,3,4,5,6,1))),$);
#2950=IFCARBITRARYCLOSEDPROFILEDEF(.AREA.,$,#2949);
#2951=IFCCARTESIANPOINT((0.075000000372529033,0.02500000037252903,1.015000000372529));
#2952=IFCDIRECTION((0.,0.,1.));
#2953=IFCDIRECTION((1.,0.,0.));
#2954=IFCAXIS2PLACEMENT3D(#2951,#2952,#2953);
#2955=IFCDIRECTION((0.,0.,1.));
#2956=IFCEXTRUDEDAREASOLID(#2950,#2954,#2955,0.02);
#2957=IFCEXTRUDEDAREASOLID(#2958,#2961,#2965,0.02);
#2958=IFCARBITRARYCLOSEDPROFILEDEF(.AREA.,$,#2959);
#2959=IFCINDEXEDPOLYCURVE(#2960,(IFCLINEINDEX((1,2,3,4,5,6,1))),$);
#2960=IFCCARTESIANPOINTLIST2D(((0.,0.),(0.,0.040000000000000008),(0.11999999999999998,0.040000000000000008),(0.11999999999999998,0.020000000000000004),(0.020000000000000004,0.020000000000000004),(0.020000000000000004,0.)));
#2961=IFCAXIS2PLACEMENT3D(#2962,#2963,#2964);
#2962=IFCCARTESIANPOINT((0.075000000372529033,0.091074997559189796,1.015000000372529));
#2963=IFCDIRECTION((0.,0.,1.));
#2964=IFCDIRECTION((1.,0.,0.));
#2965=IFCDIRECTION((0.,0.,1.));
#3006=IFCCARTESIANPOINTLIST3D(((0.,0.,0.),(0.89999997615814209,0.,0.),(0.89999997615814209,0.,2.),(0.,0.,2.)));
#3007=IFCINDEXEDPOLYCURVE(#3006,(IFCLINEINDEX((1,2,3,4,1))),$);
#3008=IFCSHAPEREPRESENTATION(#18,'Profile','Curve3D',(#3007));
#3009=IFCCARTESIANPOINTLIST2D(((0.,0.),(0.,2.),(0.89999997615814209,2.),(0.89999997615814209,0.),(0.87499997578561306,0.),(0.87499997578561306,1.974999999627471),(0.02500000037252903,1.974999999627471),(0.02500000037252903,0.)));
#3010=IFCINDEXEDPOLYCURVE(#3009,(IFCLINEINDEX((1,2,3,4,5,6,7,8,1))),$);
#3011=IFCARBITRARYCLOSEDPROFILEDEF(.AREA.,$,#3010);
#3012=IFCCARTESIANPOINT((0.,0.02500000037252903,0.));
#3013=IFCDIRECTION((0.,-1.,0.));
#3014=IFCDIRECTION((1.,0.,0.));
#3015=IFCAXIS2PLACEMENT3D(#3012,#3013,#3014);
#3016=IFCDIRECTION((0.,0.,-1.));
#3017=IFCEXTRUDEDAREASOLID(#3011,#3015,#3016,0.090589424595236778);
#3018=IFCCARTESIANPOINTLIST2D(((0.,0.),(0.,2.),(0.89999997615814209,2.),(0.89999997615814209,0.),(0.84999997541308403,0.),(0.84999997541308403,1.9499999992549419),(0.05000000074505806,1.9499999992549419),(0.05000000074505806,0.)));
#3019=IFCINDEXEDPOLYCURVE(#3018,(IFCLINEINDEX((1,2,3,4,5,6,7,8,1))),$);
#3020=IFCARBITRARYCLOSEDPROFILEDEF(.AREA.,$,#3019);
#3021=IFCCARTESIANPOINT((0.,0.,0.));
#3022=IFCDIRECTION((0.,-1.,0.));
#3023=IFCDIRECTION((1.,0.,0.));
#3024=IFCAXIS2PLACEMENT3D(#3021,#3022,#3023);
#3025=IFCDIRECTION((0.,0.,-1.));
#3026=IFCEXTRUDEDAREASOLID(#3020,#3024,#3025,0.02500000037252903);
#3027=IFCCARTESIANPOINTLIST2D(((0.,0.),(0.79999997466802597,0.),(0.79999997466802597,0.10000000149011612),(0.,0.10000000149011612)));
#3028=IFCINDEXEDPOLYCURVE(#3027,(IFCLINEINDEX((1,2,3,4,1))),$);
#3029=IFCARBITRARYCLOSEDPROFILEDEF(.AREA.,$,#3028);
#3030=IFCCARTESIANPOINT((0.05000000074505806,0.,0.));
#3031=IFCDIRECTION((0.,0.,1.));
#3032=IFCDIRECTION((1.,0.,0.));
#3033=IFCAXIS2PLACEMENT3D(#3030,#3031,#3032);
#3034=IFCDIRECTION((0.,0.,1.));
#3035=IFCEXTRUDEDAREASOLID(#3029,#3033,#3034,0.02500000037252903);
#3036=IFCCARTESIANPOINTLIST2D(((0.,0.),(0.,2.0250000022351742),(0.94999998062849045,2.0250000022351742),(0.94999998062849045,0.),(0.87499997764825821,0.),(0.87499997764825821,1.9499999992549419),(0.075000002980232239,1.9499999992549419),(0.075000002980232239,0.)));
#3037=IFCINDEXEDPOLYCURVE(#3036,(IFCLINEINDEX((1,2,3,4,5,6,7,8,1))),$);
#3038=IFCARBITRARYCLOSEDPROFILEDEF(.AREA.,$,#3037);
#3039=IFCCARTESIANPOINT((-0.025000002235174179,-0.004999999888241291,0.));
#3040=IFCDIRECTION((0.,-1.,0.));
#3041=IFCDIRECTION((1.,0.,0.));
#3042=IFCAXIS2PLACEMENT3D(#3039,#3040,#3041);
#3043=IFCDIRECTION((0.,0.,-1.));
#3044=IFCEXTRUDEDAREASOLID(#3038,#3042,#3043,0.004999999888241291);
#3045=IFCCARTESIANPOINTLIST2D(((0.,0.),(0.,2.0250000022351742),(0.94999998062849045,2.0250000022351742),(0.94999998062849045,0.),(0.89999997802078724,0.),(0.89999997802078724,1.974999999627471),(0.050000002607703209,1.974999999627471),(0.050000002607703209,0.)));
#3046=IFCINDEXEDPOLYCURVE(#3045,(IFCLINEINDEX((1,2,3,4,5,6,7,8,1))),$);
#3047=IFCARBITRARYCLOSEDPROFILEDEF(.AREA.,$,#3046);
#3048=IFCCARTESIANPOINT((-0.025000002235174179,0.11558942496776581,0.));
#3049=IFCDIRECTION((0.,-1.,0.));
#3050=IFCDIRECTION((1.,0.,0.));
#3051=IFCAXIS2PLACEMENT3D(#3048,#3049,#3050);
#3052=IFCDIRECTION((0.,0.,-1.));
#3053=IFCEXTRUDEDAREASOLID(#3047,#3051,#3052,0.004999999888241291);
#3054=IFCCARTESIANPOINTLIST2D(((0.,0.),(0.84999997541308403,0.),(0.84999997541308403,0.066074997186660767),(0.,0.066074997186660767)));
#3055=IFCINDEXEDPOLYCURVE(#3054,(IFCLINEINDEX((1,2,3,4,1))),$);
#3056=IFCARBITRARYCLOSEDPROFILEDEF(.AREA.,$,#3055);
#3057=IFCCARTESIANPOINT((0.02500000037252903,0.02500000037252903,0.02500000037252903));
#3058=IFCDIRECTION((0.,0.,1.));
#3059=IFCDIRECTION((1.,0.,0.));
#3060=IFCAXIS2PLACEMENT3D(#3057,#3058,#3059);
#3061=IFCDIRECTION((0.,0.,1.));
#3062=IFCEXTRUDEDAREASOLID(#3056,#3060,#3061,1.9499999992549419);
#3063=IFCCARTESIANPOINTLIST2D(((0.,0.),(0.,-0.040000000000000001),(-0.11999999999999988,-0.040000000000000001),(-0.11999999999999988,-0.02),(-0.020000000000000018,-0.02),(-0.020000000000000018,0.)));
#3064=IFCINDEXEDPOLYCURVE(#3063,(IFCLINEINDEX((1,2,3,4,5,6,1))),$);
#3065=IFCARBITRARYCLOSEDPROFILEDEF(.AREA.,$,#3064);
#3066=IFCCARTESIANPOINT((0.82499997578561302,0.02500000037252903,1.015000000372529));
#3067=IFCDIRECTION((0.,0.,1.));
#3068=IFCDIRECTION((1.,0.,0.));
#3069=IFCAXIS2PLACEMENT3D(#3066,#3067,#3068);
#3070=IFCDIRECTION((0.,0.,1.));
#3071=IFCEXTRUDEDAREASOLID(#3065,#3069,#3070,0.02);
#3072=IFCEXTRUDEDAREASOLID(#3073,#3076,#3080,0.02);
#3073=IFCARBITRARYCLOSEDPROFILEDEF(.AREA.,$,#3074);
#3074=IFCINDEXEDPOLYCURVE(#3075,(IFCLINEINDEX((1,2,3,4,5,6,1))),$);
#3075=IFCCARTESIANPOINTLIST2D(((0.,0.),(0.,0.040000000000000008),(-0.11999999999999988,0.040000000000000008),(-0.11999999999999988,0.020000000000000004),(-0.020000000000000018,0.020000000000000004),(-0.020000000000000018,0.)));
#3076=IFCAXIS2PLACEMENT3D(#3077,#3078,#3079);
#3077=IFCCARTESIANPOINT((0.82499997578561302,0.091074997559189796,1.015000000372529));
#3078=IFCDIRECTION((0.,0.,1.));
#3079=IFCDIRECTION((1.,0.,0.));
#3080=IFCDIRECTION((0.,0.,1.));
#3081=IFCSHAPEREPRESENTATION(#11,'Body','SweptSolid',(#3017,#3026,#3062,#3071,#3072,#3035,#3044,#3053));
#3082=IFCCARTESIANPOINTLIST2D(((0.,0.),(0.,0.11558942496776581),(0.02500000037252903,0.11558942496776581),(0.02500000037252903,0.02500000037252903),(0.05000000074505806,0.02500000037252903),(0.05000000074505806,0.)));
#3083=IFCINDEXEDPOLYCURVE(#3082,(IFCLINEINDEX((1,2,3,4,5,6,1))),$);
#3084=IFCINDEXEDPOLYCURVE(#3085,(IFCLINEINDEX((1,2,3,4,5,6,1))),$);
#3085=IFCCARTESIANPOINTLIST2D(((0.89999997615814209,0.),(0.89999997615814209,0.11558942496776581),(0.87499997578561306,0.11558942496776581),(0.87499997578561306,0.02500000037252903),(0.84999997541308403,0.02500000037252903),(0.84999997541308403,0.)));
#3086=IFCDIRECTION((1.,0.));
#3087=IFCCARTESIANPOINT((0.091074997559189796,0.11558942496776581));
#3088=IFCAXIS2PLACEMENT2D(#3087,#3086);
#3089=IFCELLIPSE(#3088,0.78392497822642326,0.84999997541308403);
#3090=IFCCARTESIANPOINT((0.87499997578561306,0.11558942496776581));
#3091=IFCCARTESIANPOINT((0.091074997559189796,0.96558940038084984));
#3092=IFCTRIMMEDCURVE(#3089,(#3090),(#3091),.T.,.CARTESIAN.);
#3093=IFCCARTESIANPOINTLIST2D(((0.02500000037252903,0.11558942496776581),(0.091074997559189796,0.11558942496776581),(0.091074997559189796,0.96558940038084984),(0.02500000037252903,0.96558940038084984)));
#3094=IFCINDEXEDPOLYCURVE(#3093,(IFCLINEINDEX((1,2,3,4,1))),$);
#3095=IFCSHAPEREPRESENTATION(#24,'Body','Curve2D',(#3083,#3084,#3092,#3094));
#3096=IFCCARTESIANPOINTLIST2D(((0.,0.),(0.89999997615814209,0.),(0.89999997615814209,2.),(0.,2.)));
#3097=IFCINDEXEDPOLYCURVE(#3096,(IFCLINEINDEX((1,2,3,4,1))),$);
#3098=IFCARBITRARYCLOSEDPROFILEDEF(.AREA.,$,#3097);
#3099=IFCCARTESIANPOINT((0.,-0.60000002384185791,0.));
#3100=IFCDIRECTION((0.,-1.,0.));
#3101=IFCDIRECTION((1.,0.,0.));
#3102=IFCAXIS2PLACEMENT3D(#3099,#3100,#3101);
#3103=IFCDIRECTION((0.,0.,-1.));
#3104=IFCEXTRUDEDAREASOLID(#3098,#3102,#3103,1.2);
#3105=IFCSHAPEREPRESENTATION(#11,'Body','SweptSolid',(#3104));
#3111=IFCCARTESIANPOINT((2.500292053996009,0.11607471348744366,0.));
#3112=IFCDIRECTION((0.,0.,1.));
#3113=IFCDIRECTION((-0.99999999999997868,2.0663207322967565E-07,0.));
#3114=IFCAXIS2PLACEMENT3D(#3111,#3112,#3113);
#3115=IFCLOCALPLACEMENT(#1632,#3114);
#3116=IFCCARTESIANPOINT((-4.4408920985006262E-16,0.,0.));
#3117=IFCDIRECTION((0.,0.,1.));
#3118=IFCDIRECTION((1.,1.0587911840678754E-22,0.));
#3119=IFCAXIS2PLACEMENT3D(#3116,#3117,#3118);
#3120=IFCLOCALPLACEMENT(#3115,#3119);
#3121=IFCDOORTYPE('2MCkg2LOnFDxPBSTJqy0j0',$,'Bathroom-GF',$,$,(#3122),(#3124,#3132,#3210),$,$,.DOOR.,.SINGLE_SWING_LEFT.,$,$);
#3122=IFCPROPERTYSET('3kDew7EL53$AQJ3dUnc5im',$,'BBIM_Door',$,(#3123));
#3123=IFCPROPERTYSINGLEVALUE('Data',$,IFCTEXT('{"door_type": "SINGLE_SWING_LEFT", "overall_height": 2.0, "overall_width": 0.6535142660140991, "lining_properties": {"lining_depth": 0.11558942496776581, "lining_thickness": 0.05000000074505806, "lining_offset": 0.0, "lining_to_panel_offset_x": 0.02500000037252903, "lining_to_panel_offset_y": 0.02500000037252903, "transom_thickness": 0.0, "casing_thickness": 0.07500000298023224, "casing_depth": 0.004999999888241291, "threshold_thickness": 0.02500000037252903, "threshold_depth": 0.10000000149011612, "threshold_offset": 0.0}, "panel_properties": {"panel_depth": 0.06607499718666077, "panel_width_ratio": 1.0}}'),$);
#3124=IFCREPRESENTATIONMAP(#3125,#3949);
#3125=IFCAXIS2PLACEMENT3D(#3126,#3127,#3128);
#3126=IFCCARTESIANPOINT((0.,0.,0.));
#3127=IFCDIRECTION((0.,0.,1.));
#3128=IFCDIRECTION((1.,0.,0.));
#3132=IFCREPRESENTATIONMAP(#3133,#4022);
#3133=IFCAXIS2PLACEMENT3D(#3134,#3135,#3136);
#3134=IFCCARTESIANPOINT((0.,0.,0.));
#3135=IFCDIRECTION((0.,0.,1.));
#3136=IFCDIRECTION((1.,0.,0.));
#3210=IFCREPRESENTATIONMAP(#3211,#4036);
#3211=IFCAXIS2PLACEMENT3D(#3212,#3213,#3214);
#3212=IFCCARTESIANPOINT((0.,0.,0.));
#3213=IFCDIRECTION((0.,0.,1.));
#3214=IFCDIRECTION((1.,0.,0.));
#3229=IFCDOOR('235VfOvlvACgUD7Qq76HcR',$,'Door',$,$,#4061,#3238,$,2.,0.65351426601409912,$,.SINGLE_SWING_LEFT.,$);
#3230=IFCRELDEFINESBYTYPE('3V1MmY9Kn7sxYMaax$igXz',$,$,$,(#3229),#3121);
#3231=IFCCARTESIANPOINT((0.,0.,0.));
#3232=IFCDIRECTION((1.,0.,0.));
#3233=IFCDIRECTION((0.,1.,0.));
#3234=IFCDIRECTION((0.,0.,1.));
#3235=IFCCARTESIANTRANSFORMATIONOPERATOR3D(#3232,#3233,#3231,1.,#3234);
#3236=IFCMAPPEDITEM(#3124,#3235);
#3237=IFCSHAPEREPRESENTATION(#18,'Profile','MappedRepresentation',(#3236));
#3238=IFCPRODUCTDEFINITIONSHAPE($,$,(#3237,#3245,#3252));
#3239=IFCCARTESIANPOINT((0.,0.,0.));
#3240=IFCDIRECTION((1.,0.,0.));
#3241=IFCDIRECTION((0.,1.,0.));
#3242=IFCDIRECTION((0.,0.,1.));
#3243=IFCCARTESIANTRANSFORMATIONOPERATOR3D(#3240,#3241,#3239,1.,#3242);
#3244=IFCMAPPEDITEM(#3132,#3243);
#3245=IFCSHAPEREPRESENTATION(#11,'Body','MappedRepresentation',(#3244));
#3246=IFCCARTESIANPOINT((0.,0.,0.));
#3247=IFCDIRECTION((1.,0.,0.));
#3248=IFCDIRECTION((0.,1.,0.));
#3249=IFCDIRECTION((0.,0.,1.));
#3250=IFCCARTESIANTRANSFORMATIONOPERATOR3D(#3247,#3248,#3246,1.,#3249);
#3251=IFCMAPPEDITEM(#3210,#3250);
#3252=IFCSHAPEREPRESENTATION(#24,'Body','MappedRepresentation',(#3251));
#3253=IFCOPENINGELEMENT('0YJhE3FcX2gAegagj6aMBd',$,'Opening',$,$,#4056,#3281,$,.OPENING.);
#3269=IFCCARTESIANPOINT((0.,0.,0.));
#3270=IFCDIRECTION((1.,0.,0.));
#3271=IFCDIRECTION((0.,0.,1.));
#3272=IFCAXIS2PLACEMENT3D(#3269,#3271,#3270);
#3273=IFCREPRESENTATIONMAP(#3272,#4046);
#3274=IFCCARTESIANPOINT((0.,0.,0.));
#3275=IFCDIRECTION((1.,0.,0.));
#3276=IFCDIRECTION((0.,1.,0.));
#3277=IFCDIRECTION((0.,0.,1.));
#3278=IFCCARTESIANTRANSFORMATIONOPERATOR3D(#3275,#3276,#3274,1.,#3277);
#3279=IFCMAPPEDITEM(#3273,#3278);
#3280=IFCSHAPEREPRESENTATION(#11,'Body','MappedRepresentation',(#3279));
#3281=IFCPRODUCTDEFINITIONSHAPE($,$,(#3280));
#3282=IFCRELVOIDSELEMENT('3J_2RF055CVxlp3Sg8Jk$D',$,$,$,#759,#3253);
#3288=IFCRELFILLSELEMENT('1AtVu7lH5B8QUfYXO4abmc',$,$,$,#3253,#3229);
#3297=IFCCARTESIANPOINTLIST2D(((0.,0.),(0.,2.),(0.65351426601409912,2.),(0.65351426601409912,0.),(0.62851426564157009,0.),(0.62851426564157009,1.974999999627471),(0.02500000037252903,1.974999999627471),(0.02500000037252903,0.)));
#3298=IFCINDEXEDPOLYCURVE(#3297,(IFCLINEINDEX((1,2,3,4,5,6,7,8,1))),$);
#3299=IFCARBITRARYCLOSEDPROFILEDEF(.AREA.,$,#3298);
#3300=IFCCARTESIANPOINT((0.,0.02500000037252903,0.));
#3301=IFCDIRECTION((0.,-1.,0.));
#3302=IFCDIRECTION((1.,0.,0.));
#3303=IFCAXIS2PLACEMENT3D(#3300,#3301,#3302);
#3304=IFCDIRECTION((0.,0.,-1.));
#3305=IFCEXTRUDEDAREASOLID(#3299,#3303,#3304,0.090589424595236778);
#3306=IFCCARTESIANPOINTLIST2D(((0.,0.),(0.,2.),(0.65351426601409912,2.),(0.65351426601409912,0.),(0.60351426526904106,0.),(0.60351426526904106,1.9499999992549419),(0.05000000074505806,1.9499999992549419),(0.05000000074505806,0.)));
#3307=IFCINDEXEDPOLYCURVE(#3306,(IFCLINEINDEX((1,2,3,4,5,6,7,8,1))),$);
#3308=IFCARBITRARYCLOSEDPROFILEDEF(.AREA.,$,#3307);
#3309=IFCCARTESIANPOINT((0.,0.,0.));
#3310=IFCDIRECTION((0.,-1.,0.));
#3311=IFCDIRECTION((1.,0.,0.));
#3312=IFCAXIS2PLACEMENT3D(#3309,#3310,#3311);
#3313=IFCDIRECTION((0.,0.,-1.));
#3314=IFCEXTRUDEDAREASOLID(#3308,#3312,#3313,0.02500000037252903);
#3315=IFCCARTESIANPOINTLIST2D(((0.,0.),(0.553514264523983,0.),(0.553514264523983,0.10000000149011612),(0.,0.10000000149011612)));
#3316=IFCINDEXEDPOLYCURVE(#3315,(IFCLINEINDEX((1,2,3,4,1))),$);
#3317=IFCARBITRARYCLOSEDPROFILEDEF(.AREA.,$,#3316);
#3318=IFCCARTESIANPOINT((0.05000000074505806,0.,0.));
#3319=IFCDIRECTION((0.,0.,1.));
#3320=IFCDIRECTION((1.,0.,0.));
#3321=IFCAXIS2PLACEMENT3D(#3318,#3319,#3320);
#3322=IFCDIRECTION((0.,0.,1.));
#3323=IFCEXTRUDEDAREASOLID(#3317,#3321,#3322,0.02500000037252903);
#3324=IFCCARTESIANPOINTLIST2D(((0.,0.),(0.,2.0250000022351742),(0.70351427048444748,2.0250000022351742),(0.70351427048444748,0.),(0.62851426750421524,0.),(0.62851426750421524,1.9499999992549419),(0.075000002980232239,1.9499999992549419),(0.075000002980232239,0.)));
#3325=IFCINDEXEDPOLYCURVE(#3324,(IFCLINEINDEX((1,2,3,4,5,6,7,8,1))),$);
#3326=IFCARBITRARYCLOSEDPROFILEDEF(.AREA.,$,#3325);
#3327=IFCCARTESIANPOINT((-0.025000002235174179,-0.004999999888241291,0.));
#3328=IFCDIRECTION((0.,-1.,0.));
#3329=IFCDIRECTION((1.,0.,0.));
#3330=IFCAXIS2PLACEMENT3D(#3327,#3328,#3329);
#3331=IFCDIRECTION((0.,0.,-1.));
#3332=IFCEXTRUDEDAREASOLID(#3326,#3330,#3331,0.004999999888241291);
#3333=IFCCARTESIANPOINTLIST2D(((0.,0.),(0.,2.0250000022351742),(0.70351427048444748,2.0250000022351742),(0.70351427048444748,0.),(0.65351426787674427,0.),(0.65351426787674427,1.974999999627471),(0.050000002607703209,1.974999999627471),(0.050000002607703209,0.)));
#3334=IFCINDEXEDPOLYCURVE(#3333,(IFCLINEINDEX((1,2,3,4,5,6,7,8,1))),$);
#3335=IFCARBITRARYCLOSEDPROFILEDEF(.AREA.,$,#3334);
#3336=IFCCARTESIANPOINT((-0.025000002235174179,0.11558942496776581,0.));
#3337=IFCDIRECTION((0.,-1.,0.));
#3338=IFCDIRECTION((1.,0.,0.));
#3339=IFCAXIS2PLACEMENT3D(#3336,#3337,#3338);
#3340=IFCDIRECTION((0.,0.,-1.));
#3341=IFCEXTRUDEDAREASOLID(#3335,#3339,#3340,0.004999999888241291);
#3342=IFCCARTESIANPOINTLIST2D(((0.,0.),(0.60351426526904106,0.),(0.60351426526904106,0.066074997186660767),(0.,0.066074997186660767)));
#3343=IFCINDEXEDPOLYCURVE(#3342,(IFCLINEINDEX((1,2,3,4,1))),$);
#3344=IFCARBITRARYCLOSEDPROFILEDEF(.AREA.,$,#3343);
#3345=IFCCARTESIANPOINT((0.02500000037252903,0.02500000037252903,0.02500000037252903));
#3346=IFCDIRECTION((0.,0.,1.));
#3347=IFCDIRECTION((1.,0.,0.));
#3348=IFCAXIS2PLACEMENT3D(#3345,#3346,#3347);
#3349=IFCDIRECTION((0.,0.,1.));
#3350=IFCEXTRUDEDAREASOLID(#3344,#3348,#3349,1.9499999992549419);
#3351=IFCCARTESIANPOINTLIST2D(((0.,0.),(0.,-0.040000000000000001),(0.12,-0.040000000000000001),(0.12,-0.02),(0.02,-0.02),(0.02,0.)));
#3352=IFCINDEXEDPOLYCURVE(#3351,(IFCLINEINDEX((1,2,3,4,5,6,1))),$);
#3353=IFCARBITRARYCLOSEDPROFILEDEF(.AREA.,$,#3352);
#3354=IFCCARTESIANPOINT((0.075000000372529033,0.02500000037252903,1.015000000372529));
#3355=IFCDIRECTION((0.,0.,1.));
#3356=IFCDIRECTION((1.,0.,0.));
#3357=IFCAXIS2PLACEMENT3D(#3354,#3355,#3356);
#3358=IFCDIRECTION((0.,0.,1.));
#3359=IFCEXTRUDEDAREASOLID(#3353,#3357,#3358,0.02);
#3360=IFCEXTRUDEDAREASOLID(#3361,#3364,#3368,0.02);
#3361=IFCARBITRARYCLOSEDPROFILEDEF(.AREA.,$,#3362);
#3362=IFCINDEXEDPOLYCURVE(#3363,(IFCLINEINDEX((1,2,3,4,5,6,1))),$);
#3363=IFCCARTESIANPOINTLIST2D(((0.,0.),(0.,0.040000000000000008),(0.11999999999999998,0.040000000000000008),(0.11999999999999998,0.020000000000000004),(0.020000000000000004,0.020000000000000004),(0.020000000000000004,0.)));
#3364=IFCAXIS2PLACEMENT3D(#3365,#3366,#3367);
#3365=IFCCARTESIANPOINT((0.075000000372529033,0.091074997559189796,1.015000000372529));
#3366=IFCDIRECTION((0.,0.,1.));
#3367=IFCDIRECTION((1.,0.,0.));
#3368=IFCDIRECTION((0.,0.,1.));
#3370=IFCSHAPEREPRESENTATION(#11,'Body','SweptSolid',(#3640,#3879,#3323,#3728,#3861,#3631,#3958,#3314,#3852,#3622,#3994,#3305,#3764,#3843,#3613,#3985,#3755,#3737,#3976,#3341,#3746,#3649,#3967,#3332,#3870));
#3371=IFCSHAPEASPECT((#3370),'Lining',$,.T.,#3238);
#3372=IFCSHAPEREPRESENTATION(#11,'Body','SweptSolid',(#3667,#3898,#3782,#3888,#3668,#3658,#3783,#3773,#4012,#4013,#4003,#3359,#3897,#3350,#3360));
#3373=IFCSHAPEASPECT((#3372),'Framing',$,.T.,#3238);
#3522=IFCCARTESIANPOINTLIST2D(((0.10000000000000028,0.),(0.099999992450210157,0.10000000000000001),(2.6499999773506335,0.10000000000000001),(2.7500000000000067,0.)));
#3523=IFCINDEXEDPOLYCURVE(#3522,(IFCLINEINDEX((1,2,3,4,1))),$);
#3524=IFCARBITRARYCLOSEDPROFILEDEF(.AREA.,$,#3523);
#3525=IFCCARTESIANPOINT((0.,0.,0.));
#3526=IFCDIRECTION((0.,0.,1.));
#3527=IFCDIRECTION((1.,0.,0.));
#3528=IFCAXIS2PLACEMENT3D(#3525,#3526,#3527);
#3529=IFCDIRECTION((0.,0.,1.));
#3530=IFCEXTRUDEDAREASOLID(#3524,#3528,#3529,3.);
#3531=IFCSHAPEREPRESENTATION(#11,'Body','SweptSolid',(#3530));
#3532=IFCCARTESIANPOINTLIST2D(((0.,0.),(2.7500000000000067,0.)));
#3533=IFCINDEXEDPOLYCURVE(#3532,$,$);
#3534=IFCSHAPEREPRESENTATION(#23,'Axis','Curve2D',(#3533));
#3589=IFCCARTESIANPOINTLIST2D(((0.,0.),(-0.10000000437113893,0.10000000000000001),(2.3760830358662899,0.10000000000000001),(2.476083040237429,0.)));
#3590=IFCINDEXEDPOLYCURVE(#3589,(IFCLINEINDEX((1,2,3,4,1))),$);
#3591=IFCARBITRARYCLOSEDPROFILEDEF(.AREA.,$,#3590);
#3592=IFCCARTESIANPOINT((0.,0.,0.));
#3593=IFCDIRECTION((0.,0.,1.));
#3594=IFCDIRECTION((1.,0.,0.));
#3595=IFCAXIS2PLACEMENT3D(#3592,#3593,#3594);
#3596=IFCDIRECTION((0.,0.,1.));
#3597=IFCEXTRUDEDAREASOLID(#3591,#3595,#3596,3.);
#3598=IFCSHAPEREPRESENTATION(#11,'Body','SweptSolid',(#3597));
#3599=IFCCARTESIANPOINTLIST2D(((0.,0.),(2.476083040237429,0.)));
#3600=IFCINDEXEDPOLYCURVE(#3599,$,$);
#3601=IFCSHAPEREPRESENTATION(#23,'Axis','Curve2D',(#3600));
#3605=IFCCARTESIANPOINTLIST2D(((0.,0.),(0.,2.),(0.65351426601409912,2.),(0.65351426601409912,0.),(0.62851426564157009,0.),(0.62851426564157009,1.974999999627471),(0.02500000037252903,1.974999999627471),(0.02500000037252903,0.)));
#3606=IFCINDEXEDPOLYCURVE(#3605,(IFCLINEINDEX((1,2,3,4,5,6,7,8,1))),$);
#3607=IFCARBITRARYCLOSEDPROFILEDEF(.AREA.,$,#3606);
#3608=IFCCARTESIANPOINT((0.,0.02500000037252903,0.));
#3609=IFCDIRECTION((0.,-1.,0.));
#3610=IFCDIRECTION((1.,0.,0.));
#3611=IFCAXIS2PLACEMENT3D(#3608,#3609,#3610);
#3612=IFCDIRECTION((0.,0.,-1.));
#3613=IFCEXTRUDEDAREASOLID(#3607,#3611,#3612,0.090589424595236778);
#3614=IFCCARTESIANPOINTLIST2D(((0.,0.),(0.,2.),(0.65351426601409912,2.),(0.65351426601409912,0.),(0.60351426526904106,0.),(0.60351426526904106,1.9499999992549419),(0.05000000074505806,1.9499999992549419),(0.05000000074505806,0.)));
#3615=IFCINDEXEDPOLYCURVE(#3614,(IFCLINEINDEX((1,2,3,4,5,6,7,8,1))),$);
#3616=IFCARBITRARYCLOSEDPROFILEDEF(.AREA.,$,#3615);
#3617=IFCCARTESIANPOINT((0.,0.,0.));
#3618=IFCDIRECTION((0.,-1.,0.));
#3619=IFCDIRECTION((1.,0.,0.));
#3620=IFCAXIS2PLACEMENT3D(#3617,#3618,#3619);
#3621=IFCDIRECTION((0.,0.,-1.));
#3622=IFCEXTRUDEDAREASOLID(#3616,#3620,#3621,0.02500000037252903);
#3623=IFCCARTESIANPOINTLIST2D(((0.,0.),(0.553514264523983,0.),(0.553514264523983,0.10000000149011612),(0.,0.10000000149011612)));
#3624=IFCINDEXEDPOLYCURVE(#3623,(IFCLINEINDEX((1,2,3,4,1))),$);
#3625=IFCARBITRARYCLOSEDPROFILEDEF(.AREA.,$,#3624);
#3626=IFCCARTESIANPOINT((0.05000000074505806,0.,0.));
#3627=IFCDIRECTION((0.,0.,1.));
#3628=IFCDIRECTION((1.,0.,0.));
#3629=IFCAXIS2PLACEMENT3D(#3626,#3627,#3628);
#3630=IFCDIRECTION((0.,0.,1.));
#3631=IFCEXTRUDEDAREASOLID(#3625,#3629,#3630,0.02500000037252903);
#3632=IFCCARTESIANPOINTLIST2D(((0.,0.),(0.,2.0250000022351742),(0.70351427048444748,2.0250000022351742),(0.70351427048444748,0.),(0.62851426750421524,0.),(0.62851426750421524,1.9499999992549419),(0.075000002980232239,1.9499999992549419),(0.075000002980232239,0.)));
#3633=IFCINDEXEDPOLYCURVE(#3632,(IFCLINEINDEX((1,2,3,4,5,6,7,8,1))),$);
#3634=IFCARBITRARYCLOSEDPROFILEDEF(.AREA.,$,#3633);
#3635=IFCCARTESIANPOINT((-0.025000002235174179,-0.004999999888241291,0.));
#3636=IFCDIRECTION((0.,-1.,0.));
#3637=IFCDIRECTION((1.,0.,0.));
#3638=IFCAXIS2PLACEMENT3D(#3635,#3636,#3637);
#3639=IFCDIRECTION((0.,0.,-1.));
#3640=IFCEXTRUDEDAREASOLID(#3634,#3638,#3639,0.004999999888241291);
#3641=IFCCARTESIANPOINTLIST2D(((0.,0.),(0.,2.0250000022351742),(0.70351427048444748,2.0250000022351742),(0.70351427048444748,0.),(0.65351426787674427,0.),(0.65351426787674427,1.974999999627471),(0.050000002607703209,1.974999999627471),(0.050000002607703209,0.)));
#3642=IFCINDEXEDPOLYCURVE(#3641,(IFCLINEINDEX((1,2,3,4,5,6,7,8,1))),$);
#3643=IFCARBITRARYCLOSEDPROFILEDEF(.AREA.,$,#3642);
#3644=IFCCARTESIANPOINT((-0.025000002235174179,0.11558942496776581,0.));
#3645=IFCDIRECTION((0.,-1.,0.));
#3646=IFCDIRECTION((1.,0.,0.));
#3647=IFCAXIS2PLACEMENT3D(#3644,#3645,#3646);
#3648=IFCDIRECTION((0.,0.,-1.));
#3649=IFCEXTRUDEDAREASOLID(#3643,#3647,#3648,0.004999999888241291);
#3650=IFCCARTESIANPOINTLIST2D(((0.,0.),(0.60351426526904106,0.),(0.60351426526904106,0.066074997186660767),(0.,0.066074997186660767)));
#3651=IFCINDEXEDPOLYCURVE(#3650,(IFCLINEINDEX((1,2,3,4,1))),$);
#3652=IFCARBITRARYCLOSEDPROFILEDEF(.AREA.,$,#3651);
#3653=IFCCARTESIANPOINT((0.02500000037252903,0.02500000037252903,0.02500000037252903));
#3654=IFCDIRECTION((0.,0.,1.));
#3655=IFCDIRECTION((1.,0.,0.));
#3656=IFCAXIS2PLACEMENT3D(#3653,#3654,#3655);
#3657=IFCDIRECTION((0.,0.,1.));
#3658=IFCEXTRUDEDAREASOLID(#3652,#3656,#3657,1.9499999992549419);
#3659=IFCCARTESIANPOINTLIST2D(((0.,0.),(0.,-0.040000000000000001),(-0.11999999999999994,-0.040000000000000001),(-0.11999999999999994,-0.02),(-0.020000000000000018,-0.02),(-0.020000000000000018,0.)));
#3660=IFCINDEXEDPOLYCURVE(#3659,(IFCLINEINDEX((1,2,3,4,5,6,1))),$);
#3661=IFCARBITRARYCLOSEDPROFILEDEF(.AREA.,$,#3660);
#3662=IFCCARTESIANPOINT((0.57851426564157005,0.02500000037252903,1.015000000372529));
#3663=IFCDIRECTION((0.,0.,1.));
#3664=IFCDIRECTION((1.,0.,0.));
#3665=IFCAXIS2PLACEMENT3D(#3662,#3663,#3664);
#3666=IFCDIRECTION((0.,0.,1.));
#3667=IFCEXTRUDEDAREASOLID(#3661,#3665,#3666,0.02);
#3668=IFCEXTRUDEDAREASOLID(#3669,#3672,#3676,0.02);
#3669=IFCARBITRARYCLOSEDPROFILEDEF(.AREA.,$,#3670);
#3670=IFCINDEXEDPOLYCURVE(#3671,(IFCLINEINDEX((1,2,3,4,5,6,1))),$);
#3671=IFCCARTESIANPOINTLIST2D(((0.,0.),(0.,0.040000000000000008),(-0.11999999999999994,0.040000000000000008),(-0.11999999999999994,0.020000000000000004),(-0.020000000000000018,0.020000000000000004),(-0.020000000000000018,0.)));
#3672=IFCAXIS2PLACEMENT3D(#3673,#3674,#3675);
#3673=IFCCARTESIANPOINT((0.57851426564157005,0.091074997559189796,1.015000000372529));
#3674=IFCDIRECTION((0.,0.,1.));
#3675=IFCDIRECTION((1.,0.,0.));
#3676=IFCDIRECTION((0.,0.,1.));
#3720=IFCCARTESIANPOINTLIST2D(((0.,0.),(0.,2.),(0.65351426601409912,2.),(0.65351426601409912,0.),(0.62851426564157009,0.),(0.62851426564157009,1.974999999627471),(0.02500000037252903,1.974999999627471),(0.02500000037252903,0.)));
#3721=IFCINDEXEDPOLYCURVE(#3720,(IFCLINEINDEX((1,2,3,4,5,6,7,8,1))),$);
#3722=IFCARBITRARYCLOSEDPROFILEDEF(.AREA.,$,#3721);
#3723=IFCCARTESIANPOINT((0.,0.02500000037252903,0.));
#3724=IFCDIRECTION((0.,-1.,0.));
#3725=IFCDIRECTION((1.,0.,0.));
#3726=IFCAXIS2PLACEMENT3D(#3723,#3724,#3725);
#3727=IFCDIRECTION((0.,0.,-1.));
#3728=IFCEXTRUDEDAREASOLID(#3722,#3726,#3727,0.090589424595236778);
#3729=IFCCARTESIANPOINTLIST2D(((0.,0.),(0.,2.),(0.65351426601409912,2.),(0.65351426601409912,0.),(0.60351426526904106,0.),(0.60351426526904106,1.9499999992549419),(0.05000000074505806,1.9499999992549419),(0.05000000074505806,0.)));
#3730=IFCINDEXEDPOLYCURVE(#3729,(IFCLINEINDEX((1,2,3,4,5,6,7,8,1))),$);
#3731=IFCARBITRARYCLOSEDPROFILEDEF(.AREA.,$,#3730);
#3732=IFCCARTESIANPOINT((0.,0.,0.));
#3733=IFCDIRECTION((0.,-1.,0.));
#3734=IFCDIRECTION((1.,0.,0.));
#3735=IFCAXIS2PLACEMENT3D(#3732,#3733,#3734);
#3736=IFCDIRECTION((0.,0.,-1.));
#3737=IFCEXTRUDEDAREASOLID(#3731,#3735,#3736,0.02500000037252903);
#3738=IFCCARTESIANPOINTLIST2D(((0.,0.),(0.553514264523983,0.),(0.553514264523983,0.10000000149011612),(0.,0.10000000149011612)));
#3739=IFCINDEXEDPOLYCURVE(#3738,(IFCLINEINDEX((1,2,3,4,1))),$);
#3740=IFCARBITRARYCLOSEDPROFILEDEF(.AREA.,$,#3739);
#3741=IFCCARTESIANPOINT((0.05000000074505806,0.,0.));
#3742=IFCDIRECTION((0.,0.,1.));
#3743=IFCDIRECTION((1.,0.,0.));
#3744=IFCAXIS2PLACEMENT3D(#3741,#3742,#3743);
#3745=IFCDIRECTION((0.,0.,1.));
#3746=IFCEXTRUDEDAREASOLID(#3740,#3744,#3745,0.02500000037252903);
#3747=IFCCARTESIANPOINTLIST2D(((0.,0.),(0.,2.0250000022351742),(0.70351427048444748,2.0250000022351742),(0.70351427048444748,0.),(0.62851426750421524,0.),(0.62851426750421524,1.9499999992549419),(0.075000002980232239,1.9499999992549419),(0.075000002980232239,0.)));
#3748=IFCINDEXEDPOLYCURVE(#3747,(IFCLINEINDEX((1,2,3,4,5,6,7,8,1))),$);
#3749=IFCARBITRARYCLOSEDPROFILEDEF(.AREA.,$,#3748);
#3750=IFCCARTESIANPOINT((-0.025000002235174179,-0.004999999888241291,0.));
#3751=IFCDIRECTION((0.,-1.,0.));
#3752=IFCDIRECTION((1.,0.,0.));
#3753=IFCAXIS2PLACEMENT3D(#3750,#3751,#3752);
#3754=IFCDIRECTION((0.,0.,-1.));
#3755=IFCEXTRUDEDAREASOLID(#3749,#3753,#3754,0.004999999888241291);
#3756=IFCCARTESIANPOINTLIST2D(((0.,0.),(0.,2.0250000022351742),(0.70351427048444748,2.0250000022351742),(0.70351427048444748,0.),(0.65351426787674427,0.),(0.65351426787674427,1.974999999627471),(0.050000002607703209,1.974999999627471),(0.050000002607703209,0.)));
#3757=IFCINDEXEDPOLYCURVE(#3756,(IFCLINEINDEX((1,2,3,4,5,6,7,8,1))),$);
#3758=IFCARBITRARYCLOSEDPROFILEDEF(.AREA.,$,#3757);
#3759=IFCCARTESIANPOINT((-0.025000002235174179,0.11558942496776581,0.));
#3760=IFCDIRECTION((0.,-1.,0.));
#3761=IFCDIRECTION((1.,0.,0.));
#3762=IFCAXIS2PLACEMENT3D(#3759,#3760,#3761);
#3763=IFCDIRECTION((0.,0.,-1.));
#3764=IFCEXTRUDEDAREASOLID(#3758,#3762,#3763,0.004999999888241291);
#3765=IFCCARTESIANPOINTLIST2D(((0.,0.),(0.60351426526904106,0.),(0.60351426526904106,0.066074997186660767),(0.,0.066074997186660767)));
#3766=IFCINDEXEDPOLYCURVE(#3765,(IFCLINEINDEX((1,2,3,4,1))),$);
#3767=IFCARBITRARYCLOSEDPROFILEDEF(.AREA.,$,#3766);
#3768=IFCCARTESIANPOINT((0.02500000037252903,0.02500000037252903,0.02500000037252903));
#3769=IFCDIRECTION((0.,0.,1.));
#3770=IFCDIRECTION((1.,0.,0.));
#3771=IFCAXIS2PLACEMENT3D(#3768,#3769,#3770);
#3772=IFCDIRECTION((0.,0.,1.));
#3773=IFCEXTRUDEDAREASOLID(#3767,#3771,#3772,1.9499999992549419);
#3774=IFCCARTESIANPOINTLIST2D(((0.,0.),(0.,-0.040000000000000001),(0.12,-0.040000000000000001),(0.12,-0.02),(0.02,-0.02),(0.02,0.)));
#3775=IFCINDEXEDPOLYCURVE(#3774,(IFCLINEINDEX((1,2,3,4,5,6,1))),$);
#3776=IFCARBITRARYCLOSEDPROFILEDEF(.AREA.,$,#3775);
#3777=IFCCARTESIANPOINT((0.075000000372529033,0.02500000037252903,1.015000000372529));
#3778=IFCDIRECTION((0.,0.,1.));
#3779=IFCDIRECTION((1.,0.,0.));
#3780=IFCAXIS2PLACEMENT3D(#3777,#3778,#3779);
#3781=IFCDIRECTION((0.,0.,1.));
#3782=IFCEXTRUDEDAREASOLID(#3776,#3780,#3781,0.02);
#3783=IFCEXTRUDEDAREASOLID(#3784,#3787,#3791,0.02);
#3784=IFCARBITRARYCLOSEDPROFILEDEF(.AREA.,$,#3785);
#3785=IFCINDEXEDPOLYCURVE(#3786,(IFCLINEINDEX((1,2,3,4,5,6,1))),$);
#3786=IFCCARTESIANPOINTLIST2D(((0.,0.),(0.,0.040000000000000008),(0.11999999999999998,0.040000000000000008),(0.11999999999999998,0.020000000000000004),(0.020000000000000004,0.020000000000000004),(0.020000000000000004,0.)));
#3787=IFCAXIS2PLACEMENT3D(#3788,#3789,#3790);
#3788=IFCCARTESIANPOINT((0.075000000372529033,0.091074997559189796,1.015000000372529));
#3789=IFCDIRECTION((0.,0.,1.));
#3790=IFCDIRECTION((1.,0.,0.));
#3791=IFCDIRECTION((0.,0.,1.));
#3835=IFCCARTESIANPOINTLIST2D(((0.,0.),(0.,2.),(0.65351426601409912,2.),(0.65351426601409912,0.),(0.62851426564157009,0.),(0.62851426564157009,1.974999999627471),(0.02500000037252903,1.974999999627471),(0.02500000037252903,0.)));
#3836=IFCINDEXEDPOLYCURVE(#3835,(IFCLINEINDEX((1,2,3,4,5,6,7,8,1))),$);
#3837=IFCARBITRARYCLOSEDPROFILEDEF(.AREA.,$,#3836);
#3838=IFCCARTESIANPOINT((0.,0.02500000037252903,0.));
#3839=IFCDIRECTION((0.,-1.,0.));
#3840=IFCDIRECTION((1.,0.,0.));
#3841=IFCAXIS2PLACEMENT3D(#3838,#3839,#3840);
#3842=IFCDIRECTION((0.,0.,-1.));
#3843=IFCEXTRUDEDAREASOLID(#3837,#3841,#3842,0.090589424595236778);
#3844=IFCCARTESIANPOINTLIST2D(((0.,0.),(0.,2.),(0.65351426601409912,2.),(0.65351426601409912,0.),(0.60351426526904106,0.),(0.60351426526904106,1.9499999992549419),(0.05000000074505806,1.9499999992549419),(0.05000000074505806,0.)));
#3845=IFCINDEXEDPOLYCURVE(#3844,(IFCLINEINDEX((1,2,3,4,5,6,7,8,1))),$);
#3846=IFCARBITRARYCLOSEDPROFILEDEF(.AREA.,$,#3845);
#3847=IFCCARTESIANPOINT((0.,0.,0.));
#3848=IFCDIRECTION((0.,-1.,0.));
#3849=IFCDIRECTION((1.,0.,0.));
#3850=IFCAXIS2PLACEMENT3D(#3847,#3848,#3849);
#3851=IFCDIRECTION((0.,0.,-1.));
#3852=IFCEXTRUDEDAREASOLID(#3846,#3850,#3851,0.02500000037252903);
#3853=IFCCARTESIANPOINTLIST2D(((0.,0.),(0.553514264523983,0.),(0.553514264523983,0.10000000149011612),(0.,0.10000000149011612)));
#3854=IFCINDEXEDPOLYCURVE(#3853,(IFCLINEINDEX((1,2,3,4,1))),$);
#3855=IFCARBITRARYCLOSEDPROFILEDEF(.AREA.,$,#3854);
#3856=IFCCARTESIANPOINT((0.05000000074505806,0.,0.));
#3857=IFCDIRECTION((0.,0.,1.));
#3858=IFCDIRECTION((1.,0.,0.));
#3859=IFCAXIS2PLACEMENT3D(#3856,#3857,#3858);
#3860=IFCDIRECTION((0.,0.,1.));
#3861=IFCEXTRUDEDAREASOLID(#3855,#3859,#3860,0.02500000037252903);
#3862=IFCCARTESIANPOINTLIST2D(((0.,0.),(0.,2.0250000022351742),(0.70351427048444748,2.0250000022351742),(0.70351427048444748,0.),(0.62851426750421524,0.),(0.62851426750421524,1.9499999992549419),(0.075000002980232239,1.9499999992549419),(0.075000002980232239,0.)));
#3863=IFCINDEXEDPOLYCURVE(#3862,(IFCLINEINDEX((1,2,3,4,5,6,7,8,1))),$);
#3864=IFCARBITRARYCLOSEDPROFILEDEF(.AREA.,$,#3863);
#3865=IFCCARTESIANPOINT((-0.025000002235174179,-0.004999999888241291,0.));
#3866=IFCDIRECTION((0.,-1.,0.));
#3867=IFCDIRECTION((1.,0.,0.));
#3868=IFCAXIS2PLACEMENT3D(#3865,#3866,#3867);
#3869=IFCDIRECTION((0.,0.,-1.));
#3870=IFCEXTRUDEDAREASOLID(#3864,#3868,#3869,0.004999999888241291);
#3871=IFCCARTESIANPOINTLIST2D(((0.,0.),(0.,2.0250000022351742),(0.70351427048444748,2.0250000022351742),(0.70351427048444748,0.),(0.65351426787674427,0.),(0.65351426787674427,1.974999999627471),(0.050000002607703209,1.974999999627471),(0.050000002607703209,0.)));
#3872=IFCINDEXEDPOLYCURVE(#3871,(IFCLINEINDEX((1,2,3,4,5,6,7,8,1))),$);
#3873=IFCARBITRARYCLOSEDPROFILEDEF(.AREA.,$,#3872);
#3874=IFCCARTESIANPOINT((-0.025000002235174179,0.11558942496776581,0.));
#3875=IFCDIRECTION((0.,-1.,0.));
#3876=IFCDIRECTION((1.,0.,0.));
#3877=IFCAXIS2PLACEMENT3D(#3874,#3875,#3876);
#3878=IFCDIRECTION((0.,0.,-1.));
#3879=IFCEXTRUDEDAREASOLID(#3873,#3877,#3878,0.004999999888241291);
#3880=IFCCARTESIANPOINTLIST2D(((0.,0.),(0.60351426526904106,0.),(0.60351426526904106,0.066074997186660767),(0.,0.066074997186660767)));
#3881=IFCINDEXEDPOLYCURVE(#3880,(IFCLINEINDEX((1,2,3,4,1))),$);
#3882=IFCARBITRARYCLOSEDPROFILEDEF(.AREA.,$,#3881);
#3883=IFCCARTESIANPOINT((0.02500000037252903,0.02500000037252903,0.02500000037252903));
#3884=IFCDIRECTION((0.,0.,1.));
#3885=IFCDIRECTION((1.,0.,0.));
#3886=IFCAXIS2PLACEMENT3D(#3883,#3884,#3885);
#3887=IFCDIRECTION((0.,0.,1.));
#3888=IFCEXTRUDEDAREASOLID(#3882,#3886,#3887,1.9499999992549419);
#3889=IFCCARTESIANPOINTLIST2D(((0.,0.),(0.,-0.040000000000000001),(-0.11999999999999994,-0.040000000000000001),(-0.11999999999999994,-0.02),(-0.020000000000000018,-0.02),(-0.020000000000000018,0.)));
#3890=IFCINDEXEDPOLYCURVE(#3889,(IFCLINEINDEX((1,2,3,4,5,6,1))),$);
#3891=IFCARBITRARYCLOSEDPROFILEDEF(.AREA.,$,#3890);
#3892=IFCCARTESIANPOINT((0.57851426564157005,0.02500000037252903,1.015000000372529));
#3893=IFCDIRECTION((0.,0.,1.));
#3894=IFCDIRECTION((1.,0.,0.));
#3895=IFCAXIS2PLACEMENT3D(#3892,#3893,#3894);
#3896=IFCDIRECTION((0.,0.,1.));
#3897=IFCEXTRUDEDAREASOLID(#3891,#3895,#3896,0.02);
#3898=IFCEXTRUDEDAREASOLID(#3899,#3902,#3906,0.02);
#3899=IFCARBITRARYCLOSEDPROFILEDEF(.AREA.,$,#3900);
#3900=IFCINDEXEDPOLYCURVE(#3901,(IFCLINEINDEX((1,2,3,4,5,6,1))),$);
#3901=IFCCARTESIANPOINTLIST2D(((0.,0.),(0.,0.040000000000000008),(-0.11999999999999994,0.040000000000000008),(-0.11999999999999994,0.020000000000000004),(-0.020000000000000018,0.020000000000000004),(-0.020000000000000018,0.)));
#3902=IFCAXIS2PLACEMENT3D(#3903,#3904,#3905);
#3903=IFCCARTESIANPOINT((0.57851426564157005,0.091074997559189796,1.015000000372529));
#3904=IFCDIRECTION((0.,0.,1.));
#3905=IFCDIRECTION((1.,0.,0.));
#3906=IFCDIRECTION((0.,0.,1.));
#3947=IFCCARTESIANPOINTLIST3D(((0.,0.,0.),(0.65351426601409912,0.,0.),(0.65351426601409912,0.,2.),(0.,0.,2.)));
#3948=IFCINDEXEDPOLYCURVE(#3947,(IFCLINEINDEX((1,2,3,4,1))),$);
#3949=IFCSHAPEREPRESENTATION(#18,'Profile','Curve3D',(#3948));
#3950=IFCCARTESIANPOINTLIST2D(((0.,0.),(0.,2.),(0.65351426601409912,2.),(0.65351426601409912,0.),(0.62851426564157009,0.),(0.62851426564157009,1.974999999627471),(0.02500000037252903,1.974999999627471),(0.02500000037252903,0.)));
#3951=IFCINDEXEDPOLYCURVE(#3950,(IFCLINEINDEX((1,2,3,4,5,6,7,8,1))),$);
#3952=IFCARBITRARYCLOSEDPROFILEDEF(.AREA.,$,#3951);
#3953=IFCCARTESIANPOINT((0.,0.02500000037252903,0.));
#3954=IFCDIRECTION((0.,-1.,0.));
#3955=IFCDIRECTION((1.,0.,0.));
#3956=IFCAXIS2PLACEMENT3D(#3953,#3954,#3955);
#3957=IFCDIRECTION((0.,0.,-1.));
#3958=IFCEXTRUDEDAREASOLID(#3952,#3956,#3957,0.090589424595236778);
#3959=IFCCARTESIANPOINTLIST2D(((0.,0.),(0.,2.),(0.65351426601409912,2.),(0.65351426601409912,0.),(0.60351426526904106,0.),(0.60351426526904106,1.9499999992549419),(0.05000000074505806,1.9499999992549419),(0.05000000074505806,0.)));
#3960=IFCINDEXEDPOLYCURVE(#3959,(IFCLINEINDEX((1,2,3,4,5,6,7,8,1))),$);
#3961=IFCARBITRARYCLOSEDPROFILEDEF(.AREA.,$,#3960);
#3962=IFCCARTESIANPOINT((0.,0.,0.));
#3963=IFCDIRECTION((0.,-1.,0.));
#3964=IFCDIRECTION((1.,0.,0.));
#3965=IFCAXIS2PLACEMENT3D(#3962,#3963,#3964);
#3966=IFCDIRECTION((0.,0.,-1.));
#3967=IFCEXTRUDEDAREASOLID(#3961,#3965,#3966,0.02500000037252903);
#3968=IFCCARTESIANPOINTLIST2D(((0.,0.),(0.553514264523983,0.),(0.553514264523983,0.10000000149011612),(0.,0.10000000149011612)));
#3969=IFCINDEXEDPOLYCURVE(#3968,(IFCLINEINDEX((1,2,3,4,1))),$);
#3970=IFCARBITRARYCLOSEDPROFILEDEF(.AREA.,$,#3969);
#3971=IFCCARTESIANPOINT((0.05000000074505806,0.,0.));
#3972=IFCDIRECTION((0.,0.,1.));
#3973=IFCDIRECTION((1.,0.,0.));
#3974=IFCAXIS2PLACEMENT3D(#3971,#3972,#3973);
#3975=IFCDIRECTION((0.,0.,1.));
#3976=IFCEXTRUDEDAREASOLID(#3970,#3974,#3975,0.02500000037252903);
#3977=IFCCARTESIANPOINTLIST2D(((0.,0.),(0.,2.0250000022351742),(0.70351427048444748,2.0250000022351742),(0.70351427048444748,0.),(0.62851426750421524,0.),(0.62851426750421524,1.9499999992549419),(0.075000002980232239,1.9499999992549419),(0.075000002980232239,0.)));
#3978=IFCINDEXEDPOLYCURVE(#3977,(IFCLINEINDEX((1,2,3,4,5,6,7,8,1))),$);
#3979=IFCARBITRARYCLOSEDPROFILEDEF(.AREA.,$,#3978);
#3980=IFCCARTESIANPOINT((-0.025000002235174179,-0.004999999888241291,0.));
#3981=IFCDIRECTION((0.,-1.,0.));
#3982=IFCDIRECTION((1.,0.,0.));
#3983=IFCAXIS2PLACEMENT3D(#3980,#3981,#3982);
#3984=IFCDIRECTION((0.,0.,-1.));
#3985=IFCEXTRUDEDAREASOLID(#3979,#3983,#3984,0.004999999888241291);
#3986=IFCCARTESIANPOINTLIST2D(((0.,0.),(0.,2.0250000022351742),(0.70351427048444748,2.0250000022351742),(0.70351427048444748,0.),(0.65351426787674427,0.),(0.65351426787674427,1.974999999627471),(0.050000002607703209,1.974999999627471),(0.050000002607703209,0.)));
#3987=IFCINDEXEDPOLYCURVE(#3986,(IFCLINEINDEX((1,2,3,4,5,6,7,8,1))),$);
#3988=IFCARBITRARYCLOSEDPROFILEDEF(.AREA.,$,#3987);
#3989=IFCCARTESIANPOINT((-0.025000002235174179,0.11558942496776581,0.));
#3990=IFCDIRECTION((0.,-1.,0.));
#3991=IFCDIRECTION((1.,0.,0.));
#3992=IFCAXIS2PLACEMENT3D(#3989,#3990,#3991);
#3993=IFCDIRECTION((0.,0.,-1.));
#3994=IFCEXTRUDEDAREASOLID(#3988,#3992,#3993,0.004999999888241291);
#3995=IFCCARTESIANPOINTLIST2D(((0.,0.),(0.60351426526904106,0.),(0.60351426526904106,0.066074997186660767),(0.,0.066074997186660767)));
#3996=IFCINDEXEDPOLYCURVE(#3995,(IFCLINEINDEX((1,2,3,4,1))),$);
#3997=IFCARBITRARYCLOSEDPROFILEDEF(.AREA.,$,#3996);
#3998=IFCCARTESIANPOINT((0.02500000037252903,0.02500000037252903,0.02500000037252903));
#3999=IFCDIRECTION((0.,0.,1.));
#4000=IFCDIRECTION((1.,0.,0.));
#4001=IFCAXIS2PLACEMENT3D(#3998,#3999,#4000);
#4002=IFCDIRECTION((0.,0.,1.));
#4003=IFCEXTRUDEDAREASOLID(#3997,#4001,#4002,1.9499999992549419);
#4004=IFCCARTESIANPOINTLIST2D(((0.,0.),(0.,-0.040000000000000001),(-0.11999999999999994,-0.040000000000000001),(-0.11999999999999994,-0.02),(-0.020000000000000018,-0.02),(-0.020000000000000018,0.)));
#4005=IFCINDEXEDPOLYCURVE(#4004,(IFCLINEINDEX((1,2,3,4,5,6,1))),$);
#4006=IFCARBITRARYCLOSEDPROFILEDEF(.AREA.,$,#4005);
#4007=IFCCARTESIANPOINT((0.57851426564157005,0.02500000037252903,1.015000000372529));
#4008=IFCDIRECTION((0.,0.,1.));
#4009=IFCDIRECTION((1.,0.,0.));
#4010=IFCAXIS2PLACEMENT3D(#4007,#4008,#4009);
#4011=IFCDIRECTION((0.,0.,1.));
#4012=IFCEXTRUDEDAREASOLID(#4006,#4010,#4011,0.02);
#4013=IFCEXTRUDEDAREASOLID(#4014,#4017,#4021,0.02);
#4014=IFCARBITRARYCLOSEDPROFILEDEF(.AREA.,$,#4015);
#4015=IFCINDEXEDPOLYCURVE(#4016,(IFCLINEINDEX((1,2,3,4,5,6,1))),$);
#4016=IFCCARTESIANPOINTLIST2D(((0.,0.),(0.,0.040000000000000008),(-0.11999999999999994,0.040000000000000008),(-0.11999999999999994,0.020000000000000004),(-0.020000000000000018,0.020000000000000004),(-0.020000000000000018,0.)));
#4017=IFCAXIS2PLACEMENT3D(#4018,#4019,#4020);
#4018=IFCCARTESIANPOINT((0.57851426564157005,0.091074997559189796,1.015000000372529));
#4019=IFCDIRECTION((0.,0.,1.));
#4020=IFCDIRECTION((1.,0.,0.));
#4021=IFCDIRECTION((0.,0.,1.));
#4022=IFCSHAPEREPRESENTATION(#11,'Body','SweptSolid',(#3958,#3967,#4003,#4012,#4013,#3976,#3985,#3994));
#4023=IFCCARTESIANPOINTLIST2D(((0.,0.),(0.,0.11558942496776581),(0.02500000037252903,0.11558942496776581),(0.02500000037252903,0.02500000037252903),(0.05000000074505806,0.02500000037252903),(0.05000000074505806,0.)));
#4024=IFCINDEXEDPOLYCURVE(#4023,(IFCLINEINDEX((1,2,3,4,5,6,1))),$);
#4025=IFCINDEXEDPOLYCURVE(#4026,(IFCLINEINDEX((1,2,3,4,5,6,1))),$);
#4026=IFCCARTESIANPOINTLIST2D(((0.65351426601409912,0.),(0.65351426601409912,0.11558942496776581),(0.62851426564157009,0.11558942496776581),(0.62851426564157009,0.02500000037252903),(0.60351426526904106,0.02500000037252903),(0.60351426526904106,0.)));
#4027=IFCDIRECTION((1.,0.));
#4028=IFCCARTESIANPOINT((0.091074997559189796,0.11558942496776581));
#4029=IFCAXIS2PLACEMENT2D(#4028,#4027);
#4030=IFCELLIPSE(#4029,0.53743926808238029,0.60351426526904106);
#4031=IFCCARTESIANPOINT((0.62851426564157009,0.11558942496776581));
#4032=IFCCARTESIANPOINT((0.091074997559189796,0.71910369023680687));
#4033=IFCTRIMMEDCURVE(#4030,(#4031),(#4032),.T.,.CARTESIAN.);
#4034=IFCCARTESIANPOINTLIST2D(((0.02500000037252903,0.11558942496776581),(0.091074997559189796,0.11558942496776581),(0.091074997559189796,0.71910369023680687),(0.02500000037252903,0.71910369023680687)));
#4035=IFCINDEXEDPOLYCURVE(#4034,(IFCLINEINDEX((1,2,3,4,1))),$);
#4036=IFCSHAPEREPRESENTATION(#24,'Body','Curve2D',(#4024,#4025,#4033,#4035));
#4037=IFCCARTESIANPOINTLIST2D(((0.,0.),(0.65351426601409912,0.),(0.65351426601409912,2.),(0.,2.)));
#4038=IFCINDEXEDPOLYCURVE(#4037,(IFCLINEINDEX((1,2,3,4,1))),$);
#4039=IFCARBITRARYCLOSEDPROFILEDEF(.AREA.,$,#4038);
#4040=IFCCARTESIANPOINT((0.,-0.60000002384185791,0.));
#4041=IFCDIRECTION((0.,-1.,0.));
#4042=IFCDIRECTION((1.,0.,0.));
#4043=IFCAXIS2PLACEMENT3D(#4040,#4041,#4042);
#4044=IFCDIRECTION((0.,0.,-1.));
#4045=IFCEXTRUDEDAREASOLID(#4039,#4043,#4044,1.2);
#4046=IFCSHAPEREPRESENTATION(#11,'Body','SweptSolid',(#4045));
#4052=IFCCARTESIANPOINT((0.081506732256011905,-0.016075595244555929,0.));
#4053=IFCDIRECTION((0.,0.,1.));
#4054=IFCDIRECTION((0.99999999999999289,-1.1920928955077312E-07,0.));
#4055=IFCAXIS2PLACEMENT3D(#4052,#4053,#4054);
#4056=IFCLOCALPLACEMENT(#1011,#4055);
#4057=IFCCARTESIANPOINT((0.,0.,0.));
#4058=IFCDIRECTION((0.,0.,1.));
#4059=IFCDIRECTION((1.,0.,0.));
#4060=IFCAXIS2PLACEMENT3D(#4057,#4058,#4059);
#4061=IFCLOCALPLACEMENT(#4056,#4060);
#4062=IFCDOORTYPE('2YqSA6BnL5jvf0wKKKbVUt',$,'Maid''s-GF',$,$,(#4063),(#4065,#4073,#4151,#11725),$,$,.DOOR.,.SINGLE_SWING_LEFT.,$,$);
#4063=IFCPROPERTYSET('1c7hfMeJj8i9dmOmHPrT0J',$,'BBIM_Door',$,(#4064));
#4064=IFCPROPERTYSINGLEVALUE('Data',$,IFCTEXT('{"door_type": "SLIDING_TO_LEFT", "overall_height": 2.0, "overall_width": 1.2191790342330933, "lining_properties": {"lining_depth": 0.11558942496776581, "lining_thickness": 0.05000000074505806, "lining_offset": 0.0, "transom_thickness": 0.0, "casing_thickness": 0.07500000298023224, "casing_depth": 0.004999999888241291, "threshold_thickness": 0.02500000037252903, "threshold_depth": 0.10000000149011612, "threshold_offset": 0.0}, "panel_properties": {"panel_depth": 0.06607499718666077, "panel_width_ratio": 1.0}}'),$);
#4065=IFCREPRESENTATIONMAP(#4066,#11640);
#4066=IFCAXIS2PLACEMENT3D(#4067,#4068,#4069);
#4067=IFCCARTESIANPOINT((0.,0.,0.));
#4068=IFCDIRECTION((0.,0.,1.));
#4069=IFCDIRECTION((1.,0.,0.));
#4073=IFCREPRESENTATIONMAP(#4074,#11704);
#4074=IFCAXIS2PLACEMENT3D(#4075,#4076,#4077);
#4075=IFCCARTESIANPOINT((0.,0.,0.));
#4076=IFCDIRECTION((0.,0.,1.));
#4077=IFCDIRECTION((1.,0.,0.));
#4151=IFCREPRESENTATIONMAP(#4152,#11715);
#4152=IFCAXIS2PLACEMENT3D(#4153,#4154,#4155);
#4153=IFCCARTESIANPOINT((0.,0.,0.));
#4154=IFCDIRECTION((0.,0.,1.));
#4155=IFCDIRECTION((1.,0.,0.));
#4170=IFCDOOR('0Xzi$hCkPAvAZn3viVRQ00',$,'Door',$,$,#11792,#4179,$,2.,1.2191790342330933,$,.SLIDING_TO_LEFT.,$);
#4171=IFCRELDEFINESBYTYPE('3aVP0ABIL1Ee9Upl9668iS',$,$,$,(#4170),#4062);
#4172=IFCCARTESIANPOINT((0.,0.,0.));
#4173=IFCDIRECTION((1.,0.,0.));
#4174=IFCDIRECTION((0.,1.,0.));
#4175=IFCDIRECTION((0.,0.,1.));
#4176=IFCCARTESIANTRANSFORMATIONOPERATOR3D(#4173,#4174,#4172,1.,#4175);
#4177=IFCMAPPEDITEM(#4065,#4176);
#4178=IFCSHAPEREPRESENTATION(#18,'Profile','MappedRepresentation',(#4177));
#4179=IFCPRODUCTDEFINITIONSHAPE($,$,(#4178,#4186,#4193,#11732));
#4180=IFCCARTESIANPOINT((0.,0.,0.));
#4181=IFCDIRECTION((1.,0.,0.));
#4182=IFCDIRECTION((0.,1.,0.));
#4183=IFCDIRECTION((0.,0.,1.));
#4184=IFCCARTESIANTRANSFORMATIONOPERATOR3D(#4181,#4182,#4180,1.,#4183);
#4185=IFCMAPPEDITEM(#4073,#4184);
#4186=IFCSHAPEREPRESENTATION(#11,'Body','MappedRepresentation',(#4185));
#4187=IFCCARTESIANPOINT((0.,0.,0.));
#4188=IFCDIRECTION((1.,0.,0.));
#4189=IFCDIRECTION((0.,1.,0.));
#4190=IFCDIRECTION((0.,0.,1.));
#4191=IFCCARTESIANTRANSFORMATIONOPERATOR3D(#4188,#4189,#4187,1.,#4190);
#4192=IFCMAPPEDITEM(#4151,#4191);
#4193=IFCSHAPEREPRESENTATION(#24,'Body','MappedRepresentation',(#4192));
#4194=IFCOPENINGELEMENT('2Kbh7AI1XB0vd1HyiZpx0l',$,'Opening',$,$,#11767,#4222,$,.OPENING.);
#4210=IFCCARTESIANPOINT((0.,0.,0.));
#4211=IFCDIRECTION((1.,0.,0.));
#4212=IFCDIRECTION((0.,0.,1.));
#4213=IFCAXIS2PLACEMENT3D(#4210,#4212,#4211);
#4214=IFCREPRESENTATIONMAP(#4213,#11742);
#4215=IFCCARTESIANPOINT((0.,0.,0.));
#4216=IFCDIRECTION((1.,0.,0.));
#4217=IFCDIRECTION((0.,1.,0.));
#4218=IFCDIRECTION((0.,0.,1.));
#4219=IFCCARTESIANTRANSFORMATIONOPERATOR3D(#4216,#4217,#4215,1.,#4218);
#4220=IFCMAPPEDITEM(#4214,#4219);
#4221=IFCSHAPEREPRESENTATION(#11,'Body','MappedRepresentation',(#4220));
#4222=IFCPRODUCTDEFINITIONSHAPE($,$,(#4221));
#4223=IFCRELVOIDSELEMENT('3L7pbvXuv3te0Cn4aNVXce',$,$,$,#887,#4194);
#4229=IFCRELFILLSELEMENT('2nqC_sbLf8Dfv_qDjSimRF',$,$,$,#4194,#4170);
#4295=IFCWINDOWTYPE('2wyMpSeY1C0wFy4E7gnktN',$,'Living-GF',$,$,(#4296),(#4305,#4353,#4375),$,$,.WINDOW.,.SINGLE_PANEL.,$,$);
#4296=IFCPROPERTYSET('1oV18A65j1_hgL0OH5_DVg',$,'BBIM_Window',$,(#4297));
#4297=IFCPROPERTYSINGLEVALUE('Data',$,IFCTEXT('{"window_type": "SINGLE_PANEL", "overall_height": 0.8999999761581421, "overall_width": 0.8227161169052124, "lining_properties": {"lining_depth": 0.05000000074505806, "lining_thickness": 0.05000000074505806, "lining_offset": 0.05000000074505806, "lining_to_panel_offset_x": 0.02500000037252903, "lining_to_panel_offset_y": 0.02500000037252903}, "panel_properties": {"frame_depth": [0.03500000014901161, 0.03500000014901161, 0.03500000014901161], "frame_thickness": [0.03500000014901161, 0.03500000014901161, 0.03500000014901161]}}'),$);
#4301=IFCCARTESIANPOINT((0.,0.,0.));
#4302=IFCDIRECTION((1.,0.,0.));
#4303=IFCDIRECTION((0.,0.,1.));
#4304=IFCAXIS2PLACEMENT3D(#4301,#4303,#4302);
#4305=IFCREPRESENTATIONMAP(#4304,#4518);
#4349=IFCCARTESIANPOINT((0.,0.,0.));
#4350=IFCDIRECTION((1.,0.,0.));
#4351=IFCDIRECTION((0.,0.,1.));
#4352=IFCAXIS2PLACEMENT3D(#4349,#4351,#4350);
#4353=IFCREPRESENTATIONMAP(#4352,#4561);
#4371=IFCCARTESIANPOINT((0.,0.,0.));
#4372=IFCDIRECTION((1.,0.,0.));
#4373=IFCDIRECTION((0.,0.,1.));
#4374=IFCAXIS2PLACEMENT3D(#4371,#4373,#4372);
#4375=IFCREPRESENTATIONMAP(#4374,#4584);
#4376=IFCWINDOW('16lh75znb2thRRk5RoKh$C',$,'Window',$,$,#4609,#4385,$,0.89999997615814209,0.8227161169052124,$,.SINGLE_PANEL.,$);
#4377=IFCRELDEFINESBYTYPE('0dmet6_aDBLvZVs2PHuR8X',$,$,$,(#4376),#4295);
#4378=IFCCARTESIANPOINT((0.,0.,0.));
#4379=IFCDIRECTION((1.,0.,0.));
#4380=IFCDIRECTION((0.,1.,0.));
#4381=IFCDIRECTION((0.,0.,1.));
#4382=IFCCARTESIANTRANSFORMATIONOPERATOR3D(#4379,#4380,#4378,1.,#4381);
#4383=IFCMAPPEDITEM(#4305,#4382);
#4384=IFCSHAPEREPRESENTATION(#18,'Profile','MappedRepresentation',(#4383));
#4385=IFCPRODUCTDEFINITIONSHAPE($,$,(#4384,#4392,#4399));
#4386=IFCCARTESIANPOINT((0.,0.,0.));
#4387=IFCDIRECTION((1.,0.,0.));
#4388=IFCDIRECTION((0.,1.,0.));
#4389=IFCDIRECTION((0.,0.,1.));
#4390=IFCCARTESIANTRANSFORMATIONOPERATOR3D(#4387,#4388,#4386,1.,#4389);
#4391=IFCMAPPEDITEM(#4353,#4390);
#4392=IFCSHAPEREPRESENTATION(#11,'Body','MappedRepresentation',(#4391));
#4393=IFCCARTESIANPOINT((0.,0.,0.));
#4394=IFCDIRECTION((1.,0.,0.));
#4395=IFCDIRECTION((0.,1.,0.));
#4396=IFCDIRECTION((0.,0.,1.));
#4397=IFCCARTESIANTRANSFORMATIONOPERATOR3D(#4394,#4395,#4393,1.,#4396);
#4398=IFCMAPPEDITEM(#4375,#4397);
#4399=IFCSHAPEREPRESENTATION(#24,'Body','MappedRepresentation',(#4398));
#4400=IFCOPENINGELEMENT('0WaOmfdwzASBGismOQrdJi',$,'Opening',$,$,#4604,#4428,$,.OPENING.);
#4416=IFCCARTESIANPOINT((0.,0.,0.));
#4417=IFCDIRECTION((1.,0.,0.));
#4418=IFCDIRECTION((0.,0.,1.));
#4419=IFCAXIS2PLACEMENT3D(#4416,#4418,#4417);
#4420=IFCREPRESENTATIONMAP(#4419,#4594);
#4421=IFCCARTESIANPOINT((0.,0.,0.));
#4422=IFCDIRECTION((1.,0.,0.));
#4423=IFCDIRECTION((0.,1.,0.));
#4424=IFCDIRECTION((0.,0.,1.));
#4425=IFCCARTESIANTRANSFORMATIONOPERATOR3D(#4422,#4423,#4421,1.,#4424);
#4426=IFCMAPPEDITEM(#4420,#4425);
#4427=IFCSHAPEREPRESENTATION(#11,'Body','MappedRepresentation',(#4426));
#4428=IFCPRODUCTDEFINITIONSHAPE($,$,(#4427));
#4429=IFCRELVOIDSELEMENT('3iSN3EjVrBc81qQY7gEkwO',$,$,$,#87,#4400);
#4435=IFCRELFILLSELEMENT('3_Qksrh9HFkQ3dY7IsRUKP',$,$,$,#4400,#4376);
#4516=IFCCARTESIANPOINTLIST3D(((0.,0.,0.),(0.8227161169052124,0.,0.),(0.8227161169052124,0.,0.89999997615814209),(0.,0.,0.89999997615814209)));
#4517=IFCINDEXEDPOLYCURVE(#4516,(IFCLINEINDEX((1,2,3,4,1))),$);
#4518=IFCSHAPEREPRESENTATION(#18,'Profile','Curve3D',(#4517));
#4519=IFCCARTESIANPOINTLIST2D(((0.,0.),(0.8227161169052124,0.),(0.8227161169052124,0.89999997615814209),(0.,0.89999997615814209)));
#4520=IFCINDEXEDPOLYCURVE(#4519,(IFCLINEINDEX((1,2,3,4,1))),$);
#4521=IFCCARTESIANPOINTLIST2D(((0.02500000037252903,0.02500000037252903),(0.79771611653268337,0.02500000037252903),(0.79771611653268337,0.87499997578561306),(0.02500000037252903,0.87499997578561306)));
#4522=IFCINDEXEDPOLYCURVE(#4521,(IFCLINEINDEX((1,2,3,4,1))),$);
#4523=IFCARBITRARYPROFILEDEFWITHVOIDS(.AREA.,$,#4520,(#4522));
#4524=IFCCARTESIANPOINT((0.,0.090000001713633537,0.));
#4525=IFCDIRECTION((0.,-1.,0.));
#4526=IFCDIRECTION((1.,0.,0.));
#4527=IFCAXIS2PLACEMENT3D(#4524,#4525,#4526);
#4528=IFCDIRECTION((0.,0.,-1.));
#4529=IFCEXTRUDEDAREASOLID(#4523,#4527,#4528,0.0099999997764825821);
#4530=IFCCARTESIANPOINTLIST2D(((0.,0.),(0.8227161169052124,0.),(0.8227161169052124,0.89999997615814209),(0.,0.89999997615814209)));
#4531=IFCINDEXEDPOLYCURVE(#4530,(IFCLINEINDEX((1,2,3,4,1))),$);
#4532=IFCCARTESIANPOINTLIST2D(((0.05000000074505806,0.05000000074505806),(0.77271611616015434,0.05000000074505806),(0.77271611616015434,0.84999997541308403),(0.05000000074505806,0.84999997541308403)));
#4533=IFCINDEXEDPOLYCURVE(#4532,(IFCLINEINDEX((1,2,3,4,1))),$);
#4534=IFCARBITRARYPROFILEDEFWITHVOIDS(.AREA.,$,#4531,(#4533));
#4535=IFCCARTESIANPOINT((0.,0.05000000074505806,0.));
#4536=IFCDIRECTION((0.,-1.,0.));
#4537=IFCDIRECTION((1.,0.,0.));
#4538=IFCAXIS2PLACEMENT3D(#4535,#4536,#4537);
#4539=IFCDIRECTION((0.,0.,-1.));
#4540=IFCEXTRUDEDAREASOLID(#4534,#4538,#4539,0.040000000968575478);
#4541=IFCCARTESIANPOINTLIST2D(((0.,0.),(0.77271611616015434,0.),(0.77271611616015434,0.84999997541308403),(0.,0.84999997541308403)));
#4542=IFCINDEXEDPOLYCURVE(#4541,(IFCLINEINDEX((1,2,3,4,1))),$);
#4543=IFCCARTESIANPOINTLIST2D(((0.035000000149011612,0.035000000149011612),(0.73771611601114273,0.035000000149011612),(0.73771611601114273,0.81499997526407242),(0.035000000149011612,0.81499997526407242)));
#4544=IFCINDEXEDPOLYCURVE(#4543,(IFCLINEINDEX((1,2,3,4,1))),$);
#4545=IFCARBITRARYPROFILEDEFWITHVOIDS(.AREA.,$,#4542,(#4544));
#4546=IFCCARTESIANPOINT((0.02500000037252903,0.090000001713633537,0.02500000037252903));
#4547=IFCDIRECTION((0.,-1.,0.));
#4548=IFCDIRECTION((1.,0.,0.));
#4549=IFCAXIS2PLACEMENT3D(#4546,#4547,#4548);
#4550=IFCDIRECTION((0.,0.,-1.));
#4551=IFCEXTRUDEDAREASOLID(#4545,#4549,#4550,0.035000000149011612);
#4552=IFCINDEXEDPOLYCURVE(#4553,(IFCLINEINDEX((1,2,3,4,1))),$);
#4553=IFCCARTESIANPOINTLIST2D(((0.035000000149011612,0.035000000149011612),(0.73771611601114273,0.035000000149011612),(0.73771611601114273,0.81499997526407242),(0.035000000149011612,0.81499997526407242)));
#4554=IFCARBITRARYCLOSEDPROFILEDEF(.AREA.,$,#4552);
#4555=IFCCARTESIANPOINT((0.02500000037252903,0.10250000178813934,0.02500000037252903));
#4556=IFCDIRECTION((0.,-1.,0.));
#4557=IFCDIRECTION((1.,0.,0.));
#4558=IFCAXIS2PLACEMENT3D(#4555,#4556,#4557);
#4559=IFCDIRECTION((0.,0.,-1.));
#4560=IFCEXTRUDEDAREASOLID(#4554,#4558,#4559,0.01);
#4561=IFCSHAPEREPRESENTATION(#11,'Body','SweptSolid',(#4529,#4540,#4551,#4560));
#4562=IFCSHAPEREPRESENTATION(#11,'Body','SweptSolid',(#4529,#4540));
#4563=IFCSHAPEASPECT((#4562),'Lining',$,.T.,#4385);
#4564=IFCSHAPEREPRESENTATION(#11,'Body','SweptSolid',(#4551));
#4565=IFCSHAPEASPECT((#4564),'Framing',$,.T.,#4385);
#4566=IFCSHAPEREPRESENTATION(#11,'Body','SweptSolid',(#4560));
#4567=IFCSHAPEASPECT((#4566),'Glazing',$,.T.,#4385);
#4568=IFCCARTESIANPOINTLIST2D(((0.05000000074505806,0.05000000074505806),(0.77271611616015434,0.05000000074505806)));
#4569=IFCINDEXEDPOLYCURVE(#4568,$,$);
#4570=IFCCARTESIANPOINTLIST2D(((0.,0.10000000149011612),(0.02500000037252903,0.10000000149011612),(0.02500000037252903,0.090000001713633537),(0.05000000074505806,0.090000001713633537),(0.05000000074505806,0.05000000074505806),(0.,0.05000000074505806)));
#4571=IFCINDEXEDPOLYCURVE(#4570,(IFCLINEINDEX((1,2,3,4,5,6,1))),$);
#4572=IFCCARTESIANPOINTLIST2D(((0.8227161169052124,0.10000000149011612),(0.79771611653268337,0.10000000149011612),(0.79771611653268337,0.090000001713633537),(0.77271611616015434,0.090000001713633537),(0.77271611616015434,0.05000000074505806),(0.8227161169052124,0.05000000074505806)));
#4573=IFCINDEXEDPOLYCURVE(#4572,(IFCLINEINDEX((1,2,3,4,5,6,1))),$);
#4574=IFCCARTESIANPOINTLIST2D(((0.02500000037252903,0.090000001713633537),(0.060000000521540642,0.090000001713633537),(0.060000000521540642,0.12500000186264515),(0.02500000037252903,0.12500000186264515)));
#4575=IFCINDEXEDPOLYCURVE(#4574,(IFCLINEINDEX((1,2,3,4,1))),$);
#4576=IFCINDEXEDPOLYCURVE(#4577,(IFCLINEINDEX((1,2,3,4,1))),$);
#4577=IFCCARTESIANPOINTLIST2D(((0.79771611653268337,0.090000001713633537),(0.76271611638367176,0.090000001713633537),(0.76271611638367176,0.12500000186264515),(0.79771611653268337,0.12500000186264515)));
#4578=IFCCARTESIANPOINTLIST2D(((0.060000000521540642,0.090000001713633537),(0.76271611638367176,0.090000001713633537)));
#4579=IFCINDEXEDPOLYCURVE(#4578,$,$);
#4580=IFCINDEXEDPOLYCURVE(#4581,$,$);
#4581=IFCCARTESIANPOINTLIST2D(((0.060000000521540642,0.12500000186264515),(0.76271611638367176,0.12500000186264515)));
#4582=IFCINDEXEDPOLYCURVE(#4583,$,$);
#4583=IFCCARTESIANPOINTLIST2D(((0.060000000521540642,0.10750000178813934),(0.76271611638367176,0.10750000178813934)));
#4584=IFCSHAPEREPRESENTATION(#24,'Body','Curve2D',(#4569,#4571,#4573,#4575,#4576,#4579,#4580,#4582));
#4585=IFCCARTESIANPOINTLIST2D(((0.,0.),(0.8227161169052124,0.),(0.8227161169052124,0.89999997615814209),(0.,0.89999997615814209)));
#4586=IFCINDEXEDPOLYCURVE(#4585,(IFCLINEINDEX((1,2,3,4,1))),$);
#4587=IFCARBITRARYCLOSEDPROFILEDEF(.AREA.,$,#4586);
#4588=IFCCARTESIANPOINT((0.,-0.60000002384185791,0.));
#4589=IFCDIRECTION((0.,-1.,0.));
#4590=IFCDIRECTION((1.,0.,0.));
#4591=IFCAXIS2PLACEMENT3D(#4588,#4589,#4590);
#4592=IFCDIRECTION((0.,0.,-1.));
#4593=IFCEXTRUDEDAREASOLID(#4587,#4591,#4592,1.2);
#4594=IFCSHAPEREPRESENTATION(#11,'Body','SweptSolid',(#4593));
#4600=IFCCARTESIANPOINT((1.7436014645805606,1.9073486328125E-06,1.));
#4601=IFCDIRECTION((0.,0.,1.));
#4602=IFCDIRECTION((0.9999999999997442,-7.1525573730450454E-07,0.));
#4603=IFCAXIS2PLACEMENT3D(#4600,#4601,#4602);
#4604=IFCLOCALPLACEMENT(#1413,#4603);
#4605=IFCCARTESIANPOINT((0.,0.,0.));
#4606=IFCDIRECTION((0.,0.,1.));
#4607=IFCDIRECTION((1.,0.,0.));
#4608=IFCAXIS2PLACEMENT3D(#4605,#4606,#4607);
#4609=IFCLOCALPLACEMENT(#4604,#4608);
#4610=IFCWINDOWTYPE('3N64cPBovB_f0wA_dBhN4M',$,'Guest-1-GF',$,$,(#4611),(#4613,#4621,#4669),$,$,.WINDOW.,.SINGLE_PANEL.,$,$);
#4611=IFCPROPERTYSET('1NLNe3Wij2kxHmtsv0$UP3',$,'BBIM_Window',$,(#4612));
#4612=IFCPROPERTYSINGLEVALUE('Data',$,IFCTEXT('{"window_type": "DOUBLE_PANEL_VERTICAL", "overall_height": 0.8999999761581421, "overall_width": 1.2204152345657349, "lining_properties": {"lining_depth": 0.05000000074505806, "lining_thickness": 0.05000000074505806, "lining_offset": 0.07853485643863678, "lining_to_panel_offset_x": 0.02500000037252903, "lining_to_panel_offset_y": 0.02500000037252903, "mullion_thickness": 0.07930022478103638, "first_mullion_offset": 0.6059867739677429}, "panel_properties": {"frame_depth": [0.09272588044404984, 0.03500000014901161, 0.03500000014901161], "frame_thickness": [0.03500000014901161, 0.06555131822824478, 0.03500000014901161]}}'),$);
#4613=IFCREPRESENTATIONMAP(#4614,#6768);
#4614=IFCAXIS2PLACEMENT3D(#4615,#4616,#4617);
#4615=IFCCARTESIANPOINT((0.,0.,0.));
#4616=IFCDIRECTION((0.,0.,1.));
#4617=IFCDIRECTION((1.,0.,0.));
#4621=IFCREPRESENTATIONMAP(#4622,#6853);
#4622=IFCAXIS2PLACEMENT3D(#4623,#4624,#4625);
#4623=IFCCARTESIANPOINT((0.,0.,0.));
#4624=IFCDIRECTION((0.,0.,1.));
#4625=IFCDIRECTION((1.,0.,0.));
#4669=IFCREPRESENTATIONMAP(#4670,#6886);
#4670=IFCAXIS2PLACEMENT3D(#4671,#4672,#4673);
#4671=IFCCARTESIANPOINT((0.,0.,0.));
#4672=IFCDIRECTION((0.,0.,1.));
#4673=IFCDIRECTION((1.,0.,0.));
#4691=IFCWINDOW('0dp_JzUq9BJwWp7ZfkgPxG',$,'Window',$,$,#12814,#4700,$,0.89999997615814209,1.2204152345657349,$,.DOUBLE_PANEL_VERTICAL.,$);
#4692=IFCRELDEFINESBYTYPE('2WxQtzpxz1NB0Qs0BNLoUU',$,$,$,(#4691),#4610);
#4693=IFCCARTESIANPOINT((0.,0.,0.));
#4694=IFCDIRECTION((1.,0.,0.));
#4695=IFCDIRECTION((0.,1.,0.));
#4696=IFCDIRECTION((0.,0.,1.));
#4697=IFCCARTESIANTRANSFORMATIONOPERATOR3D(#4694,#4695,#4693,1.,#4696);
#4698=IFCMAPPEDITEM(#4613,#4697);
#4699=IFCSHAPEREPRESENTATION(#18,'Profile','MappedRepresentation',(#4698));
#4700=IFCPRODUCTDEFINITIONSHAPE($,$,(#4699,#4707,#4714));
#4701=IFCCARTESIANPOINT((0.,0.,0.));
#4702=IFCDIRECTION((1.,0.,0.));
#4703=IFCDIRECTION((0.,1.,0.));
#4704=IFCDIRECTION((0.,0.,1.));
#4705=IFCCARTESIANTRANSFORMATIONOPERATOR3D(#4702,#4703,#4701,1.,#4704);
#4706=IFCMAPPEDITEM(#4621,#4705);
#4707=IFCSHAPEREPRESENTATION(#11,'Body','MappedRepresentation',(#4706));
#4708=IFCCARTESIANPOINT((0.,0.,0.));
#4709=IFCDIRECTION((1.,0.,0.));
#4710=IFCDIRECTION((0.,1.,0.));
#4711=IFCDIRECTION((0.,0.,1.));
#4712=IFCCARTESIANTRANSFORMATIONOPERATOR3D(#4709,#4710,#4708,1.,#4711);
#4713=IFCMAPPEDITEM(#4669,#4712);
#4714=IFCSHAPEREPRESENTATION(#24,'Body','MappedRepresentation',(#4713));
#4715=IFCOPENINGELEMENT('1jF9raEOPDyA1bEyRY2VS0',$,'Opening',$,$,#12804,#4743,$,.OPENING.);
#4731=IFCCARTESIANPOINT((0.,0.,0.));
#4732=IFCDIRECTION((1.,0.,0.));
#4733=IFCDIRECTION((0.,0.,1.));
#4734=IFCAXIS2PLACEMENT3D(#4731,#4733,#4732);
#4735=IFCREPRESENTATIONMAP(#4734,#6896);
#4736=IFCCARTESIANPOINT((0.,0.,0.));
#4737=IFCDIRECTION((1.,0.,0.));
#4738=IFCDIRECTION((0.,1.,0.));
#4739=IFCDIRECTION((0.,0.,1.));
#4740=IFCCARTESIANTRANSFORMATIONOPERATOR3D(#4737,#4738,#4736,1.,#4739);
#4741=IFCMAPPEDITEM(#4735,#4740);
#4742=IFCSHAPEREPRESENTATION(#11,'Body','MappedRepresentation',(#4741));
#4743=IFCPRODUCTDEFINITIONSHAPE($,$,(#4742));
#4744=IFCRELVOIDSELEMENT('3YxVlImfX56PtZyg9udnuj',$,$,$,#457,#4715);
#4750=IFCRELFILLSELEMENT('3AUsiqojrECxnPTe4Ck_50',$,$,$,#4715,#4691);
#4804=IFCCARTESIANPOINTLIST2D(((0.60761100053787231,0.),(0.,0.),(0.,0.89999997615814209),(0.60761100053787231,0.89999997615814209),(0.60761100053787231,0.87499997578561306),(0.02500000037252903,0.87499997578561306),(0.02500000037252903,0.02500000037252903),(0.60761100053787231,0.02500000037252903)));
#4805=IFCINDEXEDPOLYCURVE(#4804,(IFCLINEINDEX((1,2,3,4,5,6,7,8,1))),$);
#4806=IFCARBITRARYCLOSEDPROFILEDEF(.AREA.,$,#4805);
#4807=IFCCARTESIANPOINT((0.,0.090000001713633537,0.));
#4808=IFCDIRECTION((0.,-1.,0.));
#4809=IFCDIRECTION((1.,0.,0.));
#4810=IFCAXIS2PLACEMENT3D(#4807,#4808,#4809);
#4811=IFCDIRECTION((0.,0.,-1.));
#4812=IFCEXTRUDEDAREASOLID(#4806,#4810,#4811,0.0099999997764825821);
#4813=IFCCARTESIANPOINTLIST2D(((0.,0.),(0.60761100053787231,0.),(0.60761100053787231,0.89999997615814209),(0.,0.89999997615814209)));
#4814=IFCINDEXEDPOLYCURVE(#4813,(IFCLINEINDEX((1,2,3,4,1))),$);
#4815=IFCCARTESIANPOINTLIST2D(((0.05000000074505806,0.05000000074505806),(0.58261100016534328,0.05000000074505806),(0.58261100016534328,0.84999997541308403),(0.05000000074505806,0.84999997541308403)));
#4816=IFCINDEXEDPOLYCURVE(#4815,(IFCLINEINDEX((1,2,3,4,1))),$);
#4817=IFCARBITRARYPROFILEDEFWITHVOIDS(.AREA.,$,#4814,(#4816));
#4818=IFCCARTESIANPOINT((0.,0.05000000074505806,0.));
#4819=IFCDIRECTION((0.,-1.,0.));
#4820=IFCDIRECTION((1.,0.,0.));
#4821=IFCAXIS2PLACEMENT3D(#4818,#4819,#4820);
#4822=IFCDIRECTION((0.,0.,-1.));
#4823=IFCEXTRUDEDAREASOLID(#4817,#4821,#4822,0.040000000968575478);
#4824=IFCCARTESIANPOINTLIST2D(((0.,0.),(0.58261100016534328,0.),(0.58261100016534328,0.84999997541308403),(0.,0.84999997541308403)));
#4825=IFCINDEXEDPOLYCURVE(#4824,(IFCLINEINDEX((1,2,3,4,1))),$);
#4826=IFCCARTESIANPOINTLIST2D(((0.035000000149011612,0.035000000149011612),(0.54761100001633167,0.035000000149011612),(0.54761100001633167,0.81499997526407242),(0.035000000149011612,0.81499997526407242)));
#4827=IFCINDEXEDPOLYCURVE(#4826,(IFCLINEINDEX((1,2,3,4,1))),$);
#4828=IFCARBITRARYPROFILEDEFWITHVOIDS(.AREA.,$,#4825,(#4827));
#4829=IFCCARTESIANPOINT((0.02500000037252903,0.090000001713633537,0.02500000037252903));
#4830=IFCDIRECTION((0.,-1.,0.));
#4831=IFCDIRECTION((1.,0.,0.));
#4832=IFCAXIS2PLACEMENT3D(#4829,#4830,#4831);
#4833=IFCDIRECTION((0.,0.,-1.));
#4834=IFCEXTRUDEDAREASOLID(#4828,#4832,#4833,0.035000000149011612);
#4835=IFCINDEXEDPOLYCURVE(#4836,(IFCLINEINDEX((1,2,3,4,1))),$);
#4836=IFCCARTESIANPOINTLIST2D(((0.035000000149011612,0.035000000149011612),(0.54761100001633167,0.035000000149011612),(0.54761100001633167,0.81499997526407242),(0.035000000149011612,0.81499997526407242)));
#4837=IFCARBITRARYCLOSEDPROFILEDEF(.AREA.,$,#4835);
#4838=IFCCARTESIANPOINT((0.02500000037252903,0.10250000178813934,0.02500000037252903));
#4839=IFCDIRECTION((0.,-1.,0.));
#4840=IFCDIRECTION((1.,0.,0.));
#4841=IFCAXIS2PLACEMENT3D(#4838,#4839,#4840);
#4842=IFCDIRECTION((0.,0.,-1.));
#4843=IFCEXTRUDEDAREASOLID(#4837,#4841,#4842,0.01);
#4844=IFCCARTESIANPOINTLIST2D(((0.,0.89999997615814209),(0.61280423402786255,0.89999997615814209),(0.61280423402786255,0.),(0.,0.),(0.,0.02500000037252903),(0.58780423365533352,0.02500000037252903),(0.58780423365533352,0.87499997578561306),(0.,0.87499997578561306)));
#4845=IFCINDEXEDPOLYCURVE(#4844,(IFCLINEINDEX((1,2,3,4,5,6,7,8,1))),$);
#4846=IFCARBITRARYCLOSEDPROFILEDEF(.AREA.,$,#4845);
#4847=IFCCARTESIANPOINT((0.60761100053787231,0.090000001713633537,0.));
#4848=IFCDIRECTION((0.,-1.,0.));
#4849=IFCDIRECTION((1.,0.,0.));
#4850=IFCAXIS2PLACEMENT3D(#4847,#4848,#4849);
#4851=IFCDIRECTION((0.,0.,-1.));
#4852=IFCEXTRUDEDAREASOLID(#4846,#4850,#4851,0.0099999997764825821);
#4853=IFCCARTESIANPOINTLIST2D(((0.,0.),(0.61280423402786255,0.),(0.61280423402786255,0.89999997615814209),(0.,0.89999997615814209)));
#4854=IFCINDEXEDPOLYCURVE(#4853,(IFCLINEINDEX((1,2,3,4,1))),$);
#4855=IFCCARTESIANPOINTLIST2D(((0.02500000037252903,0.05000000074505806),(0.56280423328280449,0.05000000074505806),(0.56280423328280449,0.84999997541308403),(0.02500000037252903,0.84999997541308403)));
#4856=IFCINDEXEDPOLYCURVE(#4855,(IFCLINEINDEX((1,2,3,4,1))),$);
#4857=IFCARBITRARYPROFILEDEFWITHVOIDS(.AREA.,$,#4854,(#4856));
#4858=IFCCARTESIANPOINT((0.60761100053787231,0.05000000074505806,0.));
#4859=IFCDIRECTION((0.,-1.,0.));
#4860=IFCDIRECTION((1.,0.,0.));
#4861=IFCAXIS2PLACEMENT3D(#4858,#4859,#4860);
#4862=IFCDIRECTION((0.,0.,-1.));
#4863=IFCEXTRUDEDAREASOLID(#4857,#4861,#4862,0.040000000968575478);
#4864=IFCCARTESIANPOINTLIST2D(((0.,0.),(0.58780423365533352,0.),(0.58780423365533352,0.84999997541308403),(0.,0.84999997541308403)));
#4865=IFCINDEXEDPOLYCURVE(#4864,(IFCLINEINDEX((1,2,3,4,1))),$);
#4866=IFCCARTESIANPOINTLIST2D(((0.035000000149011612,0.035000000149011612),(0.55280423350632191,0.035000000149011612),(0.55280423350632191,0.81499997526407242),(0.035000000149011612,0.81499997526407242)));
#4867=IFCINDEXEDPOLYCURVE(#4866,(IFCLINEINDEX((1,2,3,4,1))),$);
#4868=IFCARBITRARYPROFILEDEFWITHVOIDS(.AREA.,$,#4865,(#4867));
#4869=IFCCARTESIANPOINT((0.60761100053787231,0.090000001713633537,0.02500000037252903));
#4870=IFCDIRECTION((0.,-1.,0.));
#4871=IFCDIRECTION((1.,0.,0.));
#4872=IFCAXIS2PLACEMENT3D(#4869,#4870,#4871);
#4873=IFCDIRECTION((0.,0.,-1.));
#4874=IFCEXTRUDEDAREASOLID(#4868,#4872,#4873,0.035000000149011612);
#4875=IFCINDEXEDPOLYCURVE(#4876,(IFCLINEINDEX((1,2,3,4,1))),$);
#4876=IFCCARTESIANPOINTLIST2D(((0.035000000149011612,0.035000000149011612),(0.55280423350632191,0.035000000149011612),(0.55280423350632191,0.81499997526407242),(0.035000000149011612,0.81499997526407242)));
#4877=IFCARBITRARYCLOSEDPROFILEDEF(.AREA.,$,#4875);
#4878=IFCCARTESIANPOINT((0.60761100053787231,0.10250000178813934,0.02500000037252903));
#4879=IFCDIRECTION((0.,-1.,0.));
#4880=IFCDIRECTION((1.,0.,0.));
#4881=IFCAXIS2PLACEMENT3D(#4878,#4879,#4880);
#4882=IFCDIRECTION((0.,0.,-1.));
#4883=IFCEXTRUDEDAREASOLID(#4877,#4881,#4882,0.01);
#4885=IFCSHAPEREPRESENTATION(#11,'Body','SweptSolid',(#5176,#6380,#6338,#5187,#6349,#5134,#5145,#5015,#5026,#4852,#4863,#4975,#5326,#4812,#6645,#4823,#4986,#6821,#6832,#6656,#5934,#5945,#6603,#6614,#5903,#6779,#5368,#5773,#5742,#6790,#5892,#5357,#5784,#5315,#5731,#6391));
#4886=IFCSHAPEASPECT((#4885),'Lining',$,.T.,#4700);
#4887=IFCSHAPEREPRESENTATION(#11,'Body','SweptSolid',(#6402,#6843,#6360,#6667,#5198,#5956,#5156,#5037,#6625,#5914,#6801,#5379,#5795,#4874,#5337,#5753,#4834,#4997));
#4888=IFCSHAPEASPECT((#4887),'Framing',$,.T.,#4700);
#4889=IFCSHAPEREPRESENTATION(#11,'Body','SweptSolid',(#5207,#5965,#5046,#6852,#6369,#6676,#6810,#5165,#5923,#6634,#4883,#5388,#5804,#5346,#5762,#6411,#4843,#5006));
#4890=IFCSHAPEASPECT((#4889),'Glazing',$,.T.,#4700);
#4967=IFCCARTESIANPOINTLIST2D(((0.60761100053787231,0.),(0.,0.),(0.,0.89999997615814209),(0.60761100053787231,0.89999997615814209),(0.60761100053787231,0.87499997578561306),(0.02500000037252903,0.87499997578561306),(0.02500000037252903,0.02500000037252903),(0.60761100053787231,0.02500000037252903)));
#4968=IFCINDEXEDPOLYCURVE(#4967,(IFCLINEINDEX((1,2,3,4,5,6,7,8,1))),$);
#4969=IFCARBITRARYCLOSEDPROFILEDEF(.AREA.,$,#4968);
#4970=IFCCARTESIANPOINT((0.,0.090000001713633537,0.));
#4971=IFCDIRECTION((0.,-1.,0.));
#4972=IFCDIRECTION((1.,0.,0.));
#4973=IFCAXIS2PLACEMENT3D(#4970,#4971,#4972);
#4974=IFCDIRECTION((0.,0.,-1.));
#4975=IFCEXTRUDEDAREASOLID(#4969,#4973,#4974,0.0099999997764825821);
#4976=IFCCARTESIANPOINTLIST2D(((0.,0.),(0.60761100053787231,0.),(0.60761100053787231,0.89999997615814209),(0.,0.89999997615814209)));
#4977=IFCINDEXEDPOLYCURVE(#4976,(IFCLINEINDEX((1,2,3,4,1))),$);
#4978=IFCCARTESIANPOINTLIST2D(((0.05000000074505806,0.05000000074505806),(0.58261100016534328,0.05000000074505806),(0.58261100016534328,0.84999997541308403),(0.05000000074505806,0.84999997541308403)));
#4979=IFCINDEXEDPOLYCURVE(#4978,(IFCLINEINDEX((1,2,3,4,1))),$);
#4980=IFCARBITRARYPROFILEDEFWITHVOIDS(.AREA.,$,#4977,(#4979));
#4981=IFCCARTESIANPOINT((0.,0.05000000074505806,0.));
#4982=IFCDIRECTION((0.,-1.,0.));
#4983=IFCDIRECTION((1.,0.,0.));
#4984=IFCAXIS2PLACEMENT3D(#4981,#4982,#4983);
#4985=IFCDIRECTION((0.,0.,-1.));
#4986=IFCEXTRUDEDAREASOLID(#4980,#4984,#4985,0.040000000968575478);
#4987=IFCCARTESIANPOINTLIST2D(((0.,0.),(0.58261100016534328,0.),(0.58261100016534328,0.84999997541308403),(0.,0.84999997541308403)));
#4988=IFCINDEXEDPOLYCURVE(#4987,(IFCLINEINDEX((1,2,3,4,1))),$);
#4989=IFCCARTESIANPOINTLIST2D(((0.035000000149011612,0.035000000149011612),(0.54761100001633167,0.035000000149011612),(0.54761100001633167,0.81499997526407242),(0.035000000149011612,0.81499997526407242)));
#4990=IFCINDEXEDPOLYCURVE(#4989,(IFCLINEINDEX((1,2,3,4,1))),$);
#4991=IFCARBITRARYPROFILEDEFWITHVOIDS(.AREA.,$,#4988,(#4990));
#4992=IFCCARTESIANPOINT((0.02500000037252903,0.090000001713633537,0.02500000037252903));
#4993=IFCDIRECTION((0.,-1.,0.));
#4994=IFCDIRECTION((1.,0.,0.));
#4995=IFCAXIS2PLACEMENT3D(#4992,#4993,#4994);
#4996=IFCDIRECTION((0.,0.,-1.));
#4997=IFCEXTRUDEDAREASOLID(#4991,#4995,#4996,0.035000000149011612);
#4998=IFCINDEXEDPOLYCURVE(#4999,(IFCLINEINDEX((1,2,3,4,1))),$);
#4999=IFCCARTESIANPOINTLIST2D(((0.035000000149011612,0.035000000149011612),(0.54761100001633167,0.035000000149011612),(0.54761100001633167,0.81499997526407242),(0.035000000149011612,0.81499997526407242)));
#5000=IFCARBITRARYCLOSEDPROFILEDEF(.AREA.,$,#4998);
#5001=IFCCARTESIANPOINT((0.02500000037252903,0.10250000178813934,0.02500000037252903));
#5002=IFCDIRECTION((0.,-1.,0.));
#5003=IFCDIRECTION((1.,0.,0.));
#5004=IFCAXIS2PLACEMENT3D(#5001,#5002,#5003);
#5005=IFCDIRECTION((0.,0.,-1.));
#5006=IFCEXTRUDEDAREASOLID(#5000,#5004,#5005,0.01);
#5007=IFCCARTESIANPOINTLIST2D(((0.,0.89999997615814209),(0.61280423402786255,0.89999997615814209),(0.61280423402786255,0.),(0.,0.),(0.,0.02500000037252903),(0.58780423365533352,0.02500000037252903),(0.58780423365533352,0.87499997578561306),(0.,0.87499997578561306)));
#5008=IFCINDEXEDPOLYCURVE(#5007,(IFCLINEINDEX((1,2,3,4,5,6,7,8,1))),$);
#5009=IFCARBITRARYCLOSEDPROFILEDEF(.AREA.,$,#5008);
#5010=IFCCARTESIANPOINT((0.60761100053787231,0.090000001713633537,0.));
#5011=IFCDIRECTION((0.,-1.,0.));
#5012=IFCDIRECTION((1.,0.,0.));
#5013=IFCAXIS2PLACEMENT3D(#5010,#5011,#5012);
#5014=IFCDIRECTION((0.,0.,-1.));
#5015=IFCEXTRUDEDAREASOLID(#5009,#5013,#5014,0.0099999997764825821);
#5016=IFCCARTESIANPOINTLIST2D(((0.,0.),(0.61280423402786255,0.),(0.61280423402786255,0.89999997615814209),(0.,0.89999997615814209)));
#5017=IFCINDEXEDPOLYCURVE(#5016,(IFCLINEINDEX((1,2,3,4,1))),$);
#5018=IFCCARTESIANPOINTLIST2D(((0.02500000037252903,0.05000000074505806),(0.56280423328280449,0.05000000074505806),(0.56280423328280449,0.84999997541308403),(0.02500000037252903,0.84999997541308403)));
#5019=IFCINDEXEDPOLYCURVE(#5018,(IFCLINEINDEX((1,2,3,4,1))),$);
#5020=IFCARBITRARYPROFILEDEFWITHVOIDS(.AREA.,$,#5017,(#5019));
#5021=IFCCARTESIANPOINT((0.60761100053787231,0.05000000074505806,0.));
#5022=IFCDIRECTION((0.,-1.,0.));
#5023=IFCDIRECTION((1.,0.,0.));
#5024=IFCAXIS2PLACEMENT3D(#5021,#5022,#5023);
#5025=IFCDIRECTION((0.,0.,-1.));
#5026=IFCEXTRUDEDAREASOLID(#5020,#5024,#5025,0.040000000968575478);
#5027=IFCCARTESIANPOINTLIST2D(((0.,0.),(0.58780423365533352,0.),(0.58780423365533352,0.84999997541308403),(0.,0.84999997541308403)));
#5028=IFCINDEXEDPOLYCURVE(#5027,(IFCLINEINDEX((1,2,3,4,1))),$);
#5029=IFCCARTESIANPOINTLIST2D(((0.035000000149011612,0.035000000149011612),(0.55280423350632191,0.035000000149011612),(0.55280423350632191,0.81499997526407242),(0.035000000149011612,0.81499997526407242)));
#5030=IFCINDEXEDPOLYCURVE(#5029,(IFCLINEINDEX((1,2,3,4,1))),$);
#5031=IFCARBITRARYPROFILEDEFWITHVOIDS(.AREA.,$,#5028,(#5030));
#5032=IFCCARTESIANPOINT((0.60761100053787231,0.090000001713633537,0.02500000037252903));
#5033=IFCDIRECTION((0.,-1.,0.));
#5034=IFCDIRECTION((1.,0.,0.));
#5035=IFCAXIS2PLACEMENT3D(#5032,#5033,#5034);
#5036=IFCDIRECTION((0.,0.,-1.));
#5037=IFCEXTRUDEDAREASOLID(#5031,#5035,#5036,0.035000000149011612);
#5038=IFCINDEXEDPOLYCURVE(#5039,(IFCLINEINDEX((1,2,3,4,1))),$);
#5039=IFCCARTESIANPOINTLIST2D(((0.035000000149011612,0.035000000149011612),(0.55280423350632191,0.035000000149011612),(0.55280423350632191,0.81499997526407242),(0.035000000149011612,0.81499997526407242)));
#5040=IFCARBITRARYCLOSEDPROFILEDEF(.AREA.,$,#5038);
#5041=IFCCARTESIANPOINT((0.60761100053787231,0.10250000178813934,0.02500000037252903));
#5042=IFCDIRECTION((0.,-1.,0.));
#5043=IFCDIRECTION((1.,0.,0.));
#5044=IFCAXIS2PLACEMENT3D(#5041,#5042,#5043);
#5045=IFCDIRECTION((0.,0.,-1.));
#5046=IFCEXTRUDEDAREASOLID(#5040,#5044,#5045,0.01);
#5124=IFCCARTESIANPOINTLIST2D(((0.,0.),(0.60761100053787231,0.),(0.60761100053787231,0.89999997615814209),(0.,0.89999997615814209)));
#5125=IFCINDEXEDPOLYCURVE(#5124,(IFCLINEINDEX((1,2,3,4,1))),$);
#5126=IFCCARTESIANPOINTLIST2D(((0.02500000037252903,0.02500000037252903),(0.5569342914968729,0.02500000037252903),(0.5569342914968729,0.87499997578561306),(0.02500000037252903,0.87499997578561306)));
#5127=IFCINDEXEDPOLYCURVE(#5126,(IFCLINEINDEX((1,2,3,4,1))),$);
#5128=IFCARBITRARYPROFILEDEFWITHVOIDS(.AREA.,$,#5125,(#5127));
#5129=IFCCARTESIANPOINT((0.,0.027628721669316292,0.));
#5130=IFCDIRECTION((0.,-1.,0.));
#5131=IFCDIRECTION((1.,0.,0.));
#5132=IFCAXIS2PLACEMENT3D(#5129,#5130,#5131);
#5133=IFCDIRECTION((0.,0.,-1.));
#5134=IFCEXTRUDEDAREASOLID(#5128,#5132,#5133,0.072371279820799828);
#5135=IFCCARTESIANPOINTLIST2D(((0.,0.),(0.60761100053787231,0.),(0.60761100053787231,0.89999997615814209),(0.,0.89999997615814209)));
#5136=IFCINDEXEDPOLYCURVE(#5135,(IFCLINEINDEX((1,2,3,4,1))),$);
#5137=IFCCARTESIANPOINTLIST2D(((0.05000000074505806,0.05000000074505806),(0.53193429112434387,0.05000000074505806),(0.53193429112434387,0.84999997541308403),(0.05000000074505806,0.84999997541308403)));
#5138=IFCINDEXEDPOLYCURVE(#5137,(IFCLINEINDEX((1,2,3,4,1))),$);
#5139=IFCARBITRARYPROFILEDEFWITHVOIDS(.AREA.,$,#5136,(#5138));
#5140=IFCCARTESIANPOINT((0.,0.05000000074505806,0.));
#5141=IFCDIRECTION((0.,-1.,0.));
#5142=IFCDIRECTION((1.,0.,0.));
#5143=IFCAXIS2PLACEMENT3D(#5140,#5141,#5142);
#5144=IFCDIRECTION((0.,0.,-1.));
#5145=IFCEXTRUDEDAREASOLID(#5139,#5143,#5144,-0.022371279075741768);
#5146=IFCCARTESIANPOINTLIST2D(((0.,0.),(0.53193429112434387,0.),(0.53193429112434387,0.84999997541308403),(0.,0.84999997541308403)));
#5147=IFCINDEXEDPOLYCURVE(#5146,(IFCLINEINDEX((1,2,3,4,1))),$);
#5148=IFCCARTESIANPOINTLIST2D(((0.035000000149011612,0.035000000149011612),(0.49693429097533226,0.035000000149011612),(0.49693429097533226,0.81499997526407242),(0.035000000149011612,0.81499997526407242)));
#5149=IFCINDEXEDPOLYCURVE(#5148,(IFCLINEINDEX((1,2,3,4,1))),$);
#5150=IFCARBITRARYPROFILEDEFWITHVOIDS(.AREA.,$,#5147,(#5149));
#5151=IFCCARTESIANPOINT((0.02500000037252903,0.027628721669316292,0.02500000037252903));
#5152=IFCDIRECTION((0.,-1.,0.));
#5153=IFCDIRECTION((1.,0.,0.));
#5154=IFCAXIS2PLACEMENT3D(#5151,#5152,#5153);
#5155=IFCDIRECTION((0.,0.,-1.));
#5156=IFCEXTRUDEDAREASOLID(#5150,#5154,#5155,0.097371280193328857);
#5157=IFCINDEXEDPOLYCURVE(#5158,(IFCLINEINDEX((1,2,3,4,1))),$);
#5158=IFCCARTESIANPOINTLIST2D(((0.035000000149011612,0.035000000149011612),(0.49693429097533226,0.035000000149011612),(0.49693429097533226,0.81499997526407242),(0.035000000149011612,0.81499997526407242)));
#5159=IFCARBITRARYCLOSEDPROFILEDEF(.AREA.,$,#5157);
#5160=IFCCARTESIANPOINT((0.02500000037252903,0.071314361765980716,0.02500000037252903));
#5161=IFCDIRECTION((0.,-1.,0.));
#5162=IFCDIRECTION((1.,0.,0.));
#5163=IFCAXIS2PLACEMENT3D(#5160,#5161,#5162);
#5164=IFCDIRECTION((0.,0.,-1.));
#5165=IFCEXTRUDEDAREASOLID(#5159,#5163,#5164,0.01);
#5166=IFCCARTESIANPOINTLIST2D(((0.,0.),(0.61280423402786255,0.),(0.61280423402786255,0.89999997615814209),(0.,0.89999997615814209)));
#5167=IFCINDEXEDPOLYCURVE(#5166,(IFCLINEINDEX((1,2,3,4,1))),$);
#5168=IFCCARTESIANPOINTLIST2D(((0.050676709040999413,0.02500000037252903),(0.58780423365533352,0.02500000037252903),(0.58780423365533352,0.87499997578561306),(0.050676709040999413,0.87499997578561306)));
#5169=IFCINDEXEDPOLYCURVE(#5168,(IFCLINEINDEX((1,2,3,4,1))),$);
#5170=IFCARBITRARYPROFILEDEFWITHVOIDS(.AREA.,$,#5167,(#5169));
#5171=IFCCARTESIANPOINT((0.60761100053787231,0.090000001713633537,0.));
#5172=IFCDIRECTION((0.,-1.,0.));
#5173=IFCDIRECTION((1.,0.,0.));
#5174=IFCAXIS2PLACEMENT3D(#5171,#5172,#5173);
#5175=IFCDIRECTION((0.,0.,-1.));
#5176=IFCEXTRUDEDAREASOLID(#5170,#5174,#5175,0.0099999997764825821);
#5177=IFCCARTESIANPOINTLIST2D(((0.,0.),(0.61280423402786255,0.),(0.61280423402786255,0.89999997615814209),(0.,0.89999997615814209)));
#5178=IFCINDEXEDPOLYCURVE(#5177,(IFCLINEINDEX((1,2,3,4,1))),$);
#5179=IFCCARTESIANPOINTLIST2D(((0.075676709413528442,0.05000000074505806),(0.56280423328280449,0.05000000074505806),(0.56280423328280449,0.84999997541308403),(0.075676709413528442,0.84999997541308403)));
#5180=IFCINDEXEDPOLYCURVE(#5179,(IFCLINEINDEX((1,2,3,4,1))),$);
#5181=IFCARBITRARYPROFILEDEFWITHVOIDS(.AREA.,$,#5178,(#5180));
#5182=IFCCARTESIANPOINT((0.60761100053787231,0.05000000074505806,0.));
#5183=IFCDIRECTION((0.,-1.,0.));
#5184=IFCDIRECTION((1.,0.,0.));
#5185=IFCAXIS2PLACEMENT3D(#5182,#5183,#5184);
#5186=IFCDIRECTION((0.,0.,-1.));
#5187=IFCEXTRUDEDAREASOLID(#5181,#5185,#5186,0.040000000968575478);
#5188=IFCCARTESIANPOINTLIST2D(((0.,0.),(0.53712752461433411,0.),(0.53712752461433411,0.84999997541308403),(0.,0.84999997541308403)));
#5189=IFCINDEXEDPOLYCURVE(#5188,(IFCLINEINDEX((1,2,3,4,1))),$);
#5190=IFCCARTESIANPOINTLIST2D(((0.035000000149011612,0.035000000149011612),(0.50212752446532249,0.035000000149011612),(0.50212752446532249,0.81499997526407242),(0.035000000149011612,0.81499997526407242)));
#5191=IFCINDEXEDPOLYCURVE(#5190,(IFCLINEINDEX((1,2,3,4,1))),$);
#5192=IFCARBITRARYPROFILEDEFWITHVOIDS(.AREA.,$,#5189,(#5191));
#5193=IFCCARTESIANPOINT((0.65828770957887173,0.090000001713633537,0.02500000037252903));
#5194=IFCDIRECTION((0.,-1.,0.));
#5195=IFCDIRECTION((1.,0.,0.));
#5196=IFCAXIS2PLACEMENT3D(#5193,#5194,#5195);
#5197=IFCDIRECTION((0.,0.,-1.));
#5198=IFCEXTRUDEDAREASOLID(#5192,#5196,#5197,0.035000000149011612);
#5199=IFCINDEXEDPOLYCURVE(#5200,(IFCLINEINDEX((1,2,3,4,1))),$);
#5200=IFCCARTESIANPOINTLIST2D(((0.035000000149011612,0.035000000149011612),(0.50212752446532249,0.035000000149011612),(0.50212752446532249,0.81499997526407242),(0.035000000149011612,0.81499997526407242)));
#5201=IFCARBITRARYCLOSEDPROFILEDEF(.AREA.,$,#5199);
#5202=IFCCARTESIANPOINT((0.65828770957887173,0.10250000178813934,0.02500000037252903));
#5203=IFCDIRECTION((0.,-1.,0.));
#5204=IFCDIRECTION((1.,0.,0.));
#5205=IFCAXIS2PLACEMENT3D(#5202,#5203,#5204);
#5206=IFCDIRECTION((0.,0.,-1.));
#5207=IFCEXTRUDEDAREASOLID(#5201,#5205,#5206,0.01);
#5305=IFCCARTESIANPOINTLIST2D(((0.,0.),(0.60598677396774292,0.),(0.60598677396774292,0.89999997615814209),(0.,0.89999997615814209)));
#5306=IFCINDEXEDPOLYCURVE(#5305,(IFCLINEINDEX((1,2,3,4,1))),$);
#5307=IFCCARTESIANPOINTLIST2D(((0.02500000037252903,0.02500000037252903),(0.59133666194975376,0.02500000037252903),(0.59133666194975376,0.87499997578561306),(0.02500000037252903,0.87499997578561306)));
#5308=IFCINDEXEDPOLYCURVE(#5307,(IFCLINEINDEX((1,2,3,4,1))),$);
#5309=IFCARBITRARYPROFILEDEFWITHVOIDS(.AREA.,$,#5306,(#5308));
#5310=IFCCARTESIANPOINT((0.,-2.8144568204879761E-06,0.));
#5311=IFCDIRECTION((0.,-1.,0.));
#5312=IFCDIRECTION((1.,0.,0.));
#5313=IFCAXIS2PLACEMENT3D(#5310,#5311,#5312);
#5314=IFCDIRECTION((0.,0.,-1.));
#5315=IFCEXTRUDEDAREASOLID(#5309,#5313,#5314,0.10000281594693661);
#5316=IFCCARTESIANPOINTLIST2D(((0.,0.),(0.60598677396774292,0.),(0.60598677396774292,0.89999997615814209),(0.,0.89999997615814209)));
#5317=IFCINDEXEDPOLYCURVE(#5316,(IFCLINEINDEX((1,2,3,4,1))),$);
#5318=IFCCARTESIANPOINTLIST2D(((0.05000000074505806,0.05000000074505806),(0.56633666157722473,0.05000000074505806),(0.56633666157722473,0.84999997541308403),(0.05000000074505806,0.84999997541308403)));
#5319=IFCINDEXEDPOLYCURVE(#5318,(IFCLINEINDEX((1,2,3,4,1))),$);
#5320=IFCARBITRARYPROFILEDEFWITHVOIDS(.AREA.,$,#5317,(#5319));
#5321=IFCCARTESIANPOINT((0.,0.05000000074505806,0.));
#5322=IFCDIRECTION((0.,-1.,0.));
#5323=IFCDIRECTION((1.,0.,0.));
#5324=IFCAXIS2PLACEMENT3D(#5321,#5322,#5323);
#5325=IFCDIRECTION((0.,0.,-1.));
#5326=IFCEXTRUDEDAREASOLID(#5320,#5324,#5325,-0.050002815201878548);
#5327=IFCCARTESIANPOINTLIST2D(((0.,0.),(0.56633666157722473,0.),(0.56633666157722473,0.84999997541308403),(0.,0.84999997541308403)));
#5328=IFCINDEXEDPOLYCURVE(#5327,(IFCLINEINDEX((1,2,3,4,1))),$);
#5329=IFCCARTESIANPOINTLIST2D(((0.035000000149011612,0.035000000149011612),(0.53133666142821312,0.035000000149011612),(0.53133666142821312,0.81499997526407242),(0.035000000149011612,0.81499997526407242)));
#5330=IFCINDEXEDPOLYCURVE(#5329,(IFCLINEINDEX((1,2,3,4,1))),$);
#5331=IFCARBITRARYPROFILEDEFWITHVOIDS(.AREA.,$,#5328,(#5330));
#5332=IFCCARTESIANPOINT((0.02500000037252903,-2.8144568204879761E-06,0.02500000037252903));
#5333=IFCDIRECTION((0.,-1.,0.));
#5334=IFCDIRECTION((1.,0.,0.));
#5335=IFCAXIS2PLACEMENT3D(#5332,#5333,#5334);
#5336=IFCDIRECTION((0.,0.,-1.));
#5337=IFCEXTRUDEDAREASOLID(#5331,#5335,#5336,0.12500281631946564);
#5338=IFCINDEXEDPOLYCURVE(#5339,(IFCLINEINDEX((1,2,3,4,1))),$);
#5339=IFCCARTESIANPOINTLIST2D(((0.035000000149011612,0.035000000149011612),(0.53133666142821312,0.035000000149011612),(0.53133666142821312,0.81499997526407242),(0.035000000149011612,0.81499997526407242)));
#5340=IFCARBITRARYCLOSEDPROFILEDEF(.AREA.,$,#5338);
#5341=IFCCARTESIANPOINT((0.02500000037252903,0.057498593702912333,0.02500000037252903));
#5342=IFCDIRECTION((0.,-1.,0.));
#5343=IFCDIRECTION((1.,0.,0.));
#5344=IFCAXIS2PLACEMENT3D(#5341,#5342,#5343);
#5345=IFCDIRECTION((0.,0.,-1.));
#5346=IFCEXTRUDEDAREASOLID(#5340,#5344,#5345,0.01);
#5347=IFCCARTESIANPOINTLIST2D(((0.,0.),(0.61442846059799194,0.),(0.61442846059799194,0.89999997615814209),(0.,0.89999997615814209)));
#5348=IFCINDEXEDPOLYCURVE(#5347,(IFCLINEINDEX((1,2,3,4,1))),$);
#5349=IFCCARTESIANPOINTLIST2D(((0.014650112017989159,0.02500000037252903),(0.58942846022546291,0.02500000037252903),(0.58942846022546291,0.87499997578561306),(0.014650112017989159,0.87499997578561306)));
#5350=IFCINDEXEDPOLYCURVE(#5349,(IFCLINEINDEX((1,2,3,4,1))),$);
#5351=IFCARBITRARYPROFILEDEFWITHVOIDS(.AREA.,$,#5348,(#5350));
#5352=IFCCARTESIANPOINT((0.60598677396774292,0.090000001713633537,0.));
#5353=IFCDIRECTION((0.,-1.,0.));
#5354=IFCDIRECTION((1.,0.,0.));
#5355=IFCAXIS2PLACEMENT3D(#5352,#5353,#5354);
#5356=IFCDIRECTION((0.,0.,-1.));
#5357=IFCEXTRUDEDAREASOLID(#5351,#5355,#5356,0.0099999997764825821);
#5358=IFCCARTESIANPOINTLIST2D(((0.,0.),(0.61442846059799194,0.),(0.61442846059799194,0.89999997615814209),(0.,0.89999997615814209)));
#5359=IFCINDEXEDPOLYCURVE(#5358,(IFCLINEINDEX((1,2,3,4,1))),$);
#5360=IFCCARTESIANPOINTLIST2D(((0.039650112390518188,0.05000000074505806),(0.56442845985293388,0.05000000074505806),(0.56442845985293388,0.84999997541308403),(0.039650112390518188,0.84999997541308403)));
#5361=IFCINDEXEDPOLYCURVE(#5360,(IFCLINEINDEX((1,2,3,4,1))),$);
#5362=IFCARBITRARYPROFILEDEFWITHVOIDS(.AREA.,$,#5359,(#5361));
#5363=IFCCARTESIANPOINT((0.60598677396774292,0.05000000074505806,0.));
#5364=IFCDIRECTION((0.,-1.,0.));
#5365=IFCDIRECTION((1.,0.,0.));
#5366=IFCAXIS2PLACEMENT3D(#5363,#5364,#5365);
#5367=IFCDIRECTION((0.,0.,-1.));
#5368=IFCEXTRUDEDAREASOLID(#5362,#5366,#5367,0.040000000968575478);
#5369=IFCCARTESIANPOINTLIST2D(((0.,0.),(0.57477834820747375,0.),(0.57477834820747375,0.84999997541308403),(0.,0.84999997541308403)));
#5370=IFCINDEXEDPOLYCURVE(#5369,(IFCLINEINDEX((1,2,3,4,1))),$);
#5371=IFCCARTESIANPOINTLIST2D(((0.035000000149011612,0.035000000149011612),(0.53977834805846214,0.035000000149011612),(0.53977834805846214,0.81499997526407242),(0.035000000149011612,0.81499997526407242)));
#5372=IFCINDEXEDPOLYCURVE(#5371,(IFCLINEINDEX((1,2,3,4,1))),$);
#5373=IFCARBITRARYPROFILEDEFWITHVOIDS(.AREA.,$,#5370,(#5372));
#5374=IFCCARTESIANPOINT((0.62063688598573208,0.090000001713633537,0.02500000037252903));
#5375=IFCDIRECTION((0.,-1.,0.));
#5376=IFCDIRECTION((1.,0.,0.));
#5377=IFCAXIS2PLACEMENT3D(#5374,#5375,#5376);
#5378=IFCDIRECTION((0.,0.,-1.));
#5379=IFCEXTRUDEDAREASOLID(#5373,#5377,#5378,0.035000000149011612);
#5380=IFCINDEXEDPOLYCURVE(#5381,(IFCLINEINDEX((1,2,3,4,1))),$);
#5381=IFCCARTESIANPOINTLIST2D(((0.035000000149011612,0.035000000149011612),(0.53977834805846214,0.035000000149011612),(0.53977834805846214,0.81499997526407242),(0.035000000149011612,0.81499997526407242)));
#5382=IFCARBITRARYCLOSEDPROFILEDEF(.AREA.,$,#5380);
#5383=IFCCARTESIANPOINT((0.62063688598573208,0.10250000178813934,0.02500000037252903));
#5384=IFCDIRECTION((0.,-1.,0.));
#5385=IFCDIRECTION((1.,0.,0.));
#5386=IFCAXIS2PLACEMENT3D(#5383,#5384,#5385);
#5387=IFCDIRECTION((0.,0.,-1.));
#5388=IFCEXTRUDEDAREASOLID(#5382,#5386,#5387,0.01);
#5448=IFCWINDOWTYPE('1fCHuyjen8Y8scQ6fIPwYo',$,'Guest-2-GF',$,$,(#5449),(#5451,#5459,#5507),$,$,.WINDOW.,.SINGLE_PANEL.,$,$);
#5449=IFCPROPERTYSET('0cIqQnFb5238dcehx_A0Mc',$,'BBIM_Window',$,(#5450));
#5450=IFCPROPERTYSINGLEVALUE('Data',$,IFCTEXT('{"window_type": "SINGLE_PANEL", "overall_height": 0.8999999761581421, "overall_width": 0.8227161169052124, "lining_properties": {"lining_depth": 0.05000000074505806, "lining_thickness": 0.05000000074505806, "lining_offset": 0.05000000074505806, "lining_to_panel_offset_x": 0.02500000037252903, "lining_to_panel_offset_y": 0.02500000037252903}, "panel_properties": {"frame_depth": [0.03500000014901161, 0.03500000014901161, 0.03500000014901161], "frame_thickness": [0.03500000014901161, 0.03500000014901161, 0.03500000014901161]}}'),$);
#5451=IFCREPRESENTATIONMAP(#5452,#5611);
#5452=IFCAXIS2PLACEMENT3D(#5453,#5454,#5455);
#5453=IFCCARTESIANPOINT((0.,0.,0.));
#5454=IFCDIRECTION((0.,0.,1.));
#5455=IFCDIRECTION((1.,0.,0.));
#5459=IFCREPRESENTATIONMAP(#5460,#5654);
#5460=IFCAXIS2PLACEMENT3D(#5461,#5462,#5463);
#5461=IFCCARTESIANPOINT((0.,0.,0.));
#5462=IFCDIRECTION((0.,0.,1.));
#5463=IFCDIRECTION((1.,0.,0.));
#5507=IFCREPRESENTATIONMAP(#5508,#5677);
#5508=IFCAXIS2PLACEMENT3D(#5509,#5510,#5511);
#5509=IFCCARTESIANPOINT((0.,0.,0.));
#5510=IFCDIRECTION((0.,0.,1.));
#5511=IFCDIRECTION((1.,0.,0.));
#5529=IFCWINDOW('0RmzqWSPb8ogJwxm7a5pXe',$,'Window',$,$,#5702,#5538,$,0.89999997615814209,0.8227161169052124,$,.SINGLE_PANEL.,$);
#5530=IFCRELDEFINESBYTYPE('3azmHK4_bF$RpIeALqg0zm',$,$,$,(#5529),#5448);
#5531=IFCCARTESIANPOINT((0.,0.,0.));
#5532=IFCDIRECTION((1.,0.,0.));
#5533=IFCDIRECTION((0.,1.,0.));
#5534=IFCDIRECTION((0.,0.,1.));
#5535=IFCCARTESIANTRANSFORMATIONOPERATOR3D(#5532,#5533,#5531,1.,#5534);
#5536=IFCMAPPEDITEM(#5451,#5535);
#5537=IFCSHAPEREPRESENTATION(#18,'Profile','MappedRepresentation',(#5536));
#5538=IFCPRODUCTDEFINITIONSHAPE($,$,(#5537,#5545,#5552));
#5539=IFCCARTESIANPOINT((0.,0.,0.));
#5540=IFCDIRECTION((1.,0.,0.));
#5541=IFCDIRECTION((0.,1.,0.));
#5542=IFCDIRECTION((0.,0.,1.));
#5543=IFCCARTESIANTRANSFORMATIONOPERATOR3D(#5540,#5541,#5539,1.,#5542);
#5544=IFCMAPPEDITEM(#5459,#5543);
#5545=IFCSHAPEREPRESENTATION(#11,'Body','MappedRepresentation',(#5544));
#5546=IFCCARTESIANPOINT((0.,0.,0.));
#5547=IFCDIRECTION((1.,0.,0.));
#5548=IFCDIRECTION((0.,1.,0.));
#5549=IFCDIRECTION((0.,0.,1.));
#5550=IFCCARTESIANTRANSFORMATIONOPERATOR3D(#5547,#5548,#5546,1.,#5549);
#5551=IFCMAPPEDITEM(#5507,#5550);
#5552=IFCSHAPEREPRESENTATION(#24,'Body','MappedRepresentation',(#5551));
#5553=IFCOPENINGELEMENT('1FpSI0MYP6_e43RY$Rpsao',$,'Opening',$,$,#5697,#5581,$,.OPENING.);
#5569=IFCCARTESIANPOINT((0.,0.,0.));
#5570=IFCDIRECTION((1.,0.,0.));
#5571=IFCDIRECTION((0.,0.,1.));
#5572=IFCAXIS2PLACEMENT3D(#5569,#5571,#5570);
#5573=IFCREPRESENTATIONMAP(#5572,#5687);
#5574=IFCCARTESIANPOINT((0.,0.,0.));
#5575=IFCDIRECTION((1.,0.,0.));
#5576=IFCDIRECTION((0.,1.,0.));
#5577=IFCDIRECTION((0.,0.,1.));
#5578=IFCCARTESIANTRANSFORMATIONOPERATOR3D(#5575,#5576,#5574,1.,#5577);
#5579=IFCMAPPEDITEM(#5573,#5578);
#5580=IFCSHAPEREPRESENTATION(#11,'Body','MappedRepresentation',(#5579));
#5581=IFCPRODUCTDEFINITIONSHAPE($,$,(#5580));
#5582=IFCRELVOIDSELEMENT('03ZeSIQTn7CvIx8KKu22ek',$,$,$,#343,#5553);
#5588=IFCRELFILLSELEMENT('2FPToOe7XC2e9rJGRrCdUY',$,$,$,#5553,#5529);
#5609=IFCCARTESIANPOINTLIST3D(((0.,0.,0.),(0.8227161169052124,0.,0.),(0.8227161169052124,0.,0.89999997615814209),(0.,0.,0.89999997615814209)));
#5610=IFCINDEXEDPOLYCURVE(#5609,(IFCLINEINDEX((1,2,3,4,1))),$);
#5611=IFCSHAPEREPRESENTATION(#18,'Profile','Curve3D',(#5610));
#5612=IFCCARTESIANPOINTLIST2D(((0.,0.),(0.8227161169052124,0.),(0.8227161169052124,0.89999997615814209),(0.,0.89999997615814209)));
#5613=IFCINDEXEDPOLYCURVE(#5612,(IFCLINEINDEX((1,2,3,4,1))),$);
#5614=IFCCARTESIANPOINTLIST2D(((0.02500000037252903,0.02500000037252903),(0.79771611653268337,0.02500000037252903),(0.79771611653268337,0.87499997578561306),(0.02500000037252903,0.87499997578561306)));
#5615=IFCINDEXEDPOLYCURVE(#5614,(IFCLINEINDEX((1,2,3,4,1))),$);
#5616=IFCARBITRARYPROFILEDEFWITHVOIDS(.AREA.,$,#5613,(#5615));
#5617=IFCCARTESIANPOINT((0.,0.090000001713633537,0.));
#5618=IFCDIRECTION((0.,-1.,0.));
#5619=IFCDIRECTION((1.,0.,0.));
#5620=IFCAXIS2PLACEMENT3D(#5617,#5618,#5619);
#5621=IFCDIRECTION((0.,0.,-1.));
#5622=IFCEXTRUDEDAREASOLID(#5616,#5620,#5621,0.0099999997764825821);
#5623=IFCCARTESIANPOINTLIST2D(((0.,0.),(0.8227161169052124,0.),(0.8227161169052124,0.89999997615814209),(0.,0.89999997615814209)));
#5624=IFCINDEXEDPOLYCURVE(#5623,(IFCLINEINDEX((1,2,3,4,1))),$);
#5625=IFCCARTESIANPOINTLIST2D(((0.05000000074505806,0.05000000074505806),(0.77271611616015434,0.05000000074505806),(0.77271611616015434,0.84999997541308403),(0.05000000074505806,0.84999997541308403)));
#5626=IFCINDEXEDPOLYCURVE(#5625,(IFCLINEINDEX((1,2,3,4,1))),$);
#5627=IFCARBITRARYPROFILEDEFWITHVOIDS(.AREA.,$,#5624,(#5626));
#5628=IFCCARTESIANPOINT((0.,0.05000000074505806,0.));
#5629=IFCDIRECTION((0.,-1.,0.));
#5630=IFCDIRECTION((1.,0.,0.));
#5631=IFCAXIS2PLACEMENT3D(#5628,#5629,#5630);
#5632=IFCDIRECTION((0.,0.,-1.));
#5633=IFCEXTRUDEDAREASOLID(#5627,#5631,#5632,0.040000000968575478);
#5634=IFCCARTESIANPOINTLIST2D(((0.,0.),(0.77271611616015434,0.),(0.77271611616015434,0.84999997541308403),(0.,0.84999997541308403)));
#5635=IFCINDEXEDPOLYCURVE(#5634,(IFCLINEINDEX((1,2,3,4,1))),$);
#5636=IFCCARTESIANPOINTLIST2D(((0.035000000149011612,0.035000000149011612),(0.73771611601114273,0.035000000149011612),(0.73771611601114273,0.81499997526407242),(0.035000000149011612,0.81499997526407242)));
#5637=IFCINDEXEDPOLYCURVE(#5636,(IFCLINEINDEX((1,2,3,4,1))),$);
#5638=IFCARBITRARYPROFILEDEFWITHVOIDS(.AREA.,$,#5635,(#5637));
#5639=IFCCARTESIANPOINT((0.02500000037252903,0.090000001713633537,0.02500000037252903));
#5640=IFCDIRECTION((0.,-1.,0.));
#5641=IFCDIRECTION((1.,0.,0.));
#5642=IFCAXIS2PLACEMENT3D(#5639,#5640,#5641);
#5643=IFCDIRECTION((0.,0.,-1.));
#5644=IFCEXTRUDEDAREASOLID(#5638,#5642,#5643,0.035000000149011612);
#5645=IFCINDEXEDPOLYCURVE(#5646,(IFCLINEINDEX((1,2,3,4,1))),$);
#5646=IFCCARTESIANPOINTLIST2D(((0.035000000149011612,0.035000000149011612),(0.73771611601114273,0.035000000149011612),(0.73771611601114273,0.81499997526407242),(0.035000000149011612,0.81499997526407242)));
#5647=IFCARBITRARYCLOSEDPROFILEDEF(.AREA.,$,#5645);
#5648=IFCCARTESIANPOINT((0.02500000037252903,0.10250000178813934,0.02500000037252903));
#5649=IFCDIRECTION((0.,-1.,0.));
#5650=IFCDIRECTION((1.,0.,0.));
#5651=IFCAXIS2PLACEMENT3D(#5648,#5649,#5650);
#5652=IFCDIRECTION((0.,0.,-1.));
#5653=IFCEXTRUDEDAREASOLID(#5647,#5651,#5652,0.01);
#5654=IFCSHAPEREPRESENTATION(#11,'Body','SweptSolid',(#5622,#5633,#5644,#5653));
#5655=IFCSHAPEREPRESENTATION(#11,'Body','SweptSolid',(#5622,#5633));
#5656=IFCSHAPEASPECT((#5655),'Lining',$,.T.,#5538);
#5657=IFCSHAPEREPRESENTATION(#11,'Body','SweptSolid',(#5644));
#5658=IFCSHAPEASPECT((#5657),'Framing',$,.T.,#5538);
#5659=IFCSHAPEREPRESENTATION(#11,'Body','SweptSolid',(#5653));
#5660=IFCSHAPEASPECT((#5659),'Glazing',$,.T.,#5538);
#5661=IFCCARTESIANPOINTLIST2D(((0.05000000074505806,0.05000000074505806),(0.77271611616015434,0.05000000074505806)));
#5662=IFCINDEXEDPOLYCURVE(#5661,$,$);
#5663=IFCCARTESIANPOINTLIST2D(((0.,0.10000000149011612),(0.02500000037252903,0.10000000149011612),(0.02500000037252903,0.090000001713633537),(0.05000000074505806,0.090000001713633537),(0.05000000074505806,0.05000000074505806),(0.,0.05000000074505806)));
#5664=IFCINDEXEDPOLYCURVE(#5663,(IFCLINEINDEX((1,2,3,4,5,6,1))),$);
#5665=IFCCARTESIANPOINTLIST2D(((0.8227161169052124,0.10000000149011612),(0.79771611653268337,0.10000000149011612),(0.79771611653268337,0.090000001713633537),(0.77271611616015434,0.090000001713633537),(0.77271611616015434,0.05000000074505806),(0.8227161169052124,0.05000000074505806)));
#5666=IFCINDEXEDPOLYCURVE(#5665,(IFCLINEINDEX((1,2,3,4,5,6,1))),$);
#5667=IFCCARTESIANPOINTLIST2D(((0.02500000037252903,0.090000001713633537),(0.060000000521540642,0.090000001713633537),(0.060000000521540642,0.12500000186264515),(0.02500000037252903,0.12500000186264515)));
#5668=IFCINDEXEDPOLYCURVE(#5667,(IFCLINEINDEX((1,2,3,4,1))),$);
#5669=IFCINDEXEDPOLYCURVE(#5670,(IFCLINEINDEX((1,2,3,4,1))),$);
#5670=IFCCARTESIANPOINTLIST2D(((0.79771611653268337,0.090000001713633537),(0.76271611638367176,0.090000001713633537),(0.76271611638367176,0.12500000186264515),(0.79771611653268337,0.12500000186264515)));
#5671=IFCCARTESIANPOINTLIST2D(((0.060000000521540642,0.090000001713633537),(0.76271611638367176,0.090000001713633537)));
#5672=IFCINDEXEDPOLYCURVE(#5671,$,$);
#5673=IFCINDEXEDPOLYCURVE(#5674,$,$);
#5674=IFCCARTESIANPOINTLIST2D(((0.060000000521540642,0.12500000186264515),(0.76271611638367176,0.12500000186264515)));
#5675=IFCINDEXEDPOLYCURVE(#5676,$,$);
#5676=IFCCARTESIANPOINTLIST2D(((0.060000000521540642,0.10750000178813934),(0.76271611638367176,0.10750000178813934)));
#5677=IFCSHAPEREPRESENTATION(#24,'Body','Curve2D',(#5662,#5664,#5666,#5668,#5669,#5672,#5673,#5675));
#5678=IFCCARTESIANPOINTLIST2D(((0.,0.),(0.8227161169052124,0.),(0.8227161169052124,0.89999997615814209),(0.,0.89999997615814209)));
#5679=IFCINDEXEDPOLYCURVE(#5678,(IFCLINEINDEX((1,2,3,4,1))),$);
#5680=IFCARBITRARYCLOSEDPROFILEDEF(.AREA.,$,#5679);
#5681=IFCCARTESIANPOINT((0.,-0.60000002384185791,0.));
#5682=IFCDIRECTION((0.,-1.,0.));
#5683=IFCDIRECTION((1.,0.,0.));
#5684=IFCAXIS2PLACEMENT3D(#5681,#5682,#5683);
#5685=IFCDIRECTION((0.,0.,-1.));
#5686=IFCEXTRUDEDAREASOLID(#5680,#5684,#5685,1.2);
#5687=IFCSHAPEREPRESENTATION(#11,'Body','SweptSolid',(#5686));
#5693=IFCCARTESIANPOINT((3.0024512620863288,2.5015837712416555E-07,1.));
#5694=IFCDIRECTION((0.,0.,1.));
#5695=IFCDIRECTION((0.99999999999999289,1.1920928244535129E-07,0.));
#5696=IFCAXIS2PLACEMENT3D(#5693,#5694,#5695);
#5697=IFCLOCALPLACEMENT(#1677,#5696);
#5698=IFCCARTESIANPOINT((4.4408920985006262E-16,0.,0.));
#5699=IFCDIRECTION((0.,0.,1.));
#5700=IFCDIRECTION((1.,0.,0.));
#5701=IFCAXIS2PLACEMENT3D(#5698,#5699,#5700);
#5702=IFCLOCALPLACEMENT(#5697,#5701);
#5721=IFCCARTESIANPOINTLIST2D(((0.,0.),(0.60598677396774292,0.),(0.60598677396774292,0.89999997615814209),(0.,0.89999997615814209)));
#5722=IFCINDEXEDPOLYCURVE(#5721,(IFCLINEINDEX((1,2,3,4,1))),$);
#5723=IFCCARTESIANPOINTLIST2D(((0.02500000037252903,0.02500000037252903),(0.59133666194975376,0.02500000037252903),(0.59133666194975376,0.87499997578561306),(0.02500000037252903,0.87499997578561306)));
#5724=IFCINDEXEDPOLYCURVE(#5723,(IFCLINEINDEX((1,2,3,4,1))),$);
#5725=IFCARBITRARYPROFILEDEFWITHVOIDS(.AREA.,$,#5722,(#5724));
#5726=IFCCARTESIANPOINT((0.,-2.8144568204879761E-06,0.));
#5727=IFCDIRECTION((0.,-1.,0.));
#5728=IFCDIRECTION((1.,0.,0.));
#5729=IFCAXIS2PLACEMENT3D(#5726,#5727,#5728);
#5730=IFCDIRECTION((0.,0.,-1.));
#5731=IFCEXTRUDEDAREASOLID(#5725,#5729,#5730,0.10000281594693661);
#5732=IFCCARTESIANPOINTLIST2D(((0.,0.),(0.60598677396774292,0.),(0.60598677396774292,0.89999997615814209),(0.,0.89999997615814209)));
#5733=IFCINDEXEDPOLYCURVE(#5732,(IFCLINEINDEX((1,2,3,4,1))),$);
#5734=IFCCARTESIANPOINTLIST2D(((0.05000000074505806,0.05000000074505806),(0.56633666157722473,0.05000000074505806),(0.56633666157722473,0.84999997541308403),(0.05000000074505806,0.84999997541308403)));
#5735=IFCINDEXEDPOLYCURVE(#5734,(IFCLINEINDEX((1,2,3,4,1))),$);
#5736=IFCARBITRARYPROFILEDEFWITHVOIDS(.AREA.,$,#5733,(#5735));
#5737=IFCCARTESIANPOINT((0.,0.05000000074505806,0.));
#5738=IFCDIRECTION((0.,-1.,0.));
#5739=IFCDIRECTION((1.,0.,0.));
#5740=IFCAXIS2PLACEMENT3D(#5737,#5738,#5739);
#5741=IFCDIRECTION((0.,0.,-1.));
#5742=IFCEXTRUDEDAREASOLID(#5736,#5740,#5741,-0.050002815201878548);
#5743=IFCCARTESIANPOINTLIST2D(((0.,0.),(0.56633666157722473,0.),(0.56633666157722473,0.84999997541308403),(0.,0.84999997541308403)));
#5744=IFCINDEXEDPOLYCURVE(#5743,(IFCLINEINDEX((1,2,3,4,1))),$);
#5745=IFCCARTESIANPOINTLIST2D(((0.035000000149011612,0.035000000149011612),(0.53133666142821312,0.035000000149011612),(0.53133666142821312,0.81499997526407242),(0.035000000149011612,0.81499997526407242)));
#5746=IFCINDEXEDPOLYCURVE(#5745,(IFCLINEINDEX((1,2,3,4,1))),$);
#5747=IFCARBITRARYPROFILEDEFWITHVOIDS(.AREA.,$,#5744,(#5746));
#5748=IFCCARTESIANPOINT((0.02500000037252903,-2.8144568204879761E-06,0.02500000037252903));
#5749=IFCDIRECTION((0.,-1.,0.));
#5750=IFCDIRECTION((1.,0.,0.));
#5751=IFCAXIS2PLACEMENT3D(#5748,#5749,#5750);
#5752=IFCDIRECTION((0.,0.,-1.));
#5753=IFCEXTRUDEDAREASOLID(#5747,#5751,#5752,0.12500281631946564);
#5754=IFCINDEXEDPOLYCURVE(#5755,(IFCLINEINDEX((1,2,3,4,1))),$);
#5755=IFCCARTESIANPOINTLIST2D(((0.035000000149011612,0.035000000149011612),(0.53133666142821312,0.035000000149011612),(0.53133666142821312,0.81499997526407242),(0.035000000149011612,0.81499997526407242)));
#5756=IFCARBITRARYCLOSEDPROFILEDEF(.AREA.,$,#5754);
#5757=IFCCARTESIANPOINT((0.02500000037252903,0.057498593702912333,0.02500000037252903));
#5758=IFCDIRECTION((0.,-1.,0.));
#5759=IFCDIRECTION((1.,0.,0.));
#5760=IFCAXIS2PLACEMENT3D(#5757,#5758,#5759);
#5761=IFCDIRECTION((0.,0.,-1.));
#5762=IFCEXTRUDEDAREASOLID(#5756,#5760,#5761,0.01);
#5763=IFCCARTESIANPOINTLIST2D(((0.,0.),(0.61442846059799194,0.),(0.61442846059799194,0.89999997615814209),(0.,0.89999997615814209)));
#5764=IFCINDEXEDPOLYCURVE(#5763,(IFCLINEINDEX((1,2,3,4,1))),$);
#5765=IFCCARTESIANPOINTLIST2D(((0.014650112017989159,0.02500000037252903),(0.58942846022546291,0.02500000037252903),(0.58942846022546291,0.87499997578561306),(0.014650112017989159,0.87499997578561306)));
#5766=IFCINDEXEDPOLYCURVE(#5765,(IFCLINEINDEX((1,2,3,4,1))),$);
#5767=IFCARBITRARYPROFILEDEFWITHVOIDS(.AREA.,$,#5764,(#5766));
#5768=IFCCARTESIANPOINT((0.60598677396774292,0.090000001713633537,0.));
#5769=IFCDIRECTION((0.,-1.,0.));
#5770=IFCDIRECTION((1.,0.,0.));
#5771=IFCAXIS2PLACEMENT3D(#5768,#5769,#5770);
#5772=IFCDIRECTION((0.,0.,-1.));
#5773=IFCEXTRUDEDAREASOLID(#5767,#5771,#5772,0.0099999997764825821);
#5774=IFCCARTESIANPOINTLIST2D(((0.,0.),(0.61442846059799194,0.),(0.61442846059799194,0.89999997615814209),(0.,0.89999997615814209)));
#5775=IFCINDEXEDPOLYCURVE(#5774,(IFCLINEINDEX((1,2,3,4,1))),$);
#5776=IFCCARTESIANPOINTLIST2D(((0.039650112390518188,0.05000000074505806),(0.56442845985293388,0.05000000074505806),(0.56442845985293388,0.84999997541308403),(0.039650112390518188,0.84999997541308403)));
#5777=IFCINDEXEDPOLYCURVE(#5776,(IFCLINEINDEX((1,2,3,4,1))),$);
#5778=IFCARBITRARYPROFILEDEFWITHVOIDS(.AREA.,$,#5775,(#5777));
#5779=IFCCARTESIANPOINT((0.60598677396774292,0.05000000074505806,0.));
#5780=IFCDIRECTION((0.,-1.,0.));
#5781=IFCDIRECTION((1.,0.,0.));
#5782=IFCAXIS2PLACEMENT3D(#5779,#5780,#5781);
#5783=IFCDIRECTION((0.,0.,-1.));
#5784=IFCEXTRUDEDAREASOLID(#5778,#5782,#5783,0.040000000968575478);
#5785=IFCCARTESIANPOINTLIST2D(((0.,0.),(0.57477834820747375,0.),(0.57477834820747375,0.84999997541308403),(0.,0.84999997541308403)));
#5786=IFCINDEXEDPOLYCURVE(#5785,(IFCLINEINDEX((1,2,3,4,1))),$);
#5787=IFCCARTESIANPOINTLIST2D(((0.035000000149011612,0.035000000149011612),(0.53977834805846214,0.035000000149011612),(0.53977834805846214,0.81499997526407242),(0.035000000149011612,0.81499997526407242)));
#5788=IFCINDEXEDPOLYCURVE(#5787,(IFCLINEINDEX((1,2,3,4,1))),$);
#5789=IFCARBITRARYPROFILEDEFWITHVOIDS(.AREA.,$,#5786,(#5788));
#5790=IFCCARTESIANPOINT((0.62063688598573208,0.090000001713633537,0.02500000037252903));
#5791=IFCDIRECTION((0.,-1.,0.));
#5792=IFCDIRECTION((1.,0.,0.));
#5793=IFCAXIS2PLACEMENT3D(#5790,#5791,#5792);
#5794=IFCDIRECTION((0.,0.,-1.));
#5795=IFCEXTRUDEDAREASOLID(#5789,#5793,#5794,0.035000000149011612);
#5796=IFCINDEXEDPOLYCURVE(#5797,(IFCLINEINDEX((1,2,3,4,1))),$);
#5797=IFCCARTESIANPOINTLIST2D(((0.035000000149011612,0.035000000149011612),(0.53977834805846214,0.035000000149011612),(0.53977834805846214,0.81499997526407242),(0.035000000149011612,0.81499997526407242)));
#5798=IFCARBITRARYCLOSEDPROFILEDEF(.AREA.,$,#5796);
#5799=IFCCARTESIANPOINT((0.62063688598573208,0.10250000178813934,0.02500000037252903));
#5800=IFCDIRECTION((0.,-1.,0.));
#5801=IFCDIRECTION((1.,0.,0.));
#5802=IFCAXIS2PLACEMENT3D(#5799,#5800,#5801);
#5803=IFCDIRECTION((0.,0.,-1.));
#5804=IFCEXTRUDEDAREASOLID(#5798,#5802,#5803,0.01);
#5882=IFCCARTESIANPOINTLIST2D(((0.,0.),(0.60598677396774292,0.),(0.60598677396774292,0.89999997615814209),(0.,0.89999997615814209)));
#5883=IFCINDEXEDPOLYCURVE(#5882,(IFCLINEINDEX((1,2,3,4,1))),$);
#5884=IFCCARTESIANPOINTLIST2D(((0.02500000037252903,0.02500000037252903),(0.59133666194975376,0.02500000037252903),(0.59133666194975376,0.87499997578561306),(0.02500000037252903,0.87499997578561306)));
#5885=IFCINDEXEDPOLYCURVE(#5884,(IFCLINEINDEX((1,2,3,4,1))),$);
#5886=IFCARBITRARYPROFILEDEFWITHVOIDS(.AREA.,$,#5883,(#5885));
#5887=IFCCARTESIANPOINT((0.,-0.020331373438239098,0.));
#5888=IFCDIRECTION((0.,-1.,0.));
#5889=IFCDIRECTION((1.,0.,0.));
#5890=IFCAXIS2PLACEMENT3D(#5887,#5888,#5889);
#5891=IFCDIRECTION((0.,0.,-1.));
#5892=IFCEXTRUDEDAREASOLID(#5886,#5890,#5891,0.13202600739896297);
#5893=IFCCARTESIANPOINTLIST2D(((0.,0.),(0.60598677396774292,0.),(0.60598677396774292,0.89999997615814209),(0.,0.89999997615814209)));
#5894=IFCINDEXEDPOLYCURVE(#5893,(IFCLINEINDEX((1,2,3,4,1))),$);
#5895=IFCCARTESIANPOINTLIST2D(((0.05000000074505806,0.05000000074505806),(0.56633666157722473,0.05000000074505806),(0.56633666157722473,0.84999997541308403),(0.05000000074505806,0.84999997541308403)));
#5896=IFCINDEXEDPOLYCURVE(#5895,(IFCLINEINDEX((1,2,3,4,1))),$);
#5897=IFCARBITRARYPROFILEDEFWITHVOIDS(.AREA.,$,#5894,(#5896));
#5898=IFCCARTESIANPOINT((0.,0.061694633215665817,0.));
#5899=IFCDIRECTION((0.,-1.,0.));
#5900=IFCDIRECTION((1.,0.,0.));
#5901=IFCAXIS2PLACEMENT3D(#5898,#5899,#5900);
#5902=IFCDIRECTION((0.,0.,-1.));
#5903=IFCEXTRUDEDAREASOLID(#5897,#5901,#5902,-0.082026006653904915);
#5904=IFCCARTESIANPOINTLIST2D(((0.,0.),(0.56633666157722473,0.),(0.56633666157722473,0.84999997541308403),(0.,0.84999997541308403)));
#5905=IFCINDEXEDPOLYCURVE(#5904,(IFCLINEINDEX((1,2,3,4,1))),$);
#5906=IFCCARTESIANPOINTLIST2D(((0.035000000149011612,0.035000000149011612),(0.53133666142821312,0.035000000149011612),(0.53133666142821312,0.81499997526407242),(0.035000000149011612,0.81499997526407242)));
#5907=IFCINDEXEDPOLYCURVE(#5906,(IFCLINEINDEX((1,2,3,4,1))),$);
#5908=IFCARBITRARYPROFILEDEFWITHVOIDS(.AREA.,$,#5905,(#5907));
#5909=IFCCARTESIANPOINT((0.02500000037252903,-0.020331373438239098,0.02500000037252903));
#5910=IFCDIRECTION((0.,-1.,0.));
#5911=IFCDIRECTION((1.,0.,0.));
#5912=IFCAXIS2PLACEMENT3D(#5909,#5910,#5911);
#5913=IFCDIRECTION((0.,0.,-1.));
#5914=IFCEXTRUDEDAREASOLID(#5908,#5912,#5913,0.1320197582244873);
#5915=IFCINDEXEDPOLYCURVE(#5916,(IFCLINEINDEX((1,2,3,4,1))),$);
#5916=IFCCARTESIANPOINTLIST2D(((0.035000000149011612,0.035000000149011612),(0.53133666142821312,0.035000000149011612),(0.53133666142821312,0.81499997526407242),(0.035000000149011612,0.81499997526407242)));
#5917=IFCARBITRARYCLOSEDPROFILEDEF(.AREA.,$,#5915);
#5918=IFCCARTESIANPOINT((0.02500000037252903,0.040678505674004557,0.02500000037252903));
#5919=IFCDIRECTION((0.,-1.,0.));
#5920=IFCDIRECTION((1.,0.,0.));
#5921=IFCAXIS2PLACEMENT3D(#5918,#5919,#5920);
#5922=IFCDIRECTION((0.,0.,-1.));
#5923=IFCEXTRUDEDAREASOLID(#5917,#5921,#5922,0.01);
#5924=IFCCARTESIANPOINTLIST2D(((0.,0.),(0.61442846059799194,0.),(0.61442846059799194,0.89999997615814209),(0.,0.89999997615814209)));
#5925=IFCINDEXEDPOLYCURVE(#5924,(IFCLINEINDEX((1,2,3,4,1))),$);
#5926=IFCCARTESIANPOINTLIST2D(((0.014650112017989159,0.02500000037252903),(0.58942846022546291,0.02500000037252903),(0.58942846022546291,0.87499997578561306),(0.014650112017989159,0.87499997578561306)));
#5927=IFCINDEXEDPOLYCURVE(#5926,(IFCLINEINDEX((1,2,3,4,1))),$);
#5928=IFCARBITRARYPROFILEDEFWITHVOIDS(.AREA.,$,#5925,(#5927));
#5929=IFCCARTESIANPOINT((0.60598677396774292,0.076688384637236595,0.));
#5930=IFCDIRECTION((0.,-1.,0.));
#5931=IFCDIRECTION((1.,0.,0.));
#5932=IFCAXIS2PLACEMENT3D(#5929,#5930,#5931);
#5933=IFCDIRECTION((0.,0.,-1.));
#5934=IFCEXTRUDEDAREASOLID(#5928,#5932,#5933,0.035006249323487282);
#5935=IFCCARTESIANPOINTLIST2D(((0.,0.),(0.61442846059799194,0.),(0.61442846059799194,0.89999997615814209),(0.,0.89999997615814209)));
#5936=IFCINDEXEDPOLYCURVE(#5935,(IFCLINEINDEX((1,2,3,4,1))),$);
#5937=IFCCARTESIANPOINTLIST2D(((0.039650112390518188,0.05000000074505806),(0.56442845985293388,0.05000000074505806),(0.56442845985293388,0.84999997541308403),(0.039650112390518188,0.84999997541308403)));
#5938=IFCINDEXEDPOLYCURVE(#5937,(IFCLINEINDEX((1,2,3,4,1))),$);
#5939=IFCARBITRARYPROFILEDEFWITHVOIDS(.AREA.,$,#5936,(#5938));
#5940=IFCCARTESIANPOINT((0.60598677396774292,0.061694633215665817,0.));
#5941=IFCDIRECTION((0.,-1.,0.));
#5942=IFCDIRECTION((1.,0.,0.));
#5943=IFCAXIS2PLACEMENT3D(#5940,#5941,#5942);
#5944=IFCDIRECTION((0.,0.,-1.));
#5945=IFCEXTRUDEDAREASOLID(#5939,#5943,#5944,0.014993751421570778);
#5946=IFCCARTESIANPOINTLIST2D(((0.,0.),(0.57477834820747375,0.),(0.57477834820747375,0.84999997541308403),(0.,0.84999997541308403)));
#5947=IFCINDEXEDPOLYCURVE(#5946,(IFCLINEINDEX((1,2,3,4,1))),$);
#5948=IFCCARTESIANPOINTLIST2D(((0.044355664402246475,0.044355664402246475),(0.53042268380522728,0.044355664402246475),(0.53042268380522728,0.80564431101083755),(0.044355664402246475,0.80564431101083755)));
#5949=IFCINDEXEDPOLYCURVE(#5948,(IFCLINEINDEX((1,2,3,4,1))),$);
#5950=IFCARBITRARYPROFILEDEFWITHVOIDS(.AREA.,$,#5947,(#5949));
#5951=IFCCARTESIANPOINT((0.62063688598573208,0.076688384637236595,0.02500000037252903));
#5952=IFCDIRECTION((0.,-1.,0.));
#5953=IFCDIRECTION((1.,0.,0.));
#5954=IFCAXIS2PLACEMENT3D(#5951,#5952,#5953);
#5955=IFCDIRECTION((0.,0.,-1.));
#5956=IFCEXTRUDEDAREASOLID(#5950,#5954,#5955,0.035000000149011612);
#5957=IFCINDEXEDPOLYCURVE(#5958,(IFCLINEINDEX((1,2,3,4,1))),$);
#5958=IFCCARTESIANPOINTLIST2D(((0.044355664402246475,0.044355664402246475),(0.53042268380522728,0.044355664402246475),(0.53042268380522728,0.80564431101083755),(0.044355664402246475,0.80564431101083755)));
#5959=IFCARBITRARYCLOSEDPROFILEDEF(.AREA.,$,#5957);
#5960=IFCCARTESIANPOINT((0.62063688598573208,0.089188384711742397,0.02500000037252903));
#5961=IFCDIRECTION((0.,-1.,0.));
#5962=IFCDIRECTION((1.,0.,0.));
#5963=IFCAXIS2PLACEMENT3D(#5960,#5961,#5962);
#5964=IFCDIRECTION((0.,0.,-1.));
#5965=IFCEXTRUDEDAREASOLID(#5959,#5963,#5964,0.01);
#6070=IFCWINDOWTYPE('3IJfHAUQj3Pu5cGVPli_Mo',$,'Maid''s-GF',$,$,(#6071),(#6073,#6081,#6129),$,$,.WINDOW.,.SINGLE_PANEL.,$,$);
#6071=IFCPROPERTYSET('3vN9UcM2v0jP7uEJvanzdJ',$,'BBIM_Window',$,(#6072));
#6072=IFCPROPERTYSINGLEVALUE('Data',$,IFCTEXT('{"window_type": "SINGLE_PANEL", "overall_height": 0.8999999761581421, "overall_width": 0.873381495475769, "lining_properties": {"lining_depth": 0.05000000074505806, "lining_thickness": 0.05000000074505806, "lining_offset": 0.05000000074505806, "lining_to_panel_offset_x": 0.02500000037252903, "lining_to_panel_offset_y": 0.02500000037252903}, "panel_properties": {"frame_depth": [0.03500000014901161, 0.03500000014901161, 0.03500000014901161], "frame_thickness": [0.03500000014901161, 0.03500000014901161, 0.03500000014901161]}}'),$);
#6073=IFCREPRESENTATIONMAP(#6074,#17346);
#6074=IFCAXIS2PLACEMENT3D(#6075,#6076,#6077);
#6075=IFCCARTESIANPOINT((0.,0.,0.));
#6076=IFCDIRECTION((0.,0.,1.));
#6077=IFCDIRECTION((1.,0.,0.));
#6081=IFCREPRESENTATIONMAP(#6082,#17389);
#6082=IFCAXIS2PLACEMENT3D(#6083,#6084,#6085);
#6083=IFCCARTESIANPOINT((0.,0.,0.));
#6084=IFCDIRECTION((0.,0.,1.));
#6085=IFCDIRECTION((1.,0.,0.));
#6129=IFCREPRESENTATIONMAP(#6130,#17406);
#6130=IFCAXIS2PLACEMENT3D(#6131,#6132,#6133);
#6131=IFCCARTESIANPOINT((0.,0.,0.));
#6132=IFCDIRECTION((0.,0.,1.));
#6133=IFCDIRECTION((1.,0.,0.));
#6151=IFCWINDOW('1ptwd2ib94WvdJz7CpuF72',$,'Window',$,$,#17451,#6160,$,0.89999997615814209,0.87338149547576904,$,.SINGLE_PANEL.,$);
#6152=IFCRELDEFINESBYTYPE('3Qao7kKdn9vuaxt6Gr$SqI',$,$,$,(#6151),#6070);
#6153=IFCCARTESIANPOINT((0.,0.,0.));
#6154=IFCDIRECTION((1.,0.,0.));
#6155=IFCDIRECTION((0.,1.,0.));
#6156=IFCDIRECTION((0.,0.,1.));
#6157=IFCCARTESIANTRANSFORMATIONOPERATOR3D(#6154,#6155,#6153,1.,#6156);
#6158=IFCMAPPEDITEM(#6073,#6157);
#6159=IFCSHAPEREPRESENTATION(#18,'Profile','MappedRepresentation',(#6158));
#6160=IFCPRODUCTDEFINITIONSHAPE($,$,(#6159,#6167,#6174));
#6161=IFCCARTESIANPOINT((0.,0.,0.));
#6162=IFCDIRECTION((1.,0.,0.));
#6163=IFCDIRECTION((0.,1.,0.));
#6164=IFCDIRECTION((0.,0.,1.));
#6165=IFCCARTESIANTRANSFORMATIONOPERATOR3D(#6162,#6163,#6161,1.,#6164);
#6166=IFCMAPPEDITEM(#6081,#6165);
#6167=IFCSHAPEREPRESENTATION(#11,'Body','MappedRepresentation',(#6166));
#6168=IFCCARTESIANPOINT((0.,0.,0.));
#6169=IFCDIRECTION((1.,0.,0.));
#6170=IFCDIRECTION((0.,1.,0.));
#6171=IFCDIRECTION((0.,0.,1.));
#6172=IFCCARTESIANTRANSFORMATIONOPERATOR3D(#6169,#6170,#6168,1.,#6171);
#6173=IFCMAPPEDITEM(#6129,#6172);
#6174=IFCSHAPEREPRESENTATION(#24,'Body','MappedRepresentation',(#6173));
#6175=IFCOPENINGELEMENT('0t0zxyfRnDXfPKMNoHTCk7',$,'Opening',$,$,#17441,#6203,$,.OPENING.);
#6191=IFCCARTESIANPOINT((0.,0.,0.));
#6192=IFCDIRECTION((1.,0.,0.));
#6193=IFCDIRECTION((0.,0.,1.));
#6194=IFCAXIS2PLACEMENT3D(#6191,#6193,#6192);
#6195=IFCREPRESENTATIONMAP(#6194,#17416);
#6196=IFCCARTESIANPOINT((0.,0.,0.));
#6197=IFCDIRECTION((1.,0.,0.));
#6198=IFCDIRECTION((0.,1.,0.));
#6199=IFCDIRECTION((0.,0.,1.));
#6200=IFCCARTESIANTRANSFORMATIONOPERATOR3D(#6197,#6198,#6196,1.,#6199);
#6201=IFCMAPPEDITEM(#6195,#6200);
#6202=IFCSHAPEREPRESENTATION(#11,'Body','MappedRepresentation',(#6201));
#6203=IFCPRODUCTDEFINITIONSHAPE($,$,(#6202));
#6204=IFCRELVOIDSELEMENT('0N3MaIPwD0VhnSrpYlieyS',$,$,$,#305,#6175);
#6210=IFCRELFILLSELEMENT('3Uh3n3Wwz26Q6dzxn$Du7Y',$,$,$,#6175,#6151);
#6234=IFCCARTESIANPOINTLIST2D(((0.,0.),(0.87323683500289917,0.),(0.87323683500289917,0.89999997615814209),(0.,0.89999997615814209)));
#6235=IFCINDEXEDPOLYCURVE(#6234,(IFCLINEINDEX((1,2,3,4,1))),$);
#6236=IFCCARTESIANPOINTLIST2D(((0.02500000037252903,0.02500000037252903),(0.84823683463037014,0.02500000037252903),(0.84823683463037014,0.87499997578561306),(0.02500000037252903,0.87499997578561306)));
#6237=IFCINDEXEDPOLYCURVE(#6236,(IFCLINEINDEX((1,2,3,4,1))),$);
#6238=IFCARBITRARYPROFILEDEFWITHVOIDS(.AREA.,$,#6235,(#6237));
#6239=IFCCARTESIANPOINT((0.,0.090000001713633537,0.));
#6240=IFCDIRECTION((0.,-1.,0.));
#6241=IFCDIRECTION((1.,0.,0.));
#6242=IFCAXIS2PLACEMENT3D(#6239,#6240,#6241);
#6243=IFCDIRECTION((0.,0.,-1.));
#6244=IFCEXTRUDEDAREASOLID(#6238,#6242,#6243,0.0099999997764825821);
#6245=IFCCARTESIANPOINTLIST2D(((0.,0.),(0.87323683500289917,0.),(0.87323683500289917,0.89999997615814209),(0.,0.89999997615814209)));
#6246=IFCINDEXEDPOLYCURVE(#6245,(IFCLINEINDEX((1,2,3,4,1))),$);
#6247=IFCCARTESIANPOINTLIST2D(((0.05000000074505806,0.05000000074505806),(0.82323683425784111,0.05000000074505806),(0.82323683425784111,0.84999997541308403),(0.05000000074505806,0.84999997541308403)));
#6248=IFCINDEXEDPOLYCURVE(#6247,(IFCLINEINDEX((1,2,3,4,1))),$);
#6249=IFCARBITRARYPROFILEDEFWITHVOIDS(.AREA.,$,#6246,(#6248));
#6250=IFCCARTESIANPOINT((0.,0.05000000074505806,0.));
#6251=IFCDIRECTION((0.,-1.,0.));
#6252=IFCDIRECTION((1.,0.,0.));
#6253=IFCAXIS2PLACEMENT3D(#6250,#6251,#6252);
#6254=IFCDIRECTION((0.,0.,-1.));
#6255=IFCEXTRUDEDAREASOLID(#6249,#6253,#6254,0.040000000968575478);
#6256=IFCCARTESIANPOINTLIST2D(((0.,0.),(0.82323683425784111,0.),(0.82323683425784111,0.84999997541308403),(0.,0.84999997541308403)));
#6257=IFCINDEXEDPOLYCURVE(#6256,(IFCLINEINDEX((1,2,3,4,1))),$);
#6258=IFCCARTESIANPOINTLIST2D(((0.035000000149011612,0.035000000149011612),(0.7882368341088295,0.035000000149011612),(0.7882368341088295,0.81499997526407242),(0.035000000149011612,0.81499997526407242)));
#6259=IFCINDEXEDPOLYCURVE(#6258,(IFCLINEINDEX((1,2,3,4,1))),$);
#6260=IFCARBITRARYPROFILEDEFWITHVOIDS(.AREA.,$,#6257,(#6259));
#6261=IFCCARTESIANPOINT((0.02500000037252903,0.090000001713633537,0.02500000037252903));
#6262=IFCDIRECTION((0.,-1.,0.));
#6263=IFCDIRECTION((1.,0.,0.));
#6264=IFCAXIS2PLACEMENT3D(#6261,#6262,#6263);
#6265=IFCDIRECTION((0.,0.,-1.));
#6266=IFCEXTRUDEDAREASOLID(#6260,#6264,#6265,0.035000000149011612);
#6267=IFCINDEXEDPOLYCURVE(#6268,(IFCLINEINDEX((1,2,3,4,1))),$);
#6268=IFCCARTESIANPOINTLIST2D(((0.035000000149011612,0.035000000149011612),(0.7882368341088295,0.035000000149011612),(0.7882368341088295,0.81499997526407242),(0.035000000149011612,0.81499997526407242)));
#6269=IFCARBITRARYCLOSEDPROFILEDEF(.AREA.,$,#6267);
#6270=IFCCARTESIANPOINT((0.02500000037252903,0.10250000178813934,0.02500000037252903));
#6271=IFCDIRECTION((0.,-1.,0.));
#6272=IFCDIRECTION((1.,0.,0.));
#6273=IFCAXIS2PLACEMENT3D(#6270,#6271,#6272);
#6274=IFCDIRECTION((0.,0.,-1.));
#6275=IFCEXTRUDEDAREASOLID(#6269,#6273,#6274,0.01);
#6277=IFCSHAPEREPRESENTATION(#11,'Body','SweptSolid',(#6244,#6255,#17357,#17368));
#6278=IFCSHAPEASPECT((#6277),'Lining',$,.T.,#6160);
#6279=IFCSHAPEREPRESENTATION(#11,'Body','SweptSolid',(#6266,#17379));
#6280=IFCSHAPEASPECT((#6279),'Framing',$,.T.,#6160);
#6281=IFCSHAPEREPRESENTATION(#11,'Body','SweptSolid',(#17388,#6275));
#6282=IFCSHAPEASPECT((#6281),'Glazing',$,.T.,#6160);
#6328=IFCCARTESIANPOINTLIST2D(((0.,0.),(0.60598677396774292,0.),(0.60598677396774292,0.89999997615814209),(0.,0.89999997615814209)));
#6329=IFCINDEXEDPOLYCURVE(#6328,(IFCLINEINDEX((1,2,3,4,1))),$);
#6330=IFCCARTESIANPOINTLIST2D(((0.02500000037252903,0.02500000037252903),(0.59133666194975376,0.02500000037252903),(0.59133666194975376,0.87499997578561306),(0.02500000037252903,0.87499997578561306)));
#6331=IFCINDEXEDPOLYCURVE(#6330,(IFCLINEINDEX((1,2,3,4,1))),$);
#6332=IFCARBITRARYPROFILEDEFWITHVOIDS(.AREA.,$,#6329,(#6331));
#6333=IFCCARTESIANPOINT((0.,0.035802727565169334,0.));
#6334=IFCDIRECTION((0.,-1.,0.));
#6335=IFCDIRECTION((1.,0.,0.));
#6336=IFCAXIS2PLACEMENT3D(#6333,#6334,#6335);
#6337=IFCDIRECTION((0.,0.,-1.));
#6338=IFCEXTRUDEDAREASOLID(#6332,#6336,#6337,0.092732129618525505);
#6339=IFCCARTESIANPOINTLIST2D(((0.,0.),(0.60598677396774292,0.),(0.60598677396774292,0.89999997615814209),(0.,0.89999997615814209)));
#6340=IFCINDEXEDPOLYCURVE(#6339,(IFCLINEINDEX((1,2,3,4,1))),$);
#6341=IFCCARTESIANPOINTLIST2D(((0.05000000074505806,0.05000000074505806),(0.56633666157722473,0.05000000074505806),(0.56633666157722473,0.84999997541308403),(0.05000000074505806,0.84999997541308403)));
#6342=IFCINDEXEDPOLYCURVE(#6341,(IFCLINEINDEX((1,2,3,4,1))),$);
#6343=IFCARBITRARYPROFILEDEFWITHVOIDS(.AREA.,$,#6340,(#6342));
#6344=IFCCARTESIANPOINT((0.,0.07853485643863678,0.));
#6345=IFCDIRECTION((0.,-1.,0.));
#6346=IFCDIRECTION((1.,0.,0.));
#6347=IFCAXIS2PLACEMENT3D(#6344,#6345,#6346);
#6348=IFCDIRECTION((0.,0.,-1.));
#6349=IFCEXTRUDEDAREASOLID(#6343,#6347,#6348,-0.042732128873467445);
#6350=IFCCARTESIANPOINTLIST2D(((0.,0.),(0.56633666157722473,0.),(0.56633666157722473,0.84999997541308403),(0.,0.84999997541308403)));
#6351=IFCINDEXEDPOLYCURVE(#6350,(IFCLINEINDEX((1,2,3,4,1))),$);
#6352=IFCCARTESIANPOINTLIST2D(((0.035000000149011612,0.035000000149011612),(0.53133666142821312,0.035000000149011612),(0.53133666142821312,0.81499997526407242),(0.035000000149011612,0.81499997526407242)));
#6353=IFCINDEXEDPOLYCURVE(#6352,(IFCLINEINDEX((1,2,3,4,1))),$);
#6354=IFCARBITRARYPROFILEDEFWITHVOIDS(.AREA.,$,#6351,(#6353));
#6355=IFCCARTESIANPOINT((0.02500000037252903,0.035802727565169334,0.02500000037252903));
#6356=IFCDIRECTION((0.,-1.,0.));
#6357=IFCDIRECTION((1.,0.,0.));
#6358=IFCAXIS2PLACEMENT3D(#6355,#6356,#6357);
#6359=IFCDIRECTION((0.,0.,-1.));
#6360=IFCEXTRUDEDAREASOLID(#6354,#6358,#6359,0.092725880444049835);
#6361=IFCINDEXEDPOLYCURVE(#6362,(IFCLINEINDEX((1,2,3,4,1))),$);
#6362=IFCCARTESIANPOINTLIST2D(((0.035000000149011612,0.035000000149011612),(0.53133666142821312,0.035000000149011612),(0.53133666142821312,0.81499997526407242),(0.035000000149011612,0.81499997526407242)));
#6363=IFCARBITRARYCLOSEDPROFILEDEF(.AREA.,$,#6361);
#6364=IFCCARTESIANPOINT((0.02500000037252903,0.077165667787194248,0.02500000037252903));
#6365=IFCDIRECTION((0.,-1.,0.));
#6366=IFCDIRECTION((1.,0.,0.));
#6367=IFCAXIS2PLACEMENT3D(#6364,#6365,#6366);
#6368=IFCDIRECTION((0.,0.,-1.));
#6369=IFCEXTRUDEDAREASOLID(#6363,#6367,#6368,0.01);
#6370=IFCCARTESIANPOINTLIST2D(((0.,0.),(0.61442846059799194,0.),(0.61442846059799194,0.89999997615814209),(0.,0.89999997615814209)));
#6371=IFCINDEXEDPOLYCURVE(#6370,(IFCLINEINDEX((1,2,3,4,1))),$);
#6372=IFCCARTESIANPOINTLIST2D(((0.014650112017989159,0.02500000037252903),(0.58942846022546291,0.02500000037252903),(0.58942846022546291,0.87499997578561306),(0.014650112017989159,0.87499997578561306)));
#6373=IFCINDEXEDPOLYCURVE(#6372,(IFCLINEINDEX((1,2,3,4,1))),$);
#6374=IFCARBITRARYPROFILEDEFWITHVOIDS(.AREA.,$,#6371,(#6373));
#6375=IFCCARTESIANPOINT((0.60598677396774292,0.093528607860207558,0.));
#6376=IFCDIRECTION((0.,-1.,0.));
#6377=IFCDIRECTION((1.,0.,0.));
#6378=IFCAXIS2PLACEMENT3D(#6375,#6376,#6377);
#6379=IFCDIRECTION((0.,0.,-1.));
#6380=IFCEXTRUDEDAREASOLID(#6374,#6378,#6379,0.035006249323487282);
#6381=IFCCARTESIANPOINTLIST2D(((0.,0.),(0.61442846059799194,0.),(0.61442846059799194,0.89999997615814209),(0.,0.89999997615814209)));
#6382=IFCINDEXEDPOLYCURVE(#6381,(IFCLINEINDEX((1,2,3,4,1))),$);
#6383=IFCCARTESIANPOINTLIST2D(((0.039650112390518188,0.05000000074505806),(0.56442845985293388,0.05000000074505806),(0.56442845985293388,0.84999997541308403),(0.039650112390518188,0.84999997541308403)));
#6384=IFCINDEXEDPOLYCURVE(#6383,(IFCLINEINDEX((1,2,3,4,1))),$);
#6385=IFCARBITRARYPROFILEDEFWITHVOIDS(.AREA.,$,#6382,(#6384));
#6386=IFCCARTESIANPOINT((0.60598677396774292,0.07853485643863678,0.));
#6387=IFCDIRECTION((0.,-1.,0.));
#6388=IFCDIRECTION((1.,0.,0.));
#6389=IFCAXIS2PLACEMENT3D(#6386,#6387,#6388);
#6390=IFCDIRECTION((0.,0.,-1.));
#6391=IFCEXTRUDEDAREASOLID(#6385,#6389,#6390,0.014993751421570778);
#6392=IFCCARTESIANPOINTLIST2D(((0.,0.),(0.57477834820747375,0.),(0.57477834820747375,0.84999997541308403),(0.,0.84999997541308403)));
#6393=IFCINDEXEDPOLYCURVE(#6392,(IFCLINEINDEX((1,2,3,4,1))),$);
#6394=IFCCARTESIANPOINTLIST2D(((0.065551318228244781,0.065551318228244781),(0.50922702997922897,0.065551318228244781),(0.50922702997922897,0.78444865718483925),(0.065551318228244781,0.78444865718483925)));
#6395=IFCINDEXEDPOLYCURVE(#6394,(IFCLINEINDEX((1,2,3,4,1))),$);
#6396=IFCARBITRARYPROFILEDEFWITHVOIDS(.AREA.,$,#6393,(#6395));
#6397=IFCCARTESIANPOINT((0.62063688598573208,0.093528607860207558,0.02500000037252903));
#6398=IFCDIRECTION((0.,-1.,0.));
#6399=IFCDIRECTION((1.,0.,0.));
#6400=IFCAXIS2PLACEMENT3D(#6397,#6398,#6399);
#6401=IFCDIRECTION((0.,0.,-1.));
#6402=IFCEXTRUDEDAREASOLID(#6396,#6400,#6401,0.035000000149011612);
#6403=IFCINDEXEDPOLYCURVE(#6404,(IFCLINEINDEX((1,2,3,4,1))),$);
#6404=IFCCARTESIANPOINTLIST2D(((0.065551318228244781,0.065551318228244781),(0.50922702997922897,0.065551318228244781),(0.50922702997922897,0.78444865718483925),(0.065551318228244781,0.78444865718483925)));
#6405=IFCARBITRARYCLOSEDPROFILEDEF(.AREA.,$,#6403);
#6406=IFCCARTESIANPOINT((0.62063688598573208,0.10602860793471336,0.02500000037252903));
#6407=IFCDIRECTION((0.,-1.,0.));
#6408=IFCDIRECTION((1.,0.,0.));
#6409=IFCAXIS2PLACEMENT3D(#6406,#6407,#6408);
#6410=IFCDIRECTION((0.,0.,-1.));
#6411=IFCEXTRUDEDAREASOLID(#6405,#6409,#6410,0.01);
#6481=IFCCARTESIANPOINT((0.,0.,3.));
#6482=IFCDIRECTION((0.,0.,1.));
#6483=IFCDIRECTION((1.,0.,0.));
#6484=IFCAXIS2PLACEMENT3D(#6481,#6482,#6483);
#6485=IFCLOCALPLACEMENT(#56,#6484);
#6487=IFCRELCONTAINEDINSPATIALSTRUCTURE('1jw16hlfz6TuwDnvCTvqIT',$,$,$,(#11026,#6937,#7051,#7348,#13196,#17787,#17809,#17831,#17875,#17897,#17919,#8979,#7234,#16112,#13834,#14019,#8642,#17853,#13266,#13913,#7013,#7746,#7627,#7310,#7101,#17518,#17540,#17562,#17584,#17628,#10244,#10717,#17496,#17650,#17672,#17694,#17716,#17738,#17760,#8285,#14082,#12537,#6975,#7589,#7272,#7076,#15902,#9301,#10309,#7978,#7848,#13786),#39);
#6509=IFCROOFTYPE('3iEOMUCjD1dvewon8ohp$f',$,'Roof',$,$,(#6510),(#6539,#6567),$,$,.HIP_ROOF.);
#6510=IFCPROPERTYSET('2XMtUn2W15NhQHmjSHemwN',$,'BBIM_Roof',$,(#6511));
#6511=IFCPROPERTYSINGLEVALUE('Data',$,IFCTEXT('{"roof_type": "HIP/GABLE ROOF", "generation_method": "ANGLE", "roof_thickness": 0.10000000149011612, "rafter_edge_angle": 1.5707963705062866, "angle": 0.1745329201221466, "percentage": 17.63269805908203, "path_data": {"edges": [[0, 1], [1, 2], [2, 3], [3, 0]], "verts": [[-5.0, -5.0, 0.0], [-5.0, 5.0, 0.0], [5.0, 5.0, 0.0], [5.0, -5.0, 0.0]]}}'),$);
#6535=IFCCARTESIANPOINT((0.,0.,0.));
#6536=IFCDIRECTION((1.,0.,0.));
#6537=IFCDIRECTION((0.,0.,1.));
#6538=IFCAXIS2PLACEMENT3D(#6535,#6537,#6536);
#6539=IFCREPRESENTATIONMAP(#6538,#6558);
#6540=IFCINDEXEDPOLYGONALFACE((3,1,2));
#6541=IFCINDEXEDPOLYGONALFACE((2,4,3));
#6542=IFCINDEXEDPOLYGONALFACE((1,3,5));
#6543=IFCINDEXEDPOLYGONALFACE((4,5,3));
#6544=IFCINDEXEDPOLYGONALFACE((6,7,8));
#6545=IFCINDEXEDPOLYGONALFACE((8,2,1));
#6546=IFCINDEXEDPOLYGONALFACE((8,1,6));
#6547=IFCINDEXEDPOLYGONALFACE((8,7,9));
#6548=IFCINDEXEDPOLYGONALFACE((2,8,9));
#6549=IFCINDEXEDPOLYGONALFACE((2,9,4));
#6550=IFCINDEXEDPOLYGONALFACE((10,7,6));
#6551=IFCINDEXEDPOLYGONALFACE((6,1,5));
#6552=IFCINDEXEDPOLYGONALFACE((6,5,10));
#6553=IFCINDEXEDPOLYGONALFACE((9,7,10));
#6554=IFCINDEXEDPOLYGONALFACE((4,9,10));
#6555=IFCINDEXEDPOLYGONALFACE((4,10,5));
#6556=IFCCARTESIANPOINTLIST3D(((-5.,-5.,0.),(5.,-5.,0.),(0.,0.,0.88163489103317261),(5.,5.,0.),(-5.,5.,0.),(-5.,-5.,-0.10154265910387039),(0.,0.,0.78009223937988281),(5.,-5.,-0.10154265910387039),(5.,5.,-0.10154265910387039),(-5.,5.,-0.10154265910387039)));
#6557=IFCPOLYGONALFACESET(#6556,.T.,(#6540,#6541,#6542,#6543,#6544,#6545,#6546,#6547,#6548,#6549,#6550,#6551,#6552,#6553,#6554,#6555),$);
#6558=IFCSHAPEREPRESENTATION(#11,'Body','Tessellation',(#6557));
#6560=IFCCARTESIANPOINT((-5.,-5.,-0.10154265910387039));
#6561=IFCBOUNDINGBOX(#6560,10.,10.,0.9831775426864624);
#6562=IFCSHAPEREPRESENTATION(#13,'Box','BoundingBox',(#6561));
#6563=IFCCARTESIANPOINT((0.,0.,0.));
#6564=IFCDIRECTION((1.,0.,0.));
#6565=IFCDIRECTION((0.,0.,1.));
#6566=IFCAXIS2PLACEMENT3D(#6563,#6565,#6564);
#6567=IFCREPRESENTATIONMAP(#6566,#6562);
#6569=IFCRELDEFINESBYTYPE('1oAFgyLZ1EeQjw6Y7KYf8u',$,$,$,(#12122),#6509);
#6593=IFCCARTESIANPOINTLIST2D(((0.,0.),(0.60598677396774292,0.),(0.60598677396774292,0.89999997615814209),(0.,0.89999997615814209)));
#6594=IFCINDEXEDPOLYCURVE(#6593,(IFCLINEINDEX((1,2,3,4,1))),$);
#6595=IFCCARTESIANPOINTLIST2D(((0.02500000037252903,0.02500000037252903),(0.59133666194975376,0.02500000037252903),(0.59133666194975376,0.87499997578561306),(0.02500000037252903,0.87499997578561306)));
#6596=IFCINDEXEDPOLYCURVE(#6595,(IFCLINEINDEX((1,2,3,4,1))),$);
#6597=IFCARBITRARYPROFILEDEFWITHVOIDS(.AREA.,$,#6594,(#6596));
#6598=IFCCARTESIANPOINT((0.,0.060808977112174034,0.));
#6599=IFCDIRECTION((0.,-1.,0.));
#6600=IFCDIRECTION((1.,0.,0.));
#6601=IFCAXIS2PLACEMENT3D(#6598,#6599,#6600);
#6602=IFCDIRECTION((0.,0.,-1.));
#6603=IFCEXTRUDEDAREASOLID(#6597,#6601,#6602,0.067725880071520805);
#6604=IFCCARTESIANPOINTLIST2D(((0.,0.),(0.60598677396774292,0.),(0.60598677396774292,0.89999997615814209),(0.,0.89999997615814209)));
#6605=IFCINDEXEDPOLYCURVE(#6604,(IFCLINEINDEX((1,2,3,4,1))),$);
#6606=IFCCARTESIANPOINTLIST2D(((0.05000000074505806,0.05000000074505806),(0.56633666157722473,0.05000000074505806),(0.56633666157722473,0.84999997541308403),(0.05000000074505806,0.84999997541308403)));
#6607=IFCINDEXEDPOLYCURVE(#6606,(IFCLINEINDEX((1,2,3,4,1))),$);
#6608=IFCARBITRARYPROFILEDEFWITHVOIDS(.AREA.,$,#6605,(#6607));
#6609=IFCCARTESIANPOINT((0.,0.07853485643863678,0.));
#6610=IFCDIRECTION((0.,-1.,0.));
#6611=IFCDIRECTION((1.,0.,0.));
#6612=IFCAXIS2PLACEMENT3D(#6609,#6610,#6611);
#6613=IFCDIRECTION((0.,0.,-1.));
#6614=IFCEXTRUDEDAREASOLID(#6608,#6612,#6613,-0.017725879326462746);
#6615=IFCCARTESIANPOINTLIST2D(((0.,0.),(0.56633666157722473,0.),(0.56633666157722473,0.84999997541308403),(0.,0.84999997541308403)));
#6616=IFCINDEXEDPOLYCURVE(#6615,(IFCLINEINDEX((1,2,3,4,1))),$);
#6617=IFCCARTESIANPOINTLIST2D(((0.035000000149011612,0.035000000149011612),(0.53133666142821312,0.035000000149011612),(0.53133666142821312,0.81499997526407242),(0.035000000149011612,0.81499997526407242)));
#6618=IFCINDEXEDPOLYCURVE(#6617,(IFCLINEINDEX((1,2,3,4,1))),$);
#6619=IFCARBITRARYPROFILEDEFWITHVOIDS(.AREA.,$,#6616,(#6618));
#6620=IFCCARTESIANPOINT((0.02500000037252903,0.060808977112174034,0.02500000037252903));
#6621=IFCDIRECTION((0.,-1.,0.));
#6622=IFCDIRECTION((1.,0.,0.));
#6623=IFCAXIS2PLACEMENT3D(#6620,#6621,#6622);
#6624=IFCDIRECTION((0.,0.,-1.));
#6625=IFCEXTRUDEDAREASOLID(#6619,#6623,#6624,0.092725880444049835);
#6626=IFCINDEXEDPOLYCURVE(#6627,(IFCLINEINDEX((1,2,3,4,1))),$);
#6627=IFCCARTESIANPOINTLIST2D(((0.035000000149011612,0.035000000149011612),(0.53133666142821312,0.035000000149011612),(0.53133666142821312,0.81499997526407242),(0.035000000149011612,0.81499997526407242)));
#6628=IFCARBITRARYCLOSEDPROFILEDEF(.AREA.,$,#6626);
#6629=IFCCARTESIANPOINT((0.02500000037252903,0.10217191733419895,0.02500000037252903));
#6630=IFCDIRECTION((0.,-1.,0.));
#6631=IFCDIRECTION((1.,0.,0.));
#6632=IFCAXIS2PLACEMENT3D(#6629,#6630,#6631);
#6633=IFCDIRECTION((0.,0.,-1.));
#6634=IFCEXTRUDEDAREASOLID(#6628,#6632,#6633,0.01);
#6635=IFCCARTESIANPOINTLIST2D(((0.,0.),(0.61442846059799194,0.),(0.61442846059799194,0.89999997615814209),(0.,0.89999997615814209)));
#6636=IFCINDEXEDPOLYCURVE(#6635,(IFCLINEINDEX((1,2,3,4,1))),$);
#6637=IFCCARTESIANPOINTLIST2D(((0.014650112017989159,0.02500000037252903),(0.58942846022546291,0.02500000037252903),(0.58942846022546291,0.87499997578561306),(0.014650112017989159,0.87499997578561306)));
#6638=IFCINDEXEDPOLYCURVE(#6637,(IFCLINEINDEX((1,2,3,4,1))),$);
#6639=IFCARBITRARYPROFILEDEFWITHVOIDS(.AREA.,$,#6636,(#6638));
#6640=IFCCARTESIANPOINT((0.60598677396774292,0.11853485740721226,0.));
#6641=IFCDIRECTION((0.,-1.,0.));
#6642=IFCDIRECTION((1.,0.,0.));
#6643=IFCAXIS2PLACEMENT3D(#6640,#6641,#6642);
#6644=IFCDIRECTION((0.,0.,-1.));
#6645=IFCEXTRUDEDAREASOLID(#6639,#6643,#6644,0.0099999997764825821);
#6646=IFCCARTESIANPOINTLIST2D(((0.,0.),(0.61442846059799194,0.),(0.61442846059799194,0.89999997615814209),(0.,0.89999997615814209)));
#6647=IFCINDEXEDPOLYCURVE(#6646,(IFCLINEINDEX((1,2,3,4,1))),$);
#6648=IFCCARTESIANPOINTLIST2D(((0.039650112390518188,0.05000000074505806),(0.56442845985293388,0.05000000074505806),(0.56442845985293388,0.84999997541308403),(0.039650112390518188,0.84999997541308403)));
#6649=IFCINDEXEDPOLYCURVE(#6648,(IFCLINEINDEX((1,2,3,4,1))),$);
#6650=IFCARBITRARYPROFILEDEFWITHVOIDS(.AREA.,$,#6647,(#6649));
#6651=IFCCARTESIANPOINT((0.60598677396774292,0.07853485643863678,0.));
#6652=IFCDIRECTION((0.,-1.,0.));
#6653=IFCDIRECTION((1.,0.,0.));
#6654=IFCAXIS2PLACEMENT3D(#6651,#6652,#6653);
#6655=IFCDIRECTION((0.,0.,-1.));
#6656=IFCEXTRUDEDAREASOLID(#6650,#6654,#6655,0.040000000968575478);
#6657=IFCCARTESIANPOINTLIST2D(((0.,0.),(0.57477834820747375,0.),(0.57477834820747375,0.84999997541308403),(0.,0.84999997541308403)));
#6658=IFCINDEXEDPOLYCURVE(#6657,(IFCLINEINDEX((1,2,3,4,1))),$);
#6659=IFCCARTESIANPOINTLIST2D(((0.065551318228244781,0.065551318228244781),(0.50922702997922897,0.065551318228244781),(0.50922702997922897,0.78444865718483925),(0.065551318228244781,0.78444865718483925)));
#6660=IFCINDEXEDPOLYCURVE(#6659,(IFCLINEINDEX((1,2,3,4,1))),$);
#6661=IFCARBITRARYPROFILEDEFWITHVOIDS(.AREA.,$,#6658,(#6660));
#6662=IFCCARTESIANPOINT((0.62063688598573208,0.11853485740721226,0.02500000037252903));
#6663=IFCDIRECTION((0.,-1.,0.));
#6664=IFCDIRECTION((1.,0.,0.));
#6665=IFCAXIS2PLACEMENT3D(#6662,#6663,#6664);
#6666=IFCDIRECTION((0.,0.,-1.));
#6667=IFCEXTRUDEDAREASOLID(#6661,#6665,#6666,0.035000000149011612);
#6668=IFCINDEXEDPOLYCURVE(#6669,(IFCLINEINDEX((1,2,3,4,1))),$);
#6669=IFCCARTESIANPOINTLIST2D(((0.065551318228244781,0.065551318228244781),(0.50922702997922897,0.065551318228244781),(0.50922702997922897,0.78444865718483925),(0.065551318228244781,0.78444865718483925)));
#6670=IFCARBITRARYCLOSEDPROFILEDEF(.AREA.,$,#6668);
#6671=IFCCARTESIANPOINT((0.62063688598573208,0.13103485748171806,0.02500000037252903));
#6672=IFCDIRECTION((0.,-1.,0.));
#6673=IFCDIRECTION((1.,0.,0.));
#6674=IFCAXIS2PLACEMENT3D(#6671,#6672,#6673);
#6675=IFCDIRECTION((0.,0.,-1.));
#6676=IFCEXTRUDEDAREASOLID(#6670,#6674,#6675,0.01);
#6766=IFCCARTESIANPOINTLIST3D(((0.,0.,0.),(1.2204152345657349,0.,0.),(1.2204152345657349,0.,0.89999997615814209),(0.,0.,0.89999997615814209)));
#6767=IFCINDEXEDPOLYCURVE(#6766,(IFCLINEINDEX((1,2,3,4,1))),$);
#6768=IFCSHAPEREPRESENTATION(#18,'Profile','Curve3D',(#6767));
#6769=IFCCARTESIANPOINTLIST2D(((0.,0.),(0.60598677396774292,0.),(0.60598677396774292,0.89999997615814209),(0.,0.89999997615814209)));
#6770=IFCINDEXEDPOLYCURVE(#6769,(IFCLINEINDEX((1,2,3,4,1))),$);
#6771=IFCCARTESIANPOINTLIST2D(((0.02500000037252903,0.02500000037252903),(0.59133666194975376,0.02500000037252903),(0.59133666194975376,0.87499997578561306),(0.02500000037252903,0.87499997578561306)));
#6772=IFCINDEXEDPOLYCURVE(#6771,(IFCLINEINDEX((1,2,3,4,1))),$);
#6773=IFCARBITRARYPROFILEDEFWITHVOIDS(.AREA.,$,#6770,(#6772));
#6774=IFCCARTESIANPOINT((0.,0.060808977112174034,0.));
#6775=IFCDIRECTION((0.,-1.,0.));
#6776=IFCDIRECTION((1.,0.,0.));
#6777=IFCAXIS2PLACEMENT3D(#6774,#6775,#6776);
#6778=IFCDIRECTION((0.,0.,-1.));
#6779=IFCEXTRUDEDAREASOLID(#6773,#6777,#6778,0.067725880071520805);
#6780=IFCCARTESIANPOINTLIST2D(((0.,0.),(0.60598677396774292,0.),(0.60598677396774292,0.89999997615814209),(0.,0.89999997615814209)));
#6781=IFCINDEXEDPOLYCURVE(#6780,(IFCLINEINDEX((1,2,3,4,1))),$);
#6782=IFCCARTESIANPOINTLIST2D(((0.05000000074505806,0.05000000074505806),(0.56633666157722473,0.05000000074505806),(0.56633666157722473,0.84999997541308403),(0.05000000074505806,0.84999997541308403)));
#6783=IFCINDEXEDPOLYCURVE(#6782,(IFCLINEINDEX((1,2,3,4,1))),$);
#6784=IFCARBITRARYPROFILEDEFWITHVOIDS(.AREA.,$,#6781,(#6783));
#6785=IFCCARTESIANPOINT((0.,0.07853485643863678,0.));
#6786=IFCDIRECTION((0.,-1.,0.));
#6787=IFCDIRECTION((1.,0.,0.));
#6788=IFCAXIS2PLACEMENT3D(#6785,#6786,#6787);
#6789=IFCDIRECTION((0.,0.,-1.));
#6790=IFCEXTRUDEDAREASOLID(#6784,#6788,#6789,-0.017725879326462746);
#6791=IFCCARTESIANPOINTLIST2D(((0.,0.),(0.56633666157722473,0.),(0.56633666157722473,0.84999997541308403),(0.,0.84999997541308403)));
#6792=IFCINDEXEDPOLYCURVE(#6791,(IFCLINEINDEX((1,2,3,4,1))),$);
#6793=IFCCARTESIANPOINTLIST2D(((0.035000000149011612,0.035000000149011612),(0.53133666142821312,0.035000000149011612),(0.53133666142821312,0.81499997526407242),(0.035000000149011612,0.81499997526407242)));
#6794=IFCINDEXEDPOLYCURVE(#6793,(IFCLINEINDEX((1,2,3,4,1))),$);
#6795=IFCARBITRARYPROFILEDEFWITHVOIDS(.AREA.,$,#6792,(#6794));
#6796=IFCCARTESIANPOINT((0.02500000037252903,0.060808977112174034,0.02500000037252903));
#6797=IFCDIRECTION((0.,-1.,0.));
#6798=IFCDIRECTION((1.,0.,0.));
#6799=IFCAXIS2PLACEMENT3D(#6796,#6797,#6798);
#6800=IFCDIRECTION((0.,0.,-1.));
#6801=IFCEXTRUDEDAREASOLID(#6795,#6799,#6800,0.092725880444049835);
#6802=IFCINDEXEDPOLYCURVE(#6803,(IFCLINEINDEX((1,2,3,4,1))),$);
#6803=IFCCARTESIANPOINTLIST2D(((0.035000000149011612,0.035000000149011612),(0.53133666142821312,0.035000000149011612),(0.53133666142821312,0.81499997526407242),(0.035000000149011612,0.81499997526407242)));
#6804=IFCARBITRARYCLOSEDPROFILEDEF(.AREA.,$,#6802);
#6805=IFCCARTESIANPOINT((0.02500000037252903,0.10217191733419895,0.02500000037252903));
#6806=IFCDIRECTION((0.,-1.,0.));
#6807=IFCDIRECTION((1.,0.,0.));
#6808=IFCAXIS2PLACEMENT3D(#6805,#6806,#6807);
#6809=IFCDIRECTION((0.,0.,-1.));
#6810=IFCEXTRUDEDAREASOLID(#6804,#6808,#6809,0.01);
#6811=IFCCARTESIANPOINTLIST2D(((0.,0.),(0.61442846059799194,0.),(0.61442846059799194,0.89999997615814209),(0.,0.89999997615814209)));
#6812=IFCINDEXEDPOLYCURVE(#6811,(IFCLINEINDEX((1,2,3,4,1))),$);
#6813=IFCCARTESIANPOINTLIST2D(((0.014650112017989159,0.02500000037252903),(0.58942846022546291,0.02500000037252903),(0.58942846022546291,0.87499997578561306),(0.014650112017989159,0.87499997578561306)));
#6814=IFCINDEXEDPOLYCURVE(#6813,(IFCLINEINDEX((1,2,3,4,1))),$);
#6815=IFCARBITRARYPROFILEDEFWITHVOIDS(.AREA.,$,#6812,(#6814));
#6816=IFCCARTESIANPOINT((0.60598677396774292,0.11853485740721226,0.));
#6817=IFCDIRECTION((0.,-1.,0.));
#6818=IFCDIRECTION((1.,0.,0.));
#6819=IFCAXIS2PLACEMENT3D(#6816,#6817,#6818);
#6820=IFCDIRECTION((0.,0.,-1.));
#6821=IFCEXTRUDEDAREASOLID(#6815,#6819,#6820,0.0099999997764825821);
#6822=IFCCARTESIANPOINTLIST2D(((0.,0.),(0.61442846059799194,0.),(0.61442846059799194,0.89999997615814209),(0.,0.89999997615814209)));
#6823=IFCINDEXEDPOLYCURVE(#6822,(IFCLINEINDEX((1,2,3,4,1))),$);
#6824=IFCCARTESIANPOINTLIST2D(((0.039650112390518188,0.05000000074505806),(0.56442845985293388,0.05000000074505806),(0.56442845985293388,0.84999997541308403),(0.039650112390518188,0.84999997541308403)));
#6825=IFCINDEXEDPOLYCURVE(#6824,(IFCLINEINDEX((1,2,3,4,1))),$);
#6826=IFCARBITRARYPROFILEDEFWITHVOIDS(.AREA.,$,#6823,(#6825));
#6827=IFCCARTESIANPOINT((0.60598677396774292,0.07853485643863678,0.));
#6828=IFCDIRECTION((0.,-1.,0.));
#6829=IFCDIRECTION((1.,0.,0.));
#6830=IFCAXIS2PLACEMENT3D(#6827,#6828,#6829);
#6831=IFCDIRECTION((0.,0.,-1.));
#6832=IFCEXTRUDEDAREASOLID(#6826,#6830,#6831,0.040000000968575478);
#6833=IFCCARTESIANPOINTLIST2D(((0.,0.),(0.57477834820747375,0.),(0.57477834820747375,0.84999997541308403),(0.,0.84999997541308403)));
#6834=IFCINDEXEDPOLYCURVE(#6833,(IFCLINEINDEX((1,2,3,4,1))),$);
#6835=IFCCARTESIANPOINTLIST2D(((0.065551318228244781,0.065551318228244781),(0.50922702997922897,0.065551318228244781),(0.50922702997922897,0.78444865718483925),(0.065551318228244781,0.78444865718483925)));
#6836=IFCINDEXEDPOLYCURVE(#6835,(IFCLINEINDEX((1,2,3,4,1))),$);
#6837=IFCARBITRARYPROFILEDEFWITHVOIDS(.AREA.,$,#6834,(#6836));
#6838=IFCCARTESIANPOINT((0.62063688598573208,0.11853485740721226,0.02500000037252903));
#6839=IFCDIRECTION((0.,-1.,0.));
#6840=IFCDIRECTION((1.,0.,0.));
#6841=IFCAXIS2PLACEMENT3D(#6838,#6839,#6840);
#6842=IFCDIRECTION((0.,0.,-1.));
#6843=IFCEXTRUDEDAREASOLID(#6837,#6841,#6842,0.035000000149011612);
#6844=IFCINDEXEDPOLYCURVE(#6845,(IFCLINEINDEX((1,2,3,4,1))),$);
#6845=IFCCARTESIANPOINTLIST2D(((0.065551318228244781,0.065551318228244781),(0.50922702997922897,0.065551318228244781),(0.50922702997922897,0.78444865718483925),(0.065551318228244781,0.78444865718483925)));
#6846=IFCARBITRARYCLOSEDPROFILEDEF(.AREA.,$,#6844);
#6847=IFCCARTESIANPOINT((0.62063688598573208,0.13103485748171806,0.02500000037252903));
#6848=IFCDIRECTION((0.,-1.,0.));
#6849=IFCDIRECTION((1.,0.,0.));
#6850=IFCAXIS2PLACEMENT3D(#6847,#6848,#6849);
#6851=IFCDIRECTION((0.,0.,-1.));
#6852=IFCEXTRUDEDAREASOLID(#6846,#6850,#6851,0.01);
#6853=IFCSHAPEREPRESENTATION(#11,'Body','SweptSolid',(#6779,#6790,#6801,#6810,#6821,#6832,#6843,#6852));
#6854=IFCCARTESIANPOINTLIST2D(((0.05000000074505806,0.07853485643863678),(0.56633666157722473,0.07853485643863678)));
#6855=IFCINDEXEDPOLYCURVE(#6854,$,$);
#6856=IFCCARTESIANPOINTLIST2D(((0.,0.12853485718369484),(0.02500000037252903,0.12853485718369484),(0.02500000037252903,0.060808977112174034),(0.05000000074505806,0.060808977112174034),(0.05000000074505806,0.07853485643863678),(0.,0.07853485643863678)));
#6857=IFCINDEXEDPOLYCURVE(#6856,(IFCLINEINDEX((1,2,3,4,5,6,1))),$);
#6858=IFCCARTESIANPOINTLIST2D(((0.60598677396774292,0.12853485718369484),(0.59133666194975376,0.12853485718369484),(0.59133666194975376,0.060808977112174034),(0.56633666157722473,0.060808977112174034),(0.56633666157722473,0.07853485643863678),(0.60598677396774292,0.07853485643863678)));
#6859=IFCINDEXEDPOLYCURVE(#6858,$,$);
#6860=IFCCARTESIANPOINTLIST2D(((0.02500000037252903,0.060808977112174034),(0.060000000521540642,0.060808977112174034),(0.060000000521540642,0.15353485755622387),(0.02500000037252903,0.15353485755622387)));
#6861=IFCINDEXEDPOLYCURVE(#6860,(IFCLINEINDEX((1,2,3,4,1))),$);
#6862=IFCINDEXEDPOLYCURVE(#6863,(IFCLINEINDEX((1,2,3,4,1))),$);
#6863=IFCCARTESIANPOINTLIST2D(((0.59133666194975376,0.060808977112174034),(0.55633666180074215,0.060808977112174034),(0.55633666180074215,0.15353485755622387),(0.59133666194975376,0.15353485755622387)));
#6864=IFCCARTESIANPOINTLIST2D(((0.060000000521540642,0.060808977112174034),(0.55633666180074215,0.060808977112174034)));
#6865=IFCINDEXEDPOLYCURVE(#6864,$,$);
#6866=IFCINDEXEDPOLYCURVE(#6867,$,$);
#6867=IFCCARTESIANPOINTLIST2D(((0.060000000521540642,0.15353485755622387),(0.55633666180074215,0.15353485755622387)));
#6868=IFCINDEXEDPOLYCURVE(#6869,$,$);
#6869=IFCCARTESIANPOINTLIST2D(((0.060000000521540642,0.10717191733419895),(0.55633666180074215,0.10717191733419895)));
#6870=IFCCARTESIANPOINTLIST2D(((0.64563688635826111,0.07853485643863678),(1.1704152338206768,0.07853485643863678)));
#6871=IFCINDEXEDPOLYCURVE(#6870,$,$);
#6872=IFCCARTESIANPOINTLIST2D(((0.60598677396774292,0.12853485718369484),(0.62063688598573208,0.12853485718369484),(0.62063688598573208,0.11853485740721226),(0.64563688635826111,0.11853485740721226),(0.64563688635826111,0.07853485643863678),(0.60598677396774292,0.07853485643863678)));
#6873=IFCINDEXEDPOLYCURVE(#6872,$,$);
#6874=IFCCARTESIANPOINTLIST2D(((1.2204152345657349,0.12853485718369484),(1.1954152341932058,0.12853485718369484),(1.1954152341932058,0.11853485740721226),(1.1704152338206768,0.11853485740721226),(1.1704152338206768,0.07853485643863678),(1.2204152345657349,0.07853485643863678)));
#6875=IFCINDEXEDPOLYCURVE(#6874,(IFCLINEINDEX((1,2,3,4,5,6,1))),$);
#6876=IFCCARTESIANPOINTLIST2D(((0.62063688598573208,0.11853485740721226),(0.68618820421397686,0.11853485740721226),(0.68618820421397686,0.15353485755622387),(0.62063688598573208,0.15353485755622387)));
#6877=IFCINDEXEDPOLYCURVE(#6876,(IFCLINEINDEX((1,2,3,4,1))),$);
#6878=IFCINDEXEDPOLYCURVE(#6879,(IFCLINEINDEX((1,2,3,4,1))),$);
#6879=IFCCARTESIANPOINTLIST2D(((1.1954152341932058,0.11853485740721226),(1.1298639159649611,0.11853485740721226),(1.1298639159649611,0.15353485755622387),(1.1954152341932058,0.15353485755622387)));
#6880=IFCCARTESIANPOINTLIST2D(((0.68618820421397686,0.11853485740721226),(1.1298639159649611,0.11853485740721226)));
#6881=IFCINDEXEDPOLYCURVE(#6880,$,$);
#6882=IFCINDEXEDPOLYCURVE(#6883,$,$);
#6883=IFCCARTESIANPOINTLIST2D(((0.68618820421397686,0.15353485755622387),(1.1298639159649611,0.15353485755622387)));
#6884=IFCINDEXEDPOLYCURVE(#6885,$,$);
#6885=IFCCARTESIANPOINTLIST2D(((0.68618820421397686,0.13603485748171806),(1.1298639159649611,0.13603485748171806)));
#6886=IFCSHAPEREPRESENTATION(#24,'Body','Curve2D',(#6855,#6857,#6859,#6861,#6862,#6865,#6866,#6868,#6871,#6873,#6875,#6877,#6878,#6881,#6882,#6884));
#6887=IFCCARTESIANPOINTLIST2D(((0.,0.),(1.2204152345657349,0.),(1.2204152345657349,0.89999997615814209),(0.,0.89999997615814209)));
#6888=IFCINDEXEDPOLYCURVE(#6887,(IFCLINEINDEX((1,2,3,4,1))),$);
#6889=IFCARBITRARYCLOSEDPROFILEDEF(.AREA.,$,#6888);
#6890=IFCCARTESIANPOINT((0.,-0.60000002384185791,0.));
#6891=IFCDIRECTION((0.,-1.,0.));
#6892=IFCDIRECTION((1.,0.,0.));
#6893=IFCAXIS2PLACEMENT3D(#6890,#6891,#6892);
#6894=IFCDIRECTION((0.,0.,-1.));
#6895=IFCEXTRUDEDAREASOLID(#6889,#6893,#6894,1.2);
#6896=IFCSHAPEREPRESENTATION(#11,'Body','SweptSolid',(#6895));
#6937=IFCWALL('21uqlyL5PBowG0HRxc500y',$,'Wall',$,$,#7802,#6943,$,$);
#6938=IFCMATERIALLAYERSETUSAGE(#82,.AXIS2.,.POSITIVE.,0.,$);
#6939=IFCRELASSOCIATESMATERIAL('3nUI6X9gT8bhqqez6G2nL0',$,$,$,(#6937),#6938);
#6943=IFCPRODUCTDEFINITIONSHAPE($,$,(#7797,#7794));
#6959=IFCPROPERTYSET('1hHbjycI92jfjLJm_nfkBa',$,'EPset_Parametric',$,(#6961));
#6960=IFCRELDEFINESBYPROPERTIES('0T4_m$Yi50beKA116M3fsZ',$,$,$,(#6937),#6959);
#6961=IFCPROPERTYSINGLEVALUE('Engine',$,IFCLABEL('Bonsai.DumbLayer2'),$);
#6975=IFCWALL('3sgiwtLtHEpAD_gaeZJNYT',$,'Wall',$,$,#6986,#6981,$,$);
#6976=IFCMATERIALLAYERSETUSAGE(#82,.AXIS2.,.POSITIVE.,0.,$);
#6977=IFCRELASSOCIATESMATERIAL('2dfhIy6jT8tB9fV2$XPD4g',$,$,$,(#6975),#6976);
#6981=IFCPRODUCTDEFINITIONSHAPE($,$,(#13265,#13262));
#6982=IFCCARTESIANPOINT((4.1255912780761719,6.5099201202392578,0.));
#6983=IFCDIRECTION((0.,0.,1.));
#6984=IFCDIRECTION((-0.99999999999999623,8.7422776573475527E-08,0.));
#6985=IFCAXIS2PLACEMENT3D(#6982,#6983,#6984);
#6986=IFCLOCALPLACEMENT(#6485,#6985);
#6997=IFCPROPERTYSET('27RWxzDDrA_OiLsykAmJF5',$,'EPset_Parametric',$,(#6999));
#6998=IFCRELDEFINESBYPROPERTIES('1FwCWpEj98hueTr_Mdm9Ht',$,$,$,(#6975),#6997);
#6999=IFCPROPERTYSINGLEVALUE('Engine',$,IFCLABEL('Bonsai.DumbLayer2'),$);
#7013=IFCWALL('1GZanF5NX0we1WpxOTWSrM',$,'Wall',$,$,#13109,#7019,$,$);
#7014=IFCMATERIALLAYERSETUSAGE(#82,.AXIS2.,.POSITIVE.,0.,$);
#7015=IFCRELASSOCIATESMATERIAL('1egu6J9NPE5QJNy$66KRos',$,$,$,(#7013),#7014);
#7019=IFCPRODUCTDEFINITIONSHAPE($,$,(#13104,#13101));
#7035=IFCPROPERTYSET('1YYrdeOej01f6UkNOp8GvK',$,'EPset_Parametric',$,(#7037));
#7036=IFCRELDEFINESBYPROPERTIES('2kYq8aLFP548riu3H6IQvP',$,$,$,(#7013),#7035);
#7037=IFCPROPERTYSINGLEVALUE('Engine',$,IFCLABEL('Bonsai.DumbLayer2'),$);
#7051=IFCWALL('1mFL1uqqv8Sfc4XnbwCukR',$,'Wall',$,$,#13086,#7057,$,$);
#7052=IFCMATERIALLAYERSETUSAGE(#82,.AXIS2.,.POSITIVE.,0.,$);
#7053=IFCRELASSOCIATESMATERIAL('0R4_1H5gL8mu4Z6$SCIYTg',$,$,$,(#7051),#7052);
#7057=IFCPRODUCTDEFINITIONSHAPE($,$,(#13081,#13078));
#7073=IFCPROPERTYSET('2Nm6Y6UCH7HB1I$kpvswLT',$,'EPset_Parametric',$,(#7075));
#7074=IFCRELDEFINESBYPROPERTIES('3FxueLvdXBkuGVs4mSZx43',$,$,$,(#7051),#7073);
#7075=IFCPROPERTYSINGLEVALUE('Engine',$,IFCLABEL('Bonsai.DumbLayer2'),$);
#7076=IFCWALL('18hYC4Own7Rv58uHHGdOqB',$,'Wall',$,$,#7183,#7082,$,$);
#7077=IFCMATERIALLAYERSETUSAGE(#82,.AXIS2.,.POSITIVE.,0.,$);
#7078=IFCRELASSOCIATESMATERIAL('0D3Vylcev38Bkh7KbbgMGM',$,$,$,(#7076),#7077);
#7082=IFCPRODUCTDEFINITIONSHAPE($,$,(#7228,#7225));
#7098=IFCPROPERTYSET('19aZ3YNafFGQtTNG$yagmr',$,'EPset_Parametric',$,(#7100));
#7099=IFCRELDEFINESBYPROPERTIES('0iGPTaKZT12vCkpnqTXTrN',$,$,$,(#7076),#7098);
#7100=IFCPROPERTYSINGLEVALUE('Engine',$,IFCLABEL('Bonsai.DumbLayer2'),$);
#7101=IFCWALL('3zhFdp$j90GxczuioW4Ie6',$,'Wall',$,$,#7215,#7107,$,$);
#7102=IFCMATERIALLAYERSETUSAGE(#82,.AXIS2.,.POSITIVE.,0.,$);
#7103=IFCRELASSOCIATESMATERIAL('2Lfr04a0r8fB76MJqQYR7c',$,$,$,(#7101),#7102);
#7107=IFCPRODUCTDEFINITIONSHAPE($,$,(#12013,#12010));
#7123=IFCPROPERTYSET('16C34T7Mr3ZOG3DSpLkYAq',$,'EPset_Parametric',$,(#7125));
#7124=IFCRELDEFINESBYPROPERTIES('2b4lHwr6L5fhj$e4$vmC3w',$,$,$,(#7101),#7123);
#7125=IFCPROPERTYSINGLEVALUE('Engine',$,IFCLABEL('Bonsai.DumbLayer2'),$);
#7165=IFCRELCONNECTSPATHELEMENTS('0di969kx9AgxG80MJDaBhC',$,$,$,$,#7076,#7051,(),(),.ATEND.,.ATSTART.);
#7179=IFCCARTESIANPOINT((-3.2944087982177965,5.5257652498973657,0.));
#7180=IFCDIRECTION((0.,0.,1.));
#7181=IFCDIRECTION((7.5497901264043123E-08,-0.99999999999999722,0.));
#7182=IFCAXIS2PLACEMENT3D(#7179,#7180,#7181);
#7183=IFCLOCALPLACEMENT(#6485,#7182);
#7197=IFCRELCONNECTSPATHELEMENTS('0hRTjgX21ASPavsW$h_Dtj',$,$,$,$,#7101,#7076,(),(),.ATEND.,.ATSTART.);
#7211=IFCCARTESIANPOINT((-3.2944082584077719,-1.6242351531982422,0.));
#7212=IFCDIRECTION((0.,0.,1.));
#7213=IFCDIRECTION((1.,0.,0.));
#7214=IFCAXIS2PLACEMENT3D(#7211,#7212,#7213);
#7215=IFCLOCALPLACEMENT(#6485,#7214);
#7216=IFCCARTESIANPOINTLIST2D(((0.,0.),(0.10000001629206913,0.10000000000000001),(7.050000410645417,0.10000000000000001),(7.1500004030956275,0.)));
#7217=IFCINDEXEDPOLYCURVE(#7216,(IFCLINEINDEX((1,2,3,4,1))),$);
#7218=IFCARBITRARYCLOSEDPROFILEDEF(.AREA.,$,#7217);
#7219=IFCCARTESIANPOINT((0.,0.,0.));
#7220=IFCDIRECTION((0.,0.,1.));
#7221=IFCDIRECTION((1.,0.,0.));
#7222=IFCAXIS2PLACEMENT3D(#7219,#7220,#7221);
#7223=IFCDIRECTION((0.,0.,1.));
#7224=IFCEXTRUDEDAREASOLID(#7218,#7222,#7223,3.);
#7225=IFCSHAPEREPRESENTATION(#11,'Body','SweptSolid',(#7224));
#7226=IFCCARTESIANPOINTLIST2D(((0.,0.),(7.1500004030956275,0.)));
#7227=IFCINDEXEDPOLYCURVE(#7226,$,$);
#7228=IFCSHAPEREPRESENTATION(#23,'Axis','Curve2D',(#7227));
#7234=IFCWALL('2W_3Lseev7YuvBS03yPSKS',$,'Wall',$,$,#7245,#7240,$,$);
#7235=IFCMATERIALLAYERSETUSAGE(#82,.AXIS2.,.POSITIVE.,0.,$);
#7236=IFCRELASSOCIATESMATERIAL('2XK5wCaPv6ugUGIWGPWdOC',$,$,$,(#7234),#7235);
#7240=IFCPRODUCTDEFINITIONSHAPE($,$,(#7678,#7675));
#7241=IFCCARTESIANPOINT((-3.1944084167480469,2.5343928337097168,0.));
#7242=IFCDIRECTION((0.,0.,1.));
#7243=IFCDIRECTION((1.,0.,0.));
#7244=IFCAXIS2PLACEMENT3D(#7241,#7242,#7243);
#7245=IFCLOCALPLACEMENT(#6485,#7244);
#7256=IFCPROPERTYSET('0ut2omuMfA4Ogu0fHM4YPI',$,'EPset_Parametric',$,(#7258));
#7257=IFCRELDEFINESBYPROPERTIES('06d55gG29DGACDd4w$kRPe',$,$,$,(#7234),#7256);
#7258=IFCPROPERTYSINGLEVALUE('Engine',$,IFCLABEL('Bonsai.DumbLayer2'),$);
#7272=IFCWALL('2vzlbWruXETv4xcJj7pjjE',$,'Wall',$,$,#11940,#7278,$,$);
#7273=IFCMATERIALLAYERSETUSAGE(#82,.AXIS2.,.POSITIVE.,0.,$);
#7274=IFCRELASSOCIATESMATERIAL('0wtW5TkF1Bwgcoj2tRzjoQ',$,$,$,(#7272),#7273);
#7278=IFCPRODUCTDEFINITIONSHAPE($,$,(#12063,#12060));
#7294=IFCPROPERTYSET('1YdLluUBj0reuXBX05ru6f',$,'EPset_Parametric',$,(#7296));
#7295=IFCRELDEFINESBYPROPERTIES('0FdotGZxLF6PHHsKKaPyvs',$,$,$,(#7272),#7294);
#7296=IFCPROPERTYSINGLEVALUE('Engine',$,IFCLABEL('Bonsai.DumbLayer2'),$);
#7310=IFCWALL('0ghtzWGXb9fOhevgD018Y0',$,'Wall',$,$,#12045,#7316,$,$);
#7311=IFCMATERIALLAYERSETUSAGE(#82,.AXIS2.,.POSITIVE.,0.,$);
#7312=IFCRELASSOCIATESMATERIAL('3tkuuBC6D9hgLQuKs$2leL',$,$,$,(#7310),#7311);
#7316=IFCPRODUCTDEFINITIONSHAPE($,$,(#12040,#12037));
#7332=IFCPROPERTYSET('1iZL3$ZETD894Fx$aG6MXR',$,'EPset_Parametric',$,(#7334));
#7333=IFCRELDEFINESBYPROPERTIES('3gt_wvN7TE$OuaIwnD6L1s',$,$,$,(#7310),#7332);
#7334=IFCPROPERTYSINGLEVALUE('Engine',$,IFCLABEL('Bonsai.DumbLayer2'),$);
#7348=IFCWALL('1k3j9aCz1AmBDQLX1nw8hP',$,'Wall',$,$,#7502,#7354,$,$);
#7349=IFCMATERIALLAYERSETUSAGE(#82,.AXIS2.,.POSITIVE.,0.,$);
#7350=IFCRELASSOCIATESMATERIAL('0DyS1gjk961B41SJrn0lGZ',$,$,$,(#7348),#7349);
#7354=IFCPRODUCTDEFINITIONSHAPE($,$,(#7829,#7826));
#7370=IFCPROPERTYSET('2CFLCtt0L3AQq_ljGXPLul',$,'EPset_Parametric',$,(#7372));
#7371=IFCRELDEFINESBYPROPERTIES('0HmHUGlHjEFedIdbq145U3',$,$,$,(#7348),#7370);
#7372=IFCPROPERTYSINGLEVALUE('Engine',$,IFCLABEL('Bonsai.DumbLayer2'),$);
#7498=IFCCARTESIANPOINT((1.8821166753768921,-2.2167806625366211,0.));
#7499=IFCDIRECTION((0.,0.,1.));
#7500=IFCDIRECTION((1.9470718370939353E-07,-0.99999999999998113,0.));
#7501=IFCAXIS2PLACEMENT3D(#7498,#7499,#7500);
#7502=IFCLOCALPLACEMENT(#6485,#7501);
#7589=IFCWALL('2UEiAfrKT6Ovo_JPPbEgxg',$,'Wall',$,$,#7600,#7595,$,$);
#7590=IFCMATERIALLAYERSETUSAGE(#82,.AXIS2.,.POSITIVE.,0.,$);
#7591=IFCRELASSOCIATESMATERIAL('07108w$gL9wRi1lRVqWcy$',$,$,$,(#7589),#7590);
#7595=IFCPRODUCTDEFINITIONSHAPE($,$,(#11959,#11956));
#7596=IFCCARTESIANPOINT((4.1255898475646973,0.46650430560112,0.));
#7597=IFCDIRECTION((0.,0.,1.));
#7598=IFCDIRECTION((-0.99999999999998868,-1.5099580252808492E-07,0.));
#7599=IFCAXIS2PLACEMENT3D(#7596,#7597,#7598);
#7600=IFCLOCALPLACEMENT(#6485,#7599);
#7611=IFCPROPERTYSET('0o8x$CywjEsfaJGnGvJL1g',$,'EPset_Parametric',$,(#7613));
#7612=IFCRELDEFINESBYPROPERTIES('2nEhkO0OH4Jg6kwJlKYN5H',$,$,$,(#7589),#7611);
#7613=IFCPROPERTYSINGLEVALUE('Engine',$,IFCLABEL('Bonsai.DumbLayer2'),$);
#7627=IFCWALL('1OG6_0m8D8eBfAwTDaiSmt',$,'Wall',$,$,#7638,#7633,$,$);
#7628=IFCMATERIALLAYERSETUSAGE(#82,.AXIS2.,.POSITIVE.,0.,$);
#7629=IFCRELASSOCIATESMATERIAL('2gwXEoz9z1wgi1NasFy2$4',$,$,$,(#7627),#7628);
#7633=IFCPRODUCTDEFINITIONSHAPE($,$,(#7664,#7661));
#7634=IFCCARTESIANPOINT((4.1255908012390137,5.0090141296386719,0.));
#7635=IFCDIRECTION((0.,0.,1.));
#7636=IFCDIRECTION((-0.99999999999998868,-1.5099580252808492E-07,0.));
#7637=IFCAXIS2PLACEMENT3D(#7634,#7635,#7636);
#7638=IFCLOCALPLACEMENT(#6485,#7637);
#7649=IFCPROPERTYSET('3SOLLo_HD3_g9$iKjdwQ5F',$,'EPset_Parametric',$,(#7651));
#7650=IFCRELDEFINESBYPROPERTIES('25uu2QA9r8Sfldjgg6kiCe',$,$,$,(#7627),#7649);
#7651=IFCPROPERTYSINGLEVALUE('Engine',$,IFCLABEL('Bonsai.DumbLayer2'),$);
#7652=IFCCARTESIANPOINTLIST2D(((0.,0.),(0.,0.10000000000000001),(3.8000293078045551,0.10000000000000001),(3.8000293078045551,0.)));
#7653=IFCINDEXEDPOLYCURVE(#7652,(IFCLINEINDEX((1,2,3,4,1))),$);
#7654=IFCARBITRARYCLOSEDPROFILEDEF(.AREA.,$,#7653);
#7655=IFCCARTESIANPOINT((0.,0.,0.));
#7656=IFCDIRECTION((0.,0.,1.));
#7657=IFCDIRECTION((1.,0.,0.));
#7658=IFCAXIS2PLACEMENT3D(#7655,#7656,#7657);
#7659=IFCDIRECTION((0.,0.,1.));
#7660=IFCEXTRUDEDAREASOLID(#7654,#7658,#7659,3.);
#7661=IFCSHAPEREPRESENTATION(#11,'Body','SweptSolid',(#7660));
#7662=IFCCARTESIANPOINTLIST2D(((0.,0.),(3.8000293078045551,0.)));
#7663=IFCINDEXEDPOLYCURVE(#7662,$,$);
#7664=IFCSHAPEREPRESENTATION(#23,'Axis','Curve2D',(#7663));
#7665=IFCRELCONNECTSPATHELEMENTS('3NDPtN$O5A2eR5xSQ5Tbky',$,$,$,$,#7234,#7013,(),(),.ATEND.,.ATEND.);
#7666=IFCCARTESIANPOINTLIST2D(((0.,0.),(0.,0.10000000000000001),(3.4199994195220618,0.10000000000000001),(3.5199994151509229,0.)));
#7667=IFCINDEXEDPOLYCURVE(#7666,(IFCLINEINDEX((1,2,3,4,1))),$);
#7668=IFCARBITRARYCLOSEDPROFILEDEF(.AREA.,$,#7667);
#7669=IFCCARTESIANPOINT((0.,0.,0.));
#7670=IFCDIRECTION((0.,0.,1.));
#7671=IFCDIRECTION((1.,0.,0.));
#7672=IFCAXIS2PLACEMENT3D(#7669,#7670,#7671);
#7673=IFCDIRECTION((0.,0.,1.));
#7674=IFCEXTRUDEDAREASOLID(#7668,#7672,#7673,3.);
#7675=IFCSHAPEREPRESENTATION(#11,'Body','SweptSolid',(#7674));
#7676=IFCCARTESIANPOINTLIST2D(((0.,0.),(3.4199994151509228,0.)));
#7677=IFCINDEXEDPOLYCURVE(#7676,$,$);
#7678=IFCSHAPEREPRESENTATION(#23,'Axis','Curve2D',(#7677));
#7746=IFCWALL('2K8VxDiEP7DwfpkwdWAVx5',$,'Wall',$,$,#7847,#7752,$,$);
#7747=IFCMATERIALLAYERSETUSAGE(#82,.AXIS2.,.POSITIVE.,0.,$);
#7748=IFCRELASSOCIATESMATERIAL('1XsExX6AXFbvMiMFDgI_68',$,$,$,(#7746),#7747);
#7752=IFCPRODUCTDEFINITIONSHAPE($,$,(#7842,#7839));
#7768=IFCPROPERTYSET('0$MNkGW7f3ZgTCAaSBKmFD',$,'EPset_Parametric',$,(#7770));
#7769=IFCRELDEFINESBYPROPERTIES('2tSKYQELnAYRxzK3VwpLqS',$,$,$,(#7746),#7768);
#7770=IFCPROPERTYSINGLEVALUE('Engine',$,IFCLABEL('Bonsai.DumbLayer2'),$);
#7784=IFCRELCONNECTSPATHELEMENTS('1WB8vwOG90owOELBWKucKA',$,$,$,$,#6937,#7746,(),(),.ATEND.,.ATSTART.);
#7785=IFCCARTESIANPOINTLIST2D(((0.,0.),(0.099999992450210143,0.10000000000000001),(9.6369411007009411,0.10000000000000001),(9.6369411007009411,0.)));
#7786=IFCINDEXEDPOLYCURVE(#7785,(IFCLINEINDEX((1,2,3,4,1))),$);
#7787=IFCARBITRARYCLOSEDPROFILEDEF(.AREA.,$,#7786);
#7788=IFCCARTESIANPOINT((0.,0.,0.));
#7789=IFCDIRECTION((0.,0.,1.));
#7790=IFCDIRECTION((1.,0.,0.));
#7791=IFCAXIS2PLACEMENT3D(#7788,#7789,#7790);
#7792=IFCDIRECTION((0.,0.,1.));
#7793=IFCEXTRUDEDAREASOLID(#7787,#7791,#7792,3.);
#7794=IFCSHAPEREPRESENTATION(#11,'Body','SweptSolid',(#7793));
#7795=IFCCARTESIANPOINTLIST2D(((0.,0.),(9.6369411007009411,0.)));
#7796=IFCINDEXEDPOLYCURVE(#7795,$,$);
#7797=IFCSHAPEREPRESENTATION(#23,'Axis','Curve2D',(#7796));
#7798=IFCCARTESIANPOINT((4.2255892348241657,-3.1270210742950444,0.));
#7799=IFCDIRECTION((0.,0.,1.));
#7800=IFCDIRECTION((7.5497901264043123E-08,0.99999999999999722,0.));
#7801=IFCAXIS2PLACEMENT3D(#7798,#7799,#7800);
#7802=IFCLOCALPLACEMENT(#6485,#7801);
#7816=IFCRELCONNECTSPATHELEMENTS('3oiv7Ed4bAyQsxLg6$Kgj9',$,$,$,$,#7348,#7746,(),(),.ATSTART.,.ATEND.);
#7817=IFCCARTESIANPOINTLIST2D(((0.,0.),(0.,0.10000000000000001),(0.81024043122915679,0.10000000000000001),(0.91024041175844028,0.)));
#7818=IFCINDEXEDPOLYCURVE(#7817,(IFCLINEINDEX((1,2,3,4,1))),$);
#7819=IFCARBITRARYCLOSEDPROFILEDEF(.AREA.,$,#7818);
#7820=IFCCARTESIANPOINT((0.,0.,0.));
#7821=IFCDIRECTION((0.,0.,1.));
#7822=IFCDIRECTION((1.,0.,0.));
#7823=IFCAXIS2PLACEMENT3D(#7820,#7821,#7822);
#7824=IFCDIRECTION((0.,0.,1.));
#7825=IFCEXTRUDEDAREASOLID(#7819,#7823,#7824,3.);
#7826=IFCSHAPEREPRESENTATION(#11,'Body','SweptSolid',(#7825));
#7827=IFCCARTESIANPOINTLIST2D(((0.,0.),(0.91024041175844028,0.)));
#7828=IFCINDEXEDPOLYCURVE(#7827,$,$);
#7829=IFCSHAPEREPRESENTATION(#23,'Axis','Curve2D',(#7828));
#7830=IFCCARTESIANPOINTLIST2D(((0.,0.),(0.09999998052928355,0.10000000000000001),(2.2434723897667164,0.10000000000000001),(2.3434723822169263,0.)));
#7831=IFCINDEXEDPOLYCURVE(#7830,(IFCLINEINDEX((1,2,3,4,1))),$);
#7832=IFCARBITRARYCLOSEDPROFILEDEF(.AREA.,$,#7831);
#7833=IFCCARTESIANPOINT((0.,0.,0.));
#7834=IFCDIRECTION((0.,0.,1.));
#7835=IFCDIRECTION((1.,0.,0.));
#7836=IFCAXIS2PLACEMENT3D(#7833,#7834,#7835);
#7837=IFCDIRECTION((0.,0.,1.));
#7838=IFCEXTRUDEDAREASOLID(#7832,#7836,#7837,3.);
#7839=IFCSHAPEREPRESENTATION(#11,'Body','SweptSolid',(#7838));
#7840=IFCCARTESIANPOINTLIST2D(((0.,0.),(2.3434723822169263,0.)));
#7841=IFCINDEXEDPOLYCURVE(#7840,$,$);
#7842=IFCSHAPEREPRESENTATION(#23,'Axis','Curve2D',(#7841));
#7843=IFCCARTESIANPOINT((1.8821168526072392,-3.1270210742950439,0.));
#7844=IFCDIRECTION((0.,0.,1.));
#7845=IFCDIRECTION((1.,0.,0.));
#7846=IFCAXIS2PLACEMENT3D(#7843,#7844,#7845);
#7847=IFCLOCALPLACEMENT(#6485,#7846);
#7848=IFCSLAB('3G2iDSwBzAhwCJUtIeQeFE',$,'Slab',$,$,#7855,#7862,$,$);
#7849=IFCMATERIALLAYERSETUSAGE(#1711,.AXIS3.,.POSITIVE.,-0.10000000149011612,$);
#7850=IFCRELASSOCIATESMATERIAL('2vvRwlGW16kvW4kAww0v16',$,$,$,(#7848),#7849);
#7851=IFCCARTESIANPOINT((4.2255892753601074,-3.1270210742950439,0.));
#7852=IFCDIRECTION((0.,0.,1.));
#7853=IFCDIRECTION((1.,0.,0.));
#7854=IFCAXIS2PLACEMENT3D(#7851,#7852,#7853);
#7855=IFCLOCALPLACEMENT(#6485,#7854);
#7856=IFCCARTESIANPOINTLIST2D(((0.,0.),(1.9073486328125E-06,9.6369409561157227),(-3.9999980926513672,9.6369419097900391),(-3.9999980926513672,8.6527862548828125),(-7.5199980735778809,8.6527862548828125),(-7.5199975967407227,0.0027868747711181641),(0.,0.)));
#7857=IFCINDEXEDPOLYCURVE(#7856,$,$);
#7858=IFCDIRECTION((0.,0.,1.));
#7859=IFCARBITRARYCLOSEDPROFILEDEF(.AREA.,$,#7857);
#7860=IFCEXTRUDEDAREASOLID(#7859,#7869,#7858,0.10000000000000001);
#7861=IFCSHAPEREPRESENTATION(#11,'Body','SweptSolid',(#7860));
#7862=IFCPRODUCTDEFINITIONSHAPE($,$,(#7861));
#7863=IFCPROPERTYSET('0htASv7qv7TewlKNmRRZ7h',$,'EPset_Parametric',$,(#7865));
#7864=IFCRELDEFINESBYPROPERTIES('2ACAeHr8T9EuIz8wzlbz65',$,$,$,(#7848),#7863);
#7865=IFCPROPERTYSINGLEVALUE('Engine',$,IFCLABEL('Bonsai.DumbLayer3'),$);
#7866=IFCCARTESIANPOINT((-0.,-0.,-0.10000000149011612));
#7867=IFCDIRECTION((0.,0.,1.));
#7868=IFCDIRECTION((1.,0.,0.));
#7869=IFCAXIS2PLACEMENT3D(#7866,#7867,#7868);
#7870=IFCDOORTYPE('3qHNS2GVD3HBCWvbqWjGKY',$,'Bedroom 2-2F',$,$,(#7871),(#7873,#7881,#7959),$,$,.DOOR.,.SINGLE_SWING_LEFT.,$,$);
#7871=IFCPROPERTYSET('26S__xk1H30QlkH5F4GqkK',$,'BBIM_Door',$,(#7872));
#7872=IFCPROPERTYSINGLEVALUE('Data',$,IFCTEXT('{"door_type": "SINGLE_SWING_LEFT", "overall_height": 2.0, "overall_width": 0.8999999761581421, "lining_properties": {"lining_depth": 0.11558942496776581, "lining_thickness": 0.05000000074505806, "lining_offset": 0.0, "lining_to_panel_offset_x": 0.02500000037252903, "lining_to_panel_offset_y": 0.02500000037252903, "transom_thickness": 0.0, "casing_thickness": 0.07500000298023224, "casing_depth": 0.004999999888241291, "threshold_thickness": 0.02500000037252903, "threshold_depth": 0.10000000149011612, "threshold_offset": 0.0}, "panel_properties": {"panel_depth": 0.06607499718666077, "panel_width_ratio": 1.0}}'),$);
#7873=IFCREPRESENTATIONMAP(#7874,#8060);
#7874=IFCAXIS2PLACEMENT3D(#7875,#7876,#7877);
#7875=IFCCARTESIANPOINT((0.,0.,0.));
#7876=IFCDIRECTION((0.,0.,1.));
#7877=IFCDIRECTION((1.,0.,0.));
#7881=IFCREPRESENTATIONMAP(#7882,#8133);
#7882=IFCAXIS2PLACEMENT3D(#7883,#7884,#7885);
#7883=IFCCARTESIANPOINT((0.,0.,0.));
#7884=IFCDIRECTION((0.,0.,1.));
#7885=IFCDIRECTION((1.,0.,0.));
#7959=IFCREPRESENTATIONMAP(#7960,#8151);
#7960=IFCAXIS2PLACEMENT3D(#7961,#7962,#7963);
#7961=IFCCARTESIANPOINT((0.,0.,0.));
#7962=IFCDIRECTION((0.,0.,1.));
#7963=IFCDIRECTION((1.,0.,0.));
#7978=IFCDOOR('2BLlXFG_j90A$lxXjFoCd9',$,'Door',$,$,#8176,#7987,$,2.,0.89999997615814209,$,.SINGLE_SWING_LEFT.,$);
#7979=IFCRELDEFINESBYTYPE('3m7AtChJbCpe$1mJV0hs0s',$,$,$,(#7978),#7870);
#7980=IFCCARTESIANPOINT((0.,0.,0.));
#7981=IFCDIRECTION((1.,0.,0.));
#7982=IFCDIRECTION((0.,1.,0.));
#7983=IFCDIRECTION((0.,0.,1.));
#7984=IFCCARTESIANTRANSFORMATIONOPERATOR3D(#7981,#7982,#7980,1.,#7983);
#7985=IFCMAPPEDITEM(#7873,#7984);
#7986=IFCSHAPEREPRESENTATION(#18,'Profile','MappedRepresentation',(#7985));
#7987=IFCPRODUCTDEFINITIONSHAPE($,$,(#7986,#7994,#8001));
#7988=IFCCARTESIANPOINT((0.,0.,0.));
#7989=IFCDIRECTION((1.,0.,0.));
#7990=IFCDIRECTION((0.,1.,0.));
#7991=IFCDIRECTION((0.,0.,1.));
#7992=IFCCARTESIANTRANSFORMATIONOPERATOR3D(#7989,#7990,#7988,1.,#7991);
#7993=IFCMAPPEDITEM(#7881,#7992);
#7994=IFCSHAPEREPRESENTATION(#11,'Body','MappedRepresentation',(#7993));
#7995=IFCCARTESIANPOINT((0.,0.,0.));
#7996=IFCDIRECTION((1.,0.,0.));
#7997=IFCDIRECTION((0.,1.,0.));
#7998=IFCDIRECTION((0.,0.,1.));
#7999=IFCCARTESIANTRANSFORMATIONOPERATOR3D(#7996,#7997,#7995,1.,#7998);
#8000=IFCMAPPEDITEM(#7959,#7999);
#8001=IFCSHAPEREPRESENTATION(#24,'Body','MappedRepresentation',(#8000));
#8002=IFCOPENINGELEMENT('1_N1qHeWj8I8Z$EQUSvD9R',$,'Opening',$,$,#12050,#8030,$,.OPENING.);
#8018=IFCCARTESIANPOINT((0.,0.,0.));
#8019=IFCDIRECTION((1.,0.,0.));
#8020=IFCDIRECTION((0.,0.,1.));
#8021=IFCAXIS2PLACEMENT3D(#8018,#8020,#8019);
#8022=IFCREPRESENTATIONMAP(#8021,#8161);
#8023=IFCCARTESIANPOINT((0.,0.,0.));
#8024=IFCDIRECTION((1.,0.,0.));
#8025=IFCDIRECTION((0.,1.,0.));
#8026=IFCDIRECTION((0.,0.,1.));
#8027=IFCCARTESIANTRANSFORMATIONOPERATOR3D(#8024,#8025,#8023,1.,#8026);
#8028=IFCMAPPEDITEM(#8022,#8027);
#8029=IFCSHAPEREPRESENTATION(#11,'Body','MappedRepresentation',(#8028));
#8030=IFCPRODUCTDEFINITIONSHAPE($,$,(#8029));
#8031=IFCRELVOIDSELEMENT('1lncB6lr95YxrRWh315OvH',$,$,$,#7310,#8002);
#8037=IFCRELFILLSELEMENT('0$TLnsteH8hgoQ08ioQMKJ',$,$,$,#8002,#7978);
#8058=IFCCARTESIANPOINTLIST3D(((0.,0.,0.),(0.89999997615814209,0.,0.),(0.89999997615814209,0.,2.),(0.,0.,2.)));
#8059=IFCINDEXEDPOLYCURVE(#8058,(IFCLINEINDEX((1,2,3,4,1))),$);
#8060=IFCSHAPEREPRESENTATION(#18,'Profile','Curve3D',(#8059));
#8061=IFCCARTESIANPOINTLIST2D(((0.,0.),(0.,2.),(0.89999997615814209,2.),(0.89999997615814209,0.),(0.87499997578561306,0.),(0.87499997578561306,1.974999999627471),(0.02500000037252903,1.974999999627471),(0.02500000037252903,0.)));
#8062=IFCINDEXEDPOLYCURVE(#8061,(IFCLINEINDEX((1,2,3,4,5,6,7,8,1))),$);
#8063=IFCARBITRARYCLOSEDPROFILEDEF(.AREA.,$,#8062);
#8064=IFCCARTESIANPOINT((0.,0.02500000037252903,0.));
#8065=IFCDIRECTION((0.,-1.,0.));
#8066=IFCDIRECTION((1.,0.,0.));
#8067=IFCAXIS2PLACEMENT3D(#8064,#8065,#8066);
#8068=IFCDIRECTION((0.,0.,-1.));
#8069=IFCEXTRUDEDAREASOLID(#8063,#8067,#8068,0.090589424595236778);
#8070=IFCCARTESIANPOINTLIST2D(((0.,0.),(0.,2.),(0.89999997615814209,2.),(0.89999997615814209,0.),(0.84999997541308403,0.),(0.84999997541308403,1.9499999992549419),(0.05000000074505806,1.9499999992549419),(0.05000000074505806,0.)));
#8071=IFCINDEXEDPOLYCURVE(#8070,(IFCLINEINDEX((1,2,3,4,5,6,7,8,1))),$);
#8072=IFCARBITRARYCLOSEDPROFILEDEF(.AREA.,$,#8071);
#8073=IFCCARTESIANPOINT((0.,0.,0.));
#8074=IFCDIRECTION((0.,-1.,0.));
#8075=IFCDIRECTION((1.,0.,0.));
#8076=IFCAXIS2PLACEMENT3D(#8073,#8074,#8075);
#8077=IFCDIRECTION((0.,0.,-1.));
#8078=IFCEXTRUDEDAREASOLID(#8072,#8076,#8077,0.02500000037252903);
#8079=IFCCARTESIANPOINTLIST2D(((0.,0.),(0.79999997466802597,0.),(0.79999997466802597,0.10000000149011612),(0.,0.10000000149011612)));
#8080=IFCINDEXEDPOLYCURVE(#8079,(IFCLINEINDEX((1,2,3,4,1))),$);
#8081=IFCARBITRARYCLOSEDPROFILEDEF(.AREA.,$,#8080);
#8082=IFCCARTESIANPOINT((0.05000000074505806,0.,0.));
#8083=IFCDIRECTION((0.,0.,1.));
#8084=IFCDIRECTION((1.,0.,0.));
#8085=IFCAXIS2PLACEMENT3D(#8082,#8083,#8084);
#8086=IFCDIRECTION((0.,0.,1.));
#8087=IFCEXTRUDEDAREASOLID(#8081,#8085,#8086,0.02500000037252903);
#8088=IFCCARTESIANPOINTLIST2D(((0.,0.),(0.,2.0250000022351742),(0.94999998062849045,2.0250000022351742),(0.94999998062849045,0.),(0.87499997764825821,0.),(0.87499997764825821,1.9499999992549419),(0.075000002980232239,1.9499999992549419),(0.075000002980232239,0.)));
#8089=IFCINDEXEDPOLYCURVE(#8088,(IFCLINEINDEX((1,2,3,4,5,6,7,8,1))),$);
#8090=IFCARBITRARYCLOSEDPROFILEDEF(.AREA.,$,#8089);
#8091=IFCCARTESIANPOINT((-0.025000002235174179,-0.004999999888241291,0.));
#8092=IFCDIRECTION((0.,-1.,0.));
#8093=IFCDIRECTION((1.,0.,0.));
#8094=IFCAXIS2PLACEMENT3D(#8091,#8092,#8093);
#8095=IFCDIRECTION((0.,0.,-1.));
#8096=IFCEXTRUDEDAREASOLID(#8090,#8094,#8095,0.004999999888241291);
#8097=IFCCARTESIANPOINTLIST2D(((0.,0.),(0.,2.0250000022351742),(0.94999998062849045,2.0250000022351742),(0.94999998062849045,0.),(0.89999997802078724,0.),(0.89999997802078724,1.974999999627471),(0.050000002607703209,1.974999999627471),(0.050000002607703209,0.)));
#8098=IFCINDEXEDPOLYCURVE(#8097,(IFCLINEINDEX((1,2,3,4,5,6,7,8,1))),$);
#8099=IFCARBITRARYCLOSEDPROFILEDEF(.AREA.,$,#8098);
#8100=IFCCARTESIANPOINT((-0.025000002235174179,0.11558942496776581,0.));
#8101=IFCDIRECTION((0.,-1.,0.));
#8102=IFCDIRECTION((1.,0.,0.));
#8103=IFCAXIS2PLACEMENT3D(#8100,#8101,#8102);
#8104=IFCDIRECTION((0.,0.,-1.));
#8105=IFCEXTRUDEDAREASOLID(#8099,#8103,#8104,0.004999999888241291);
#8106=IFCCARTESIANPOINTLIST2D(((0.,0.),(0.84999997541308403,0.),(0.84999997541308403,0.066074997186660767),(0.,0.066074997186660767)));
#8107=IFCINDEXEDPOLYCURVE(#8106,(IFCLINEINDEX((1,2,3,4,1))),$);
#8108=IFCARBITRARYCLOSEDPROFILEDEF(.AREA.,$,#8107);
#8109=IFCCARTESIANPOINT((0.02500000037252903,0.02500000037252903,0.02500000037252903));
#8110=IFCDIRECTION((0.,0.,1.));
#8111=IFCDIRECTION((1.,0.,0.));
#8112=IFCAXIS2PLACEMENT3D(#8109,#8110,#8111);
#8113=IFCDIRECTION((0.,0.,1.));
#8114=IFCEXTRUDEDAREASOLID(#8108,#8112,#8113,1.9499999992549419);
#8115=IFCCARTESIANPOINTLIST2D(((0.,0.),(0.,-0.040000000000000001),(-0.11999999999999988,-0.040000000000000001),(-0.11999999999999988,-0.02),(-0.020000000000000018,-0.02),(-0.020000000000000018,0.)));
#8116=IFCINDEXEDPOLYCURVE(#8115,(IFCLINEINDEX((1,2,3,4,5,6,1))),$);
#8117=IFCARBITRARYCLOSEDPROFILEDEF(.AREA.,$,#8116);
#8118=IFCCARTESIANPOINT((0.82499997578561302,0.02500000037252903,1.015000000372529));
#8119=IFCDIRECTION((0.,0.,1.));
#8120=IFCDIRECTION((1.,0.,0.));
#8121=IFCAXIS2PLACEMENT3D(#8118,#8119,#8120);
#8122=IFCDIRECTION((0.,0.,1.));
#8123=IFCEXTRUDEDAREASOLID(#8117,#8121,#8122,0.02);
#8124=IFCEXTRUDEDAREASOLID(#8125,#8128,#8132,0.02);
#8125=IFCARBITRARYCLOSEDPROFILEDEF(.AREA.,$,#8126);
#8126=IFCINDEXEDPOLYCURVE(#8127,(IFCLINEINDEX((1,2,3,4,5,6,1))),$);
#8127=IFCCARTESIANPOINTLIST2D(((0.,0.),(0.,0.040000000000000008),(-0.11999999999999988,0.040000000000000008),(-0.11999999999999988,0.020000000000000004),(-0.020000000000000018,0.020000000000000004),(-0.020000000000000018,0.)));
#8128=IFCAXIS2PLACEMENT3D(#8129,#8130,#8131);
#8129=IFCCARTESIANPOINT((0.82499997578561302,0.091074997559189796,1.015000000372529));
#8130=IFCDIRECTION((0.,0.,1.));
#8131=IFCDIRECTION((1.,0.,0.));
#8132=IFCDIRECTION((0.,0.,1.));
#8133=IFCSHAPEREPRESENTATION(#11,'Body','SweptSolid',(#8069,#8078,#8114,#8123,#8124,#8087,#8096,#8105));
#8134=IFCSHAPEREPRESENTATION(#11,'Body','SweptSolid',(#8069,#8078,#8087,#8096,#8105));
#8135=IFCSHAPEASPECT((#8134),'Lining',$,.T.,#7987);
#8136=IFCSHAPEREPRESENTATION(#11,'Body','SweptSolid',(#8114,#8123,#8124));
#8137=IFCSHAPEASPECT((#8136),'Framing',$,.T.,#7987);
#8138=IFCCARTESIANPOINTLIST2D(((0.,0.),(0.,0.11558942496776581),(0.02500000037252903,0.11558942496776581),(0.02500000037252903,0.02500000037252903),(0.05000000074505806,0.02500000037252903),(0.05000000074505806,0.)));
#8139=IFCINDEXEDPOLYCURVE(#8138,(IFCLINEINDEX((1,2,3,4,5,6,1))),$);
#8140=IFCINDEXEDPOLYCURVE(#8141,(IFCLINEINDEX((1,2,3,4,5,6,1))),$);
#8141=IFCCARTESIANPOINTLIST2D(((0.89999997615814209,0.),(0.89999997615814209,0.11558942496776581),(0.87499997578561306,0.11558942496776581),(0.87499997578561306,0.02500000037252903),(0.84999997541308403,0.02500000037252903),(0.84999997541308403,0.)));
#8142=IFCDIRECTION((1.,0.));
#8143=IFCCARTESIANPOINT((0.091074997559189796,0.11558942496776581));
#8144=IFCAXIS2PLACEMENT2D(#8143,#8142);
#8145=IFCELLIPSE(#8144,0.78392497822642326,0.84999997541308403);
#8146=IFCCARTESIANPOINT((0.87499997578561306,0.11558942496776581));
#8147=IFCCARTESIANPOINT((0.091074997559189796,0.96558940038084984));
#8148=IFCTRIMMEDCURVE(#8145,(#8146),(#8147),.T.,.CARTESIAN.);
#8149=IFCCARTESIANPOINTLIST2D(((0.02500000037252903,0.11558942496776581),(0.091074997559189796,0.11558942496776581),(0.091074997559189796,0.96558940038084984),(0.02500000037252903,0.96558940038084984)));
#8150=IFCINDEXEDPOLYCURVE(#8149,(IFCLINEINDEX((1,2,3,4,1))),$);
#8151=IFCSHAPEREPRESENTATION(#24,'Body','Curve2D',(#8139,#8140,#8148,#8150));
#8152=IFCCARTESIANPOINTLIST2D(((0.,0.),(0.89999997615814209,0.),(0.89999997615814209,2.),(0.,2.)));
#8153=IFCINDEXEDPOLYCURVE(#8152,(IFCLINEINDEX((1,2,3,4,1))),$);
#8154=IFCARBITRARYCLOSEDPROFILEDEF(.AREA.,$,#8153);
#8155=IFCCARTESIANPOINT((0.,-0.60000002384185791,0.));
#8156=IFCDIRECTION((0.,-1.,0.));
#8157=IFCDIRECTION((1.,0.,0.));
#8158=IFCAXIS2PLACEMENT3D(#8155,#8156,#8157);
#8159=IFCDIRECTION((0.,0.,-1.));
#8160=IFCEXTRUDEDAREASOLID(#8154,#8158,#8159,1.2);
#8161=IFCSHAPEREPRESENTATION(#11,'Body','SweptSolid',(#8160));
#8172=IFCCARTESIANPOINT((1.6653345369377348E-16,0.,0.));
#8173=IFCDIRECTION((0.,0.,1.));
#8174=IFCDIRECTION((1.,0.,0.));
#8175=IFCAXIS2PLACEMENT3D(#8172,#8173,#8174);
#8176=IFCLOCALPLACEMENT(#12050,#8175);
#8177=IFCDOORTYPE('2PNRrApJb6Zgb_daH1LjFe',$,'Bedroom 2(2)-2F',$,$,(#8178),(#8180,#8188,#8266),$,$,.DOOR.,.SINGLE_SWING_LEFT.,$,$);
#8178=IFCPROPERTYSET('0ll2joJu9Cvuyw$31eaRAv',$,'BBIM_Door',$,(#8179));
#8179=IFCPROPERTYSINGLEVALUE('Data',$,IFCTEXT('{"door_type": "SINGLE_SWING_RIGHT", "overall_height": 2.0, "overall_width": 0.8999999761581421, "lining_properties": {"lining_depth": 0.11558942496776581, "lining_thickness": 0.05000000074505806, "lining_offset": 0.0, "lining_to_panel_offset_x": 0.02500000037252903, "lining_to_panel_offset_y": 0.02500000037252903, "transom_thickness": 0.0, "casing_thickness": 0.07500000298023224, "casing_depth": 0.004999999888241291, "threshold_thickness": 0.02500000037252903, "threshold_depth": 0.10000000149011612, "threshold_offset": 0.0}, "panel_properties": {"panel_depth": 0.06607499718666077, "panel_width_ratio": 1.0}}'),$);
#8180=IFCREPRESENTATIONMAP(#8181,#8352);
#8181=IFCAXIS2PLACEMENT3D(#8182,#8183,#8184);
#8182=IFCCARTESIANPOINT((0.,0.,0.));
#8183=IFCDIRECTION((0.,0.,1.));
#8184=IFCDIRECTION((1.,0.,0.));
#8188=IFCREPRESENTATIONMAP(#8189,#8425);
#8189=IFCAXIS2PLACEMENT3D(#8190,#8191,#8192);
#8190=IFCCARTESIANPOINT((0.,0.,0.));
#8191=IFCDIRECTION((0.,0.,1.));
#8192=IFCDIRECTION((1.,0.,0.));
#8266=IFCREPRESENTATIONMAP(#8267,#8443);
#8267=IFCAXIS2PLACEMENT3D(#8268,#8269,#8270);
#8268=IFCCARTESIANPOINT((0.,0.,0.));
#8269=IFCDIRECTION((0.,0.,1.));
#8270=IFCDIRECTION((1.,0.,0.));
#8285=IFCDOOR('0$YBpEVAb8Wf_JS8ZfmLbI',$,'Door',$,$,#8468,#8294,$,2.,0.89999997615814209,$,.SINGLE_SWING_RIGHT.,$);
#8286=IFCRELDEFINESBYTYPE('0XVhYyBxTCZ9aoNdV6rgVu',$,$,$,(#8285),#8177);
#8287=IFCCARTESIANPOINT((0.,0.,0.));
#8288=IFCDIRECTION((1.,0.,0.));
#8289=IFCDIRECTION((0.,1.,0.));
#8290=IFCDIRECTION((0.,0.,1.));
#8291=IFCCARTESIANTRANSFORMATIONOPERATOR3D(#8288,#8289,#8287,1.,#8290);
#8292=IFCMAPPEDITEM(#8180,#8291);
#8293=IFCSHAPEREPRESENTATION(#18,'Profile','MappedRepresentation',(#8292));
#8294=IFCPRODUCTDEFINITIONSHAPE($,$,(#8293,#8301,#8308));
#8295=IFCCARTESIANPOINT((0.,0.,0.));
#8296=IFCDIRECTION((1.,0.,0.));
#8297=IFCDIRECTION((0.,1.,0.));
#8298=IFCDIRECTION((0.,0.,1.));
#8299=IFCCARTESIANTRANSFORMATIONOPERATOR3D(#8296,#8297,#8295,1.,#8298);
#8300=IFCMAPPEDITEM(#8188,#8299);
#8301=IFCSHAPEREPRESENTATION(#11,'Body','MappedRepresentation',(#8300));
#8302=IFCCARTESIANPOINT((0.,0.,0.));
#8303=IFCDIRECTION((1.,0.,0.));
#8304=IFCDIRECTION((0.,1.,0.));
#8305=IFCDIRECTION((0.,0.,1.));
#8306=IFCCARTESIANTRANSFORMATIONOPERATOR3D(#8303,#8304,#8302,1.,#8305);
#8307=IFCMAPPEDITEM(#8266,#8306);
#8308=IFCSHAPEREPRESENTATION(#24,'Body','MappedRepresentation',(#8307));
#8309=IFCOPENINGELEMENT('0T_srlor1DcRrJinW80_qm',$,'Opening',$,$,#8463,#8337,$,.OPENING.);
#8325=IFCCARTESIANPOINT((0.,0.,0.));
#8326=IFCDIRECTION((1.,0.,0.));
#8327=IFCDIRECTION((0.,0.,1.));
#8328=IFCAXIS2PLACEMENT3D(#8325,#8327,#8326);
#8329=IFCREPRESENTATIONMAP(#8328,#8453);
#8330=IFCCARTESIANPOINT((0.,0.,0.));
#8331=IFCDIRECTION((1.,0.,0.));
#8332=IFCDIRECTION((0.,1.,0.));
#8333=IFCDIRECTION((0.,0.,1.));
#8334=IFCCARTESIANTRANSFORMATIONOPERATOR3D(#8331,#8332,#8330,1.,#8333);
#8335=IFCMAPPEDITEM(#8329,#8334);
#8336=IFCSHAPEREPRESENTATION(#11,'Body','MappedRepresentation',(#8335));
#8337=IFCPRODUCTDEFINITIONSHAPE($,$,(#8336));
#8338=IFCRELVOIDSELEMENT('0Cb9bvhGrB4QyTebOby5MC',$,$,$,#7589,#8309);
#8344=IFCRELFILLSELEMENT('0h5CgFO69EywwEABq$3K5W',$,$,$,#8309,#8285);
#8350=IFCCARTESIANPOINTLIST3D(((0.,0.,0.),(0.89999997615814209,0.,0.),(0.89999997615814209,0.,2.),(0.,0.,2.)));
#8351=IFCINDEXEDPOLYCURVE(#8350,(IFCLINEINDEX((1,2,3,4,1))),$);
#8352=IFCSHAPEREPRESENTATION(#18,'Profile','Curve3D',(#8351));
#8353=IFCCARTESIANPOINTLIST2D(((0.,0.),(0.,2.),(0.89999997615814209,2.),(0.89999997615814209,0.),(0.87499997578561306,0.),(0.87499997578561306,1.974999999627471),(0.02500000037252903,1.974999999627471),(0.02500000037252903,0.)));
#8354=IFCINDEXEDPOLYCURVE(#8353,(IFCLINEINDEX((1,2,3,4,5,6,7,8,1))),$);
#8355=IFCARBITRARYCLOSEDPROFILEDEF(.AREA.,$,#8354);
#8356=IFCCARTESIANPOINT((0.,0.02500000037252903,0.));
#8357=IFCDIRECTION((0.,-1.,0.));
#8358=IFCDIRECTION((1.,0.,0.));
#8359=IFCAXIS2PLACEMENT3D(#8356,#8357,#8358);
#8360=IFCDIRECTION((0.,0.,-1.));
#8361=IFCEXTRUDEDAREASOLID(#8355,#8359,#8360,0.090589424595236778);
#8362=IFCCARTESIANPOINTLIST2D(((0.,0.),(0.,2.),(0.89999997615814209,2.),(0.89999997615814209,0.),(0.84999997541308403,0.),(0.84999997541308403,1.9499999992549419),(0.05000000074505806,1.9499999992549419),(0.05000000074505806,0.)));
#8363=IFCINDEXEDPOLYCURVE(#8362,(IFCLINEINDEX((1,2,3,4,5,6,7,8,1))),$);
#8364=IFCARBITRARYCLOSEDPROFILEDEF(.AREA.,$,#8363);
#8365=IFCCARTESIANPOINT((0.,0.,0.));
#8366=IFCDIRECTION((0.,-1.,0.));
#8367=IFCDIRECTION((1.,0.,0.));
#8368=IFCAXIS2PLACEMENT3D(#8365,#8366,#8367);
#8369=IFCDIRECTION((0.,0.,-1.));
#8370=IFCEXTRUDEDAREASOLID(#8364,#8368,#8369,0.02500000037252903);
#8371=IFCCARTESIANPOINTLIST2D(((0.,0.),(0.79999997466802597,0.),(0.79999997466802597,0.10000000149011612),(0.,0.10000000149011612)));
#8372=IFCINDEXEDPOLYCURVE(#8371,(IFCLINEINDEX((1,2,3,4,1))),$);
#8373=IFCARBITRARYCLOSEDPROFILEDEF(.AREA.,$,#8372);
#8374=IFCCARTESIANPOINT((0.05000000074505806,0.,0.));
#8375=IFCDIRECTION((0.,0.,1.));
#8376=IFCDIRECTION((1.,0.,0.));
#8377=IFCAXIS2PLACEMENT3D(#8374,#8375,#8376);
#8378=IFCDIRECTION((0.,0.,1.));
#8379=IFCEXTRUDEDAREASOLID(#8373,#8377,#8378,0.02500000037252903);
#8380=IFCCARTESIANPOINTLIST2D(((0.,0.),(0.,2.0250000022351742),(0.94999998062849045,2.0250000022351742),(0.94999998062849045,0.),(0.87499997764825821,0.),(0.87499997764825821,1.9499999992549419),(0.075000002980232239,1.9499999992549419),(0.075000002980232239,0.)));
#8381=IFCINDEXEDPOLYCURVE(#8380,(IFCLINEINDEX((1,2,3,4,5,6,7,8,1))),$);
#8382=IFCARBITRARYCLOSEDPROFILEDEF(.AREA.,$,#8381);
#8383=IFCCARTESIANPOINT((-0.025000002235174179,-0.004999999888241291,0.));
#8384=IFCDIRECTION((0.,-1.,0.));
#8385=IFCDIRECTION((1.,0.,0.));
#8386=IFCAXIS2PLACEMENT3D(#8383,#8384,#8385);
#8387=IFCDIRECTION((0.,0.,-1.));
#8388=IFCEXTRUDEDAREASOLID(#8382,#8386,#8387,0.004999999888241291);
#8389=IFCCARTESIANPOINTLIST2D(((0.,0.),(0.,2.0250000022351742),(0.94999998062849045,2.0250000022351742),(0.94999998062849045,0.),(0.89999997802078724,0.),(0.89999997802078724,1.974999999627471),(0.050000002607703209,1.974999999627471),(0.050000002607703209,0.)));
#8390=IFCINDEXEDPOLYCURVE(#8389,(IFCLINEINDEX((1,2,3,4,5,6,7,8,1))),$);
#8391=IFCARBITRARYCLOSEDPROFILEDEF(.AREA.,$,#8390);
#8392=IFCCARTESIANPOINT((-0.025000002235174179,0.11558942496776581,0.));
#8393=IFCDIRECTION((0.,-1.,0.));
#8394=IFCDIRECTION((1.,0.,0.));
#8395=IFCAXIS2PLACEMENT3D(#8392,#8393,#8394);
#8396=IFCDIRECTION((0.,0.,-1.));
#8397=IFCEXTRUDEDAREASOLID(#8391,#8395,#8396,0.004999999888241291);
#8398=IFCCARTESIANPOINTLIST2D(((0.,0.),(0.84999997541308403,0.),(0.84999997541308403,0.066074997186660767),(0.,0.066074997186660767)));
#8399=IFCINDEXEDPOLYCURVE(#8398,(IFCLINEINDEX((1,2,3,4,1))),$);
#8400=IFCARBITRARYCLOSEDPROFILEDEF(.AREA.,$,#8399);
#8401=IFCCARTESIANPOINT((0.02500000037252903,0.02500000037252903,0.02500000037252903));
#8402=IFCDIRECTION((0.,0.,1.));
#8403=IFCDIRECTION((1.,0.,0.));
#8404=IFCAXIS2PLACEMENT3D(#8401,#8402,#8403);
#8405=IFCDIRECTION((0.,0.,1.));
#8406=IFCEXTRUDEDAREASOLID(#8400,#8404,#8405,1.9499999992549419);
#8407=IFCCARTESIANPOINTLIST2D(((0.,0.),(0.,-0.040000000000000001),(0.12,-0.040000000000000001),(0.12,-0.02),(0.02,-0.02),(0.02,0.)));
#8408=IFCINDEXEDPOLYCURVE(#8407,(IFCLINEINDEX((1,2,3,4,5,6,1))),$);
#8409=IFCARBITRARYCLOSEDPROFILEDEF(.AREA.,$,#8408);
#8410=IFCCARTESIANPOINT((0.075000000372529033,0.02500000037252903,1.015000000372529));
#8411=IFCDIRECTION((0.,0.,1.));
#8412=IFCDIRECTION((1.,0.,0.));
#8413=IFCAXIS2PLACEMENT3D(#8410,#8411,#8412);
#8414=IFCDIRECTION((0.,0.,1.));
#8415=IFCEXTRUDEDAREASOLID(#8409,#8413,#8414,0.02);
#8416=IFCEXTRUDEDAREASOLID(#8417,#8420,#8424,0.02);
#8417=IFCARBITRARYCLOSEDPROFILEDEF(.AREA.,$,#8418);
#8418=IFCINDEXEDPOLYCURVE(#8419,(IFCLINEINDEX((1,2,3,4,5,6,1))),$);
#8419=IFCCARTESIANPOINTLIST2D(((0.,0.),(0.,0.040000000000000008),(0.11999999999999998,0.040000000000000008),(0.11999999999999998,0.020000000000000004),(0.020000000000000004,0.020000000000000004),(0.020000000000000004,0.)));
#8420=IFCAXIS2PLACEMENT3D(#8421,#8422,#8423);
#8421=IFCCARTESIANPOINT((0.075000000372529033,0.091074997559189796,1.015000000372529));
#8422=IFCDIRECTION((0.,0.,1.));
#8423=IFCDIRECTION((1.,0.,0.));
#8424=IFCDIRECTION((0.,0.,1.));
#8425=IFCSHAPEREPRESENTATION(#11,'Body','SweptSolid',(#8361,#8370,#8406,#8415,#8416,#8379,#8388,#8397));
#8426=IFCSHAPEREPRESENTATION(#11,'Body','SweptSolid',(#8361,#8370,#8379,#8388,#8397));
#8427=IFCSHAPEASPECT((#8426),'Lining',$,.T.,#8294);
#8428=IFCSHAPEREPRESENTATION(#11,'Body','SweptSolid',(#8406,#8415,#8416));
#8429=IFCSHAPEASPECT((#8428),'Framing',$,.T.,#8294);
#8430=IFCCARTESIANPOINTLIST2D(((0.,0.),(0.,0.11558942496776581),(0.02500000037252903,0.11558942496776581),(0.02500000037252903,0.02500000037252903),(0.05000000074505806,0.02500000037252903),(0.05000000074505806,0.)));
#8431=IFCINDEXEDPOLYCURVE(#8430,(IFCLINEINDEX((1,2,3,4,5,6,1))),$);
#8432=IFCINDEXEDPOLYCURVE(#8433,(IFCLINEINDEX((1,2,3,4,5,6,1))),$);
#8433=IFCCARTESIANPOINTLIST2D(((0.89999997615814209,0.),(0.89999997615814209,0.11558942496776581),(0.87499997578561306,0.11558942496776581),(0.87499997578561306,0.02500000037252903),(0.84999997541308403,0.02500000037252903),(0.84999997541308403,0.)));
#8434=IFCDIRECTION((1.,0.));
#8435=IFCCARTESIANPOINT((0.80892497859895229,0.11558942496776581));
#8436=IFCAXIS2PLACEMENT2D(#8435,#8434);
#8437=IFCELLIPSE(#8436,0.78392497822642326,0.84999997541308403);
#8438=IFCCARTESIANPOINT((0.80892497859895229,0.96558940038084984));
#8439=IFCCARTESIANPOINT((0.02500000037252903,0.11558942496776581));
#8440=IFCTRIMMEDCURVE(#8437,(#8438),(#8439),.T.,.CARTESIAN.);
#8441=IFCCARTESIANPOINTLIST2D(((0.87499997578561306,0.11558942496776581),(0.80892497859895229,0.11558942496776581),(0.80892497859895229,0.96558940038084984),(0.87499997578561306,0.96558940038084984)));
#8442=IFCINDEXEDPOLYCURVE(#8441,(IFCLINEINDEX((1,2,3,4,1))),$);
#8443=IFCSHAPEREPRESENTATION(#24,'Body','Curve2D',(#8431,#8432,#8440,#8442));
#8444=IFCCARTESIANPOINTLIST2D(((0.,0.),(0.89999997615814209,0.),(0.89999997615814209,2.),(0.,2.)));
#8445=IFCINDEXEDPOLYCURVE(#8444,(IFCLINEINDEX((1,2,3,4,1))),$);
#8446=IFCARBITRARYCLOSEDPROFILEDEF(.AREA.,$,#8445);
#8447=IFCCARTESIANPOINT((0.,-0.60000002384185791,0.));
#8448=IFCDIRECTION((0.,-1.,0.));
#8449=IFCDIRECTION((1.,0.,0.));
#8450=IFCAXIS2PLACEMENT3D(#8447,#8448,#8449);
#8451=IFCDIRECTION((0.,0.,-1.));
#8452=IFCEXTRUDEDAREASOLID(#8446,#8450,#8451,1.2);
#8453=IFCSHAPEREPRESENTATION(#11,'Body','SweptSolid',(#8452));
#8459=IFCCARTESIANPOINT((2.7251628613041792,-0.016074860312082329,0.));
#8460=IFCDIRECTION((0.,0.,1.));
#8461=IFCDIRECTION((0.999999999999998,-6.3573025954609792E-08,0.));
#8462=IFCAXIS2PLACEMENT3D(#8459,#8460,#8461);
#8463=IFCLOCALPLACEMENT(#7600,#8462);
#8464=IFCCARTESIANPOINT((-6.6613381477509392E-16,0.,0.));
#8465=IFCDIRECTION((0.,0.,1.));
#8466=IFCDIRECTION((1.,-3.9704669402545328E-23,0.));
#8467=IFCAXIS2PLACEMENT3D(#8464,#8465,#8466);
#8468=IFCLOCALPLACEMENT(#8463,#8467);
#8469=IFCDOORTYPE('0idaUQCpPCgPXgSdcizuFK',$,'Master''s-2F',$,$,(#8470),(#8472,#8480,#8558),$,$,.DOOR.,.SINGLE_SWING_LEFT.,$,$);
#8470=IFCPROPERTYSET('0$sL6$lJX0Jf0ZJuaDJPAT',$,'BBIM_Door',$,(#8471));
#8471=IFCPROPERTYSINGLEVALUE('Data',$,IFCTEXT('{"door_type": "SINGLE_SWING_RIGHT", "overall_height": 2.0, "overall_width": 0.7315969467163086, "lining_properties": {"lining_depth": 0.11558942496776581, "lining_thickness": 0.05000000074505806, "lining_offset": 0.0, "lining_to_panel_offset_x": 0.02500000037252903, "lining_to_panel_offset_y": 0.02500000037252903, "transom_thickness": 0.0, "casing_thickness": 0.12215276062488556, "casing_depth": 0.004999999888241291, "threshold_thickness": 0.02500000037252903, "threshold_depth": 0.10000000149011612, "threshold_offset": 0.0}, "panel_properties": {"panel_depth": 0.06607499718666077, "panel_width_ratio": 1.0}}'),$);
#8472=IFCREPRESENTATIONMAP(#8473,#8754);
#8473=IFCAXIS2PLACEMENT3D(#8474,#8475,#8476);
#8474=IFCCARTESIANPOINT((0.,0.,0.));
#8475=IFCDIRECTION((0.,0.,1.));
#8476=IFCDIRECTION((1.,0.,0.));
#8480=IFCREPRESENTATIONMAP(#8481,#8827);
#8481=IFCAXIS2PLACEMENT3D(#8482,#8483,#8484);
#8482=IFCCARTESIANPOINT((0.,0.,0.));
#8483=IFCDIRECTION((0.,0.,1.));
#8484=IFCDIRECTION((1.,0.,0.));
#8558=IFCREPRESENTATIONMAP(#8559,#8845);
#8559=IFCAXIS2PLACEMENT3D(#8560,#8561,#8562);
#8560=IFCCARTESIANPOINT((0.,0.,0.));
#8561=IFCDIRECTION((0.,0.,1.));
#8562=IFCDIRECTION((1.,0.,0.));
#8642=IFCDOOR('27HTTkrqr1jxuPuh2S492b',$,'Door',$,$,#12068,#8651,$,2.,0.73159694671630859,$,.SINGLE_SWING_RIGHT.,$);
#8643=IFCRELDEFINESBYTYPE('1hY6ITzS123femyflh_S0H',$,$,$,(#8642),#8469);
#8644=IFCCARTESIANPOINT((0.,0.,0.));
#8645=IFCDIRECTION((1.,0.,0.));
#8646=IFCDIRECTION((0.,1.,0.));
#8647=IFCDIRECTION((0.,0.,1.));
#8648=IFCCARTESIANTRANSFORMATIONOPERATOR3D(#8645,#8646,#8644,1.,#8647);
#8649=IFCMAPPEDITEM(#8472,#8648);
#8650=IFCSHAPEREPRESENTATION(#18,'Profile','MappedRepresentation',(#8649));
#8651=IFCPRODUCTDEFINITIONSHAPE($,$,(#8650,#8658,#8665));
#8652=IFCCARTESIANPOINT((0.,0.,0.));
#8653=IFCDIRECTION((1.,0.,0.));
#8654=IFCDIRECTION((0.,1.,0.));
#8655=IFCDIRECTION((0.,0.,1.));
#8656=IFCCARTESIANTRANSFORMATIONOPERATOR3D(#8653,#8654,#8652,1.,#8655);
#8657=IFCMAPPEDITEM(#8480,#8656);
#8658=IFCSHAPEREPRESENTATION(#11,'Body','MappedRepresentation',(#8657));
#8659=IFCCARTESIANPOINT((0.,0.,0.));
#8660=IFCDIRECTION((1.,0.,0.));
#8661=IFCDIRECTION((0.,1.,0.));
#8662=IFCDIRECTION((0.,0.,1.));
#8663=IFCCARTESIANTRANSFORMATIONOPERATOR3D(#8660,#8661,#8659,1.,#8662);
#8664=IFCMAPPEDITEM(#8558,#8663);
#8665=IFCSHAPEREPRESENTATION(#24,'Body','MappedRepresentation',(#8664));
#8666=IFCOPENINGELEMENT('2q0YO5jir1A9wYetY1Vy9r',$,'Opening',$,$,#8865,#8694,$,.OPENING.);
#8682=IFCCARTESIANPOINT((0.,0.,0.));
#8683=IFCDIRECTION((1.,0.,0.));
#8684=IFCDIRECTION((0.,0.,1.));
#8685=IFCAXIS2PLACEMENT3D(#8682,#8684,#8683);
#8686=IFCREPRESENTATIONMAP(#8685,#8855);
#8687=IFCCARTESIANPOINT((0.,0.,0.));
#8688=IFCDIRECTION((1.,0.,0.));
#8689=IFCDIRECTION((0.,1.,0.));
#8690=IFCDIRECTION((0.,0.,1.));
#8691=IFCCARTESIANTRANSFORMATIONOPERATOR3D(#8688,#8689,#8687,1.,#8690);
#8692=IFCMAPPEDITEM(#8686,#8691);
#8693=IFCSHAPEREPRESENTATION(#11,'Body','MappedRepresentation',(#8692));
#8694=IFCPRODUCTDEFINITIONSHAPE($,$,(#8693));
#8695=IFCRELVOIDSELEMENT('2DStxyQ1j50vrKwrSIstCe',$,$,$,#7272,#8666);
#8701=IFCRELFILLSELEMENT('3wlD0m2Dn9Uhlxby8BZwCL',$,$,$,#8666,#8642);
#8752=IFCCARTESIANPOINTLIST3D(((0.,0.,0.),(0.73159694671630859,0.,0.),(0.73159694671630859,0.,2.),(0.,0.,2.)));
#8753=IFCINDEXEDPOLYCURVE(#8752,(IFCLINEINDEX((1,2,3,4,1))),$);
#8754=IFCSHAPEREPRESENTATION(#18,'Profile','Curve3D',(#8753));
#8755=IFCCARTESIANPOINTLIST2D(((0.,0.),(0.,2.),(0.73159694671630859,2.),(0.73159694671630859,0.),(0.70659694634377956,0.),(0.70659694634377956,1.974999999627471),(0.02500000037252903,1.974999999627471),(0.02500000037252903,0.)));
#8756=IFCINDEXEDPOLYCURVE(#8755,(IFCLINEINDEX((1,2,3,4,5,6,7,8,1))),$);
#8757=IFCARBITRARYCLOSEDPROFILEDEF(.AREA.,$,#8756);
#8758=IFCCARTESIANPOINT((0.,0.02500000037252903,0.));
#8759=IFCDIRECTION((0.,-1.,0.));
#8760=IFCDIRECTION((1.,0.,0.));
#8761=IFCAXIS2PLACEMENT3D(#8758,#8759,#8760);
#8762=IFCDIRECTION((0.,0.,-1.));
#8763=IFCEXTRUDEDAREASOLID(#8757,#8761,#8762,0.090589424595236778);
#8764=IFCCARTESIANPOINTLIST2D(((0.,0.),(0.,2.),(0.73159694671630859,2.),(0.73159694671630859,0.),(0.68159694597125053,0.),(0.68159694597125053,1.9499999992549419),(0.05000000074505806,1.9499999992549419),(0.05000000074505806,0.)));
#8765=IFCINDEXEDPOLYCURVE(#8764,(IFCLINEINDEX((1,2,3,4,5,6,7,8,1))),$);
#8766=IFCARBITRARYCLOSEDPROFILEDEF(.AREA.,$,#8765);
#8767=IFCCARTESIANPOINT((0.,0.,0.));
#8768=IFCDIRECTION((0.,-1.,0.));
#8769=IFCDIRECTION((1.,0.,0.));
#8770=IFCAXIS2PLACEMENT3D(#8767,#8768,#8769);
#8771=IFCDIRECTION((0.,0.,-1.));
#8772=IFCEXTRUDEDAREASOLID(#8766,#8770,#8771,0.02500000037252903);
#8773=IFCCARTESIANPOINTLIST2D(((0.,0.),(0.63159694522619247,0.),(0.63159694522619247,0.10000000149011612),(0.,0.10000000149011612)));
#8774=IFCINDEXEDPOLYCURVE(#8773,(IFCLINEINDEX((1,2,3,4,1))),$);
#8775=IFCARBITRARYCLOSEDPROFILEDEF(.AREA.,$,#8774);
#8776=IFCCARTESIANPOINT((0.05000000074505806,0.,0.));
#8777=IFCDIRECTION((0.,0.,1.));
#8778=IFCDIRECTION((1.,0.,0.));
#8779=IFCAXIS2PLACEMENT3D(#8776,#8777,#8778);
#8780=IFCDIRECTION((0.,0.,1.));
#8781=IFCEXTRUDEDAREASOLID(#8775,#8779,#8780,0.02500000037252903);
#8782=IFCCARTESIANPOINTLIST2D(((0.,0.),(0.,2.0721527598798275),(0.87590246647596359,2.0721527598798275),(0.87590246647596359,0.),(0.75374970585107803,0.),(0.75374970585107803,1.9499999992549419),(0.12215276062488556,1.9499999992549419),(0.12215276062488556,0.)));
#8783=IFCINDEXEDPOLYCURVE(#8782,(IFCLINEINDEX((1,2,3,4,5,6,7,8,1))),$);
#8784=IFCARBITRARYCLOSEDPROFILEDEF(.AREA.,$,#8783);
#8785=IFCCARTESIANPOINT((-0.072152759879827499,-0.004999999888241291,0.));
#8786=IFCDIRECTION((0.,-1.,0.));
#8787=IFCDIRECTION((1.,0.,0.));
#8788=IFCAXIS2PLACEMENT3D(#8785,#8786,#8787);
#8789=IFCDIRECTION((0.,0.,-1.));
#8790=IFCEXTRUDEDAREASOLID(#8784,#8788,#8789,0.004999999888241291);
#8791=IFCCARTESIANPOINTLIST2D(((0.,0.),(0.,2.0721527598798275),(0.87590246647596359,2.0721527598798275),(0.87590246647596359,0.),(0.77874970622360706,0.),(0.77874970622360706,1.974999999627471),(0.097152760252356529,1.974999999627471),(0.097152760252356529,0.)));
#8792=IFCINDEXEDPOLYCURVE(#8791,(IFCLINEINDEX((1,2,3,4,5,6,7,8,1))),$);
#8793=IFCARBITRARYCLOSEDPROFILEDEF(.AREA.,$,#8792);
#8794=IFCCARTESIANPOINT((-0.072152759879827499,0.11558942496776581,0.));
#8795=IFCDIRECTION((0.,-1.,0.));
#8796=IFCDIRECTION((1.,0.,0.));
#8797=IFCAXIS2PLACEMENT3D(#8794,#8795,#8796);
#8798=IFCDIRECTION((0.,0.,-1.));
#8799=IFCEXTRUDEDAREASOLID(#8793,#8797,#8798,0.004999999888241291);
#8800=IFCCARTESIANPOINTLIST2D(((0.,0.),(0.68159694597125053,0.),(0.68159694597125053,0.066074997186660767),(0.,0.066074997186660767)));
#8801=IFCINDEXEDPOLYCURVE(#8800,(IFCLINEINDEX((1,2,3,4,1))),$);
#8802=IFCARBITRARYCLOSEDPROFILEDEF(.AREA.,$,#8801);
#8803=IFCCARTESIANPOINT((0.02500000037252903,0.02500000037252903,0.02500000037252903));
#8804=IFCDIRECTION((0.,0.,1.));
#8805=IFCDIRECTION((1.,0.,0.));
#8806=IFCAXIS2PLACEMENT3D(#8803,#8804,#8805);
#8807=IFCDIRECTION((0.,0.,1.));
#8808=IFCEXTRUDEDAREASOLID(#8802,#8806,#8807,1.9499999992549419);
#8809=IFCCARTESIANPOINTLIST2D(((0.,0.),(0.,-0.040000000000000001),(0.12,-0.040000000000000001),(0.12,-0.02),(0.02,-0.02),(0.02,0.)));
#8810=IFCINDEXEDPOLYCURVE(#8809,(IFCLINEINDEX((1,2,3,4,5,6,1))),$);
#8811=IFCARBITRARYCLOSEDPROFILEDEF(.AREA.,$,#8810);
#8812=IFCCARTESIANPOINT((0.075000000372529033,0.02500000037252903,1.015000000372529));
#8813=IFCDIRECTION((0.,0.,1.));
#8814=IFCDIRECTION((1.,0.,0.));
#8815=IFCAXIS2PLACEMENT3D(#8812,#8813,#8814);
#8816=IFCDIRECTION((0.,0.,1.));
#8817=IFCEXTRUDEDAREASOLID(#8811,#8815,#8816,0.02);
#8818=IFCEXTRUDEDAREASOLID(#8819,#8822,#8826,0.02);
#8819=IFCARBITRARYCLOSEDPROFILEDEF(.AREA.,$,#8820);
#8820=IFCINDEXEDPOLYCURVE(#8821,(IFCLINEINDEX((1,2,3,4,5,6,1))),$);
#8821=IFCCARTESIANPOINTLIST2D(((0.,0.),(0.,0.040000000000000008),(0.11999999999999998,0.040000000000000008),(0.11999999999999998,0.020000000000000004),(0.020000000000000004,0.020000000000000004),(0.020000000000000004,0.)));
#8822=IFCAXIS2PLACEMENT3D(#8823,#8824,#8825);
#8823=IFCCARTESIANPOINT((0.075000000372529033,0.091074997559189796,1.015000000372529));
#8824=IFCDIRECTION((0.,0.,1.));
#8825=IFCDIRECTION((1.,0.,0.));
#8826=IFCDIRECTION((0.,0.,1.));
#8827=IFCSHAPEREPRESENTATION(#11,'Body','SweptSolid',(#8763,#8772,#8808,#8817,#8818,#8781,#8790,#8799));
#8828=IFCSHAPEREPRESENTATION(#11,'Body','SweptSolid',(#8763,#8772,#8781,#8790,#8799));
#8829=IFCSHAPEASPECT((#8828),'Lining',$,.T.,#8651);
#8830=IFCSHAPEREPRESENTATION(#11,'Body','SweptSolid',(#8808,#8817,#8818));
#8831=IFCSHAPEASPECT((#8830),'Framing',$,.T.,#8651);
#8832=IFCCARTESIANPOINTLIST2D(((0.,0.),(0.,0.11558942496776581),(0.02500000037252903,0.11558942496776581),(0.02500000037252903,0.02500000037252903),(0.05000000074505806,0.02500000037252903),(0.05000000074505806,0.)));
#8833=IFCINDEXEDPOLYCURVE(#8832,(IFCLINEINDEX((1,2,3,4,5,6,1))),$);
#8834=IFCINDEXEDPOLYCURVE(#8835,(IFCLINEINDEX((1,2,3,4,5,6,1))),$);
#8835=IFCCARTESIANPOINTLIST2D(((0.73159694671630859,0.),(0.73159694671630859,0.11558942496776581),(0.70659694634377956,0.11558942496776581),(0.70659694634377956,0.02500000037252903),(0.68159694597125053,0.02500000037252903),(0.68159694597125053,0.)));
#8836=IFCDIRECTION((1.,0.));
#8837=IFCCARTESIANPOINT((0.6405219491571188,0.11558942496776581));
#8838=IFCAXIS2PLACEMENT2D(#8837,#8836);
#8839=IFCELLIPSE(#8838,0.61552194878458977,0.68159694597125053);
#8840=IFCCARTESIANPOINT((0.6405219491571188,0.79718637093901634));
#8841=IFCCARTESIANPOINT((0.02500000037252903,0.11558942496776581));
#8842=IFCTRIMMEDCURVE(#8839,(#8840),(#8841),.T.,.CARTESIAN.);
#8843=IFCCARTESIANPOINTLIST2D(((0.70659694634377956,0.11558942496776581),(0.6405219491571188,0.11558942496776581),(0.6405219491571188,0.79718637093901634),(0.70659694634377956,0.79718637093901634)));
#8844=IFCINDEXEDPOLYCURVE(#8843,(IFCLINEINDEX((1,2,3,4,1))),$);
#8845=IFCSHAPEREPRESENTATION(#24,'Body','Curve2D',(#8833,#8834,#8842,#8844));
#8846=IFCCARTESIANPOINTLIST2D(((0.,0.),(0.73159694671630859,0.),(0.73159694671630859,2.),(0.,2.)));
#8847=IFCINDEXEDPOLYCURVE(#8846,(IFCLINEINDEX((1,2,3,4,1))),$);
#8848=IFCARBITRARYCLOSEDPROFILEDEF(.AREA.,$,#8847);
#8849=IFCCARTESIANPOINT((0.,-0.60000002384185791,0.));
#8850=IFCDIRECTION((0.,-1.,0.));
#8851=IFCDIRECTION((1.,0.,0.));
#8852=IFCAXIS2PLACEMENT3D(#8849,#8850,#8851);
#8853=IFCDIRECTION((0.,0.,-1.));
#8854=IFCEXTRUDEDAREASOLID(#8848,#8852,#8853,1.2);
#8855=IFCSHAPEREPRESENTATION(#11,'Body','SweptSolid',(#8854));
#8861=IFCCARTESIANPOINT((3.8165020942690164,-7.4701574498403644E-07,0.));
#8862=IFCDIRECTION((0.,0.,1.));
#8863=IFCDIRECTION((0.99999999999999289,-1.1920928955077312E-07,0.));
#8864=IFCAXIS2PLACEMENT3D(#8861,#8862,#8863);
#8865=IFCLOCALPLACEMENT(#11940,#8864);
#8871=IFCDOORTYPE('1kO3iUkdv0KOTimOzQMda1',$,'Bedroom 1-2F',$,$,(#8872),(#8874,#8882,#8960),$,$,.DOOR.,.SINGLE_SWING_LEFT.,$,$);
#8872=IFCPROPERTYSET('2xjd$ZCyrDCgbozMc0aaSd',$,'BBIM_Door',$,(#8873));
#8873=IFCPROPERTYSINGLEVALUE('Data',$,IFCTEXT('{"door_type": "SINGLE_SWING_LEFT", "overall_height": 2.0, "overall_width": 0.7315970659255981, "lining_properties": {"lining_depth": 0.11558942496776581, "lining_thickness": 0.05000000074505806, "lining_offset": 0.0, "lining_to_panel_offset_x": 0.02500000037252903, "lining_to_panel_offset_y": 0.02500000037252903, "transom_thickness": 0.0, "casing_thickness": 0.07500000298023224, "casing_depth": 0.004999999888241291, "threshold_thickness": 0.02500000037252903, "threshold_depth": 0.10000000149011612, "threshold_offset": 0.0}, "panel_properties": {"panel_depth": 0.06607499718666077, "panel_width_ratio": 1.0}}'),$);
#8874=IFCREPRESENTATIONMAP(#8875,#9076);
#8875=IFCAXIS2PLACEMENT3D(#8876,#8877,#8878);
#8876=IFCCARTESIANPOINT((0.,0.,0.));
#8877=IFCDIRECTION((0.,0.,1.));
#8878=IFCDIRECTION((1.,0.,0.));
#8882=IFCREPRESENTATIONMAP(#8883,#9149);
#8883=IFCAXIS2PLACEMENT3D(#8884,#8885,#8886);
#8884=IFCCARTESIANPOINT((0.,0.,0.));
#8885=IFCDIRECTION((0.,0.,1.));
#8886=IFCDIRECTION((1.,0.,0.));
#8960=IFCREPRESENTATIONMAP(#8961,#9167);
#8961=IFCAXIS2PLACEMENT3D(#8962,#8963,#8964);
#8962=IFCCARTESIANPOINT((0.,0.,0.));
#8963=IFCDIRECTION((0.,0.,1.));
#8964=IFCDIRECTION((1.,0.,0.));
#8979=IFCDOOR('18sJB5AcHEi9pmj5W2_s9f',$,'Door',$,$,#9192,#8988,$,2.,0.73159706592559814,$,.SINGLE_SWING_LEFT.,$);
#8980=IFCRELDEFINESBYTYPE('2zxNQ2LrPFqw2edsrVpcGf',$,$,$,(#8979),#8871);
#8981=IFCCARTESIANPOINT((0.,0.,0.));
#8982=IFCDIRECTION((1.,0.,0.));
#8983=IFCDIRECTION((0.,1.,0.));
#8984=IFCDIRECTION((0.,0.,1.));
#8985=IFCCARTESIANTRANSFORMATIONOPERATOR3D(#8982,#8983,#8981,1.,#8984);
#8986=IFCMAPPEDITEM(#8874,#8985);
#8987=IFCSHAPEREPRESENTATION(#18,'Profile','MappedRepresentation',(#8986));
#8988=IFCPRODUCTDEFINITIONSHAPE($,$,(#8987,#8995,#9002));
#8989=IFCCARTESIANPOINT((0.,0.,0.));
#8990=IFCDIRECTION((1.,0.,0.));
#8991=IFCDIRECTION((0.,1.,0.));
#8992=IFCDIRECTION((0.,0.,1.));
#8993=IFCCARTESIANTRANSFORMATIONOPERATOR3D(#8990,#8991,#8989,1.,#8992);
#8994=IFCMAPPEDITEM(#8882,#8993);
#8995=IFCSHAPEREPRESENTATION(#11,'Body','MappedRepresentation',(#8994));
#8996=IFCCARTESIANPOINT((0.,0.,0.));
#8997=IFCDIRECTION((1.,0.,0.));
#8998=IFCDIRECTION((0.,1.,0.));
#8999=IFCDIRECTION((0.,0.,1.));
#9000=IFCCARTESIANTRANSFORMATIONOPERATOR3D(#8997,#8998,#8996,1.,#8999);
#9001=IFCMAPPEDITEM(#8960,#9000);
#9002=IFCSHAPEREPRESENTATION(#24,'Body','MappedRepresentation',(#9001));
#9003=IFCOPENINGELEMENT('2dUo1WzMf8ruet1S7RbDuC',$,'Opening',$,$,#13114,#9031,$,.OPENING.);
#9019=IFCCARTESIANPOINT((0.,0.,0.));
#9020=IFCDIRECTION((1.,0.,0.));
#9021=IFCDIRECTION((0.,0.,1.));
#9022=IFCAXIS2PLACEMENT3D(#9019,#9021,#9020);
#9023=IFCREPRESENTATIONMAP(#9022,#9177);
#9024=IFCCARTESIANPOINT((0.,0.,0.));
#9025=IFCDIRECTION((1.,0.,0.));
#9026=IFCDIRECTION((0.,1.,0.));
#9027=IFCDIRECTION((0.,0.,1.));
#9028=IFCCARTESIANTRANSFORMATIONOPERATOR3D(#9025,#9026,#9024,1.,#9027);
#9029=IFCMAPPEDITEM(#9023,#9028);
#9030=IFCSHAPEREPRESENTATION(#11,'Body','MappedRepresentation',(#9029));
#9031=IFCPRODUCTDEFINITIONSHAPE($,$,(#9030));
#9032=IFCRELVOIDSELEMENT('3q6f4JeRLCZRd0d_bYlNFS',$,$,$,#7013,#9003);
#9038=IFCRELFILLSELEMENT('2lGYW2QaT1lR4QVAeqYOGt',$,$,$,#9003,#8979);
#9074=IFCCARTESIANPOINTLIST3D(((0.,0.,0.),(0.73159706592559814,0.,0.),(0.73159706592559814,0.,2.),(0.,0.,2.)));
#9075=IFCINDEXEDPOLYCURVE(#9074,(IFCLINEINDEX((1,2,3,4,1))),$);
#9076=IFCSHAPEREPRESENTATION(#18,'Profile','Curve3D',(#9075));
#9077=IFCCARTESIANPOINTLIST2D(((0.,0.),(0.,2.),(0.73159706592559814,2.),(0.73159706592559814,0.),(0.70659706555306911,0.),(0.70659706555306911,1.974999999627471),(0.02500000037252903,1.974999999627471),(0.02500000037252903,0.)));
#9078=IFCINDEXEDPOLYCURVE(#9077,(IFCLINEINDEX((1,2,3,4,5,6,7,8,1))),$);
#9079=IFCARBITRARYCLOSEDPROFILEDEF(.AREA.,$,#9078);
#9080=IFCCARTESIANPOINT((0.,0.02500000037252903,0.));
#9081=IFCDIRECTION((0.,-1.,0.));
#9082=IFCDIRECTION((1.,0.,0.));
#9083=IFCAXIS2PLACEMENT3D(#9080,#9081,#9082);
#9084=IFCDIRECTION((0.,0.,-1.));
#9085=IFCEXTRUDEDAREASOLID(#9079,#9083,#9084,0.090589424595236778);
#9086=IFCCARTESIANPOINTLIST2D(((0.,0.),(0.,2.),(0.73159706592559814,2.),(0.73159706592559814,0.),(0.68159706518054008,0.),(0.68159706518054008,1.9499999992549419),(0.05000000074505806,1.9499999992549419),(0.05000000074505806,0.)));
#9087=IFCINDEXEDPOLYCURVE(#9086,(IFCLINEINDEX((1,2,3,4,5,6,7,8,1))),$);
#9088=IFCARBITRARYCLOSEDPROFILEDEF(.AREA.,$,#9087);
#9089=IFCCARTESIANPOINT((0.,0.,0.));
#9090=IFCDIRECTION((0.,-1.,0.));
#9091=IFCDIRECTION((1.,0.,0.));
#9092=IFCAXIS2PLACEMENT3D(#9089,#9090,#9091);
#9093=IFCDIRECTION((0.,0.,-1.));
#9094=IFCEXTRUDEDAREASOLID(#9088,#9092,#9093,0.02500000037252903);
#9095=IFCCARTESIANPOINTLIST2D(((0.,0.),(0.63159706443548203,0.),(0.63159706443548203,0.10000000149011612),(0.,0.10000000149011612)));
#9096=IFCINDEXEDPOLYCURVE(#9095,(IFCLINEINDEX((1,2,3,4,1))),$);
#9097=IFCARBITRARYCLOSEDPROFILEDEF(.AREA.,$,#9096);
#9098=IFCCARTESIANPOINT((0.05000000074505806,0.,0.));
#9099=IFCDIRECTION((0.,0.,1.));
#9100=IFCDIRECTION((1.,0.,0.));
#9101=IFCAXIS2PLACEMENT3D(#9098,#9099,#9100);
#9102=IFCDIRECTION((0.,0.,1.));
#9103=IFCEXTRUDEDAREASOLID(#9097,#9101,#9102,0.02500000037252903);
#9104=IFCCARTESIANPOINTLIST2D(((0.,0.),(0.,2.0250000022351742),(0.7815970703959465,2.0250000022351742),(0.7815970703959465,0.),(0.70659706741571426,0.),(0.70659706741571426,1.9499999992549419),(0.075000002980232239,1.9499999992549419),(0.075000002980232239,0.)));
#9105=IFCINDEXEDPOLYCURVE(#9104,(IFCLINEINDEX((1,2,3,4,5,6,7,8,1))),$);
#9106=IFCARBITRARYCLOSEDPROFILEDEF(.AREA.,$,#9105);
#9107=IFCCARTESIANPOINT((-0.025000002235174179,-0.004999999888241291,0.));
#9108=IFCDIRECTION((0.,-1.,0.));
#9109=IFCDIRECTION((1.,0.,0.));
#9110=IFCAXIS2PLACEMENT3D(#9107,#9108,#9109);
#9111=IFCDIRECTION((0.,0.,-1.));
#9112=IFCEXTRUDEDAREASOLID(#9106,#9110,#9111,0.004999999888241291);
#9113=IFCCARTESIANPOINTLIST2D(((0.,0.),(0.,2.0250000022351742),(0.7815970703959465,2.0250000022351742),(0.7815970703959465,0.),(0.73159706778824329,0.),(0.73159706778824329,1.974999999627471),(0.050000002607703209,1.974999999627471),(0.050000002607703209,0.)));
#9114=IFCINDEXEDPOLYCURVE(#9113,(IFCLINEINDEX((1,2,3,4,5,6,7,8,1))),$);
#9115=IFCARBITRARYCLOSEDPROFILEDEF(.AREA.,$,#9114);
#9116=IFCCARTESIANPOINT((-0.025000002235174179,0.11558942496776581,0.));
#9117=IFCDIRECTION((0.,-1.,0.));
#9118=IFCDIRECTION((1.,0.,0.));
#9119=IFCAXIS2PLACEMENT3D(#9116,#9117,#9118);
#9120=IFCDIRECTION((0.,0.,-1.));
#9121=IFCEXTRUDEDAREASOLID(#9115,#9119,#9120,0.004999999888241291);
#9122=IFCCARTESIANPOINTLIST2D(((0.,0.),(0.68159706518054008,0.),(0.68159706518054008,0.066074997186660767),(0.,0.066074997186660767)));
#9123=IFCINDEXEDPOLYCURVE(#9122,(IFCLINEINDEX((1,2,3,4,1))),$);
#9124=IFCARBITRARYCLOSEDPROFILEDEF(.AREA.,$,#9123);
#9125=IFCCARTESIANPOINT((0.02500000037252903,0.02500000037252903,0.02500000037252903));
#9126=IFCDIRECTION((0.,0.,1.));
#9127=IFCDIRECTION((1.,0.,0.));
#9128=IFCAXIS2PLACEMENT3D(#9125,#9126,#9127);
#9129=IFCDIRECTION((0.,0.,1.));
#9130=IFCEXTRUDEDAREASOLID(#9124,#9128,#9129,1.9499999992549419);
#9131=IFCCARTESIANPOINTLIST2D(((0.,0.),(0.,-0.040000000000000001),(-0.11999999999999988,-0.040000000000000001),(-0.11999999999999988,-0.02),(-0.020000000000000018,-0.02),(-0.020000000000000018,0.)));
#9132=IFCINDEXEDPOLYCURVE(#9131,(IFCLINEINDEX((1,2,3,4,5,6,1))),$);
#9133=IFCARBITRARYCLOSEDPROFILEDEF(.AREA.,$,#9132);
#9134=IFCCARTESIANPOINT((0.65659706555306907,0.02500000037252903,1.015000000372529));
#9135=IFCDIRECTION((0.,0.,1.));
#9136=IFCDIRECTION((1.,0.,0.));
#9137=IFCAXIS2PLACEMENT3D(#9134,#9135,#9136);
#9138=IFCDIRECTION((0.,0.,1.));
#9139=IFCEXTRUDEDAREASOLID(#9133,#9137,#9138,0.02);
#9140=IFCEXTRUDEDAREASOLID(#9141,#9144,#9148,0.02);
#9141=IFCARBITRARYCLOSEDPROFILEDEF(.AREA.,$,#9142);
#9142=IFCINDEXEDPOLYCURVE(#9143,(IFCLINEINDEX((1,2,3,4,5,6,1))),$);
#9143=IFCCARTESIANPOINTLIST2D(((0.,0.),(0.,0.040000000000000008),(-0.11999999999999988,0.040000000000000008),(-0.11999999999999988,0.020000000000000004),(-0.020000000000000018,0.020000000000000004),(-0.020000000000000018,0.)));
#9144=IFCAXIS2PLACEMENT3D(#9145,#9146,#9147);
#9145=IFCCARTESIANPOINT((0.65659706555306907,0.091074997559189796,1.015000000372529));
#9146=IFCDIRECTION((0.,0.,1.));
#9147=IFCDIRECTION((1.,0.,0.));
#9148=IFCDIRECTION((0.,0.,1.));
#9149=IFCSHAPEREPRESENTATION(#11,'Body','SweptSolid',(#9085,#9094,#9130,#9139,#9140,#9103,#9112,#9121));
#9150=IFCSHAPEREPRESENTATION(#11,'Body','SweptSolid',(#9085,#9094,#9103,#9112,#9121));
#9151=IFCSHAPEASPECT((#9150),'Lining',$,.T.,#8988);
#9152=IFCSHAPEREPRESENTATION(#11,'Body','SweptSolid',(#9130,#9139,#9140));
#9153=IFCSHAPEASPECT((#9152),'Framing',$,.T.,#8988);
#9154=IFCCARTESIANPOINTLIST2D(((0.,0.),(0.,0.11558942496776581),(0.02500000037252903,0.11558942496776581),(0.02500000037252903,0.02500000037252903),(0.05000000074505806,0.02500000037252903),(0.05000000074505806,0.)));
#9155=IFCINDEXEDPOLYCURVE(#9154,(IFCLINEINDEX((1,2,3,4,5,6,1))),$);
#9156=IFCINDEXEDPOLYCURVE(#9157,(IFCLINEINDEX((1,2,3,4,5,6,1))),$);
#9157=IFCCARTESIANPOINTLIST2D(((0.73159706592559814,0.),(0.73159706592559814,0.11558942496776581),(0.70659706555306911,0.11558942496776581),(0.70659706555306911,0.02500000037252903),(0.68159706518054008,0.02500000037252903),(0.68159706518054008,0.)));
#9158=IFCDIRECTION((1.,0.));
#9159=IFCCARTESIANPOINT((0.091074997559189796,0.11558942496776581));
#9160=IFCAXIS2PLACEMENT2D(#9159,#9158);
#9161=IFCELLIPSE(#9160,0.61552206799387932,0.68159706518054008);
#9162=IFCCARTESIANPOINT((0.70659706555306911,0.11558942496776581));
#9163=IFCCARTESIANPOINT((0.091074997559189796,0.79718649014830589));
#9164=IFCTRIMMEDCURVE(#9161,(#9162),(#9163),.T.,.CARTESIAN.);
#9165=IFCCARTESIANPOINTLIST2D(((0.02500000037252903,0.11558942496776581),(0.091074997559189796,0.11558942496776581),(0.091074997559189796,0.79718649014830589),(0.02500000037252903,0.79718649014830589)));
#9166=IFCINDEXEDPOLYCURVE(#9165,(IFCLINEINDEX((1,2,3,4,1))),$);
#9167=IFCSHAPEREPRESENTATION(#24,'Body','Curve2D',(#9155,#9156,#9164,#9166));
#9168=IFCCARTESIANPOINTLIST2D(((0.,0.),(0.73159706592559814,0.),(0.73159706592559814,2.),(0.,2.)));
#9169=IFCINDEXEDPOLYCURVE(#9168,(IFCLINEINDEX((1,2,3,4,1))),$);
#9170=IFCARBITRARYCLOSEDPROFILEDEF(.AREA.,$,#9169);
#9171=IFCCARTESIANPOINT((0.,-0.60000002384185791,0.));
#9172=IFCDIRECTION((0.,-1.,0.));
#9173=IFCDIRECTION((1.,0.,0.));
#9174=IFCAXIS2PLACEMENT3D(#9171,#9172,#9173);
#9175=IFCDIRECTION((0.,0.,-1.));
#9176=IFCEXTRUDEDAREASOLID(#9170,#9174,#9175,1.2);
#9177=IFCSHAPEREPRESENTATION(#11,'Body','SweptSolid',(#9176));
#9188=IFCCARTESIANPOINT((-4.4408920985006262E-16,0.,0.));
#9189=IFCDIRECTION((0.,0.,1.));
#9190=IFCDIRECTION((1.,-5.2939559203393771E-23,0.));
#9191=IFCAXIS2PLACEMENT3D(#9188,#9189,#9190);
#9192=IFCLOCALPLACEMENT(#13114,#9191);
#9193=IFCDOORTYPE('22q$uJaxjBvg_FVz60MLxN',$,'Family-2F',$,$,(#9194),(#9196,#9204,#9282),$,$,.DOOR.,.SINGLE_SWING_LEFT.,$,$);
#9194=IFCPROPERTYSET('2rDPpIXSb2N9jNNV2oAxWI',$,'BBIM_Door',$,(#9195));
#9195=IFCPROPERTYSINGLEVALUE('Data',$,IFCTEXT('{"door_type": "SINGLE_SWING_LEFT", "overall_height": 2.0, "overall_width": 0.7046526074409485, "lining_properties": {"lining_depth": 0.11558942496776581, "lining_thickness": 0.05000000074505806, "lining_offset": 0.0, "lining_to_panel_offset_x": 0.02500000037252903, "lining_to_panel_offset_y": 0.02500000037252903, "transom_thickness": 0.0, "casing_thickness": 0.07500000298023224, "casing_depth": 0.004999999888241291, "threshold_thickness": 0.02500000037252903, "threshold_depth": 0.10000000149011612, "threshold_offset": 0.0}, "panel_properties": {"panel_depth": 0.06607499718666077, "panel_width_ratio": 1.0}}'),$);
#9196=IFCREPRESENTATIONMAP(#9197,#9398);
#9197=IFCAXIS2PLACEMENT3D(#9198,#9199,#9200);
#9198=IFCCARTESIANPOINT((0.,0.,0.));
#9199=IFCDIRECTION((0.,0.,1.));
#9200=IFCDIRECTION((1.,0.,0.));
#9204=IFCREPRESENTATIONMAP(#9205,#9471);
#9205=IFCAXIS2PLACEMENT3D(#9206,#9207,#9208);
#9206=IFCCARTESIANPOINT((0.,0.,0.));
#9207=IFCDIRECTION((0.,0.,1.));
#9208=IFCDIRECTION((1.,0.,0.));
#9282=IFCREPRESENTATIONMAP(#9283,#9489);
#9283=IFCAXIS2PLACEMENT3D(#9284,#9285,#9286);
#9284=IFCCARTESIANPOINT((0.,0.,0.));
#9285=IFCDIRECTION((0.,0.,1.));
#9286=IFCDIRECTION((1.,0.,0.));
#9301=IFCDOOR('0LnNDDay90oQpTdtKvp2Ku',$,'Door',$,$,#9514,#9310,$,2.,0.70465260744094849,$,.SINGLE_SWING_LEFT.,$);
#9302=IFCRELDEFINESBYTYPE('1ARv2hHu16ReyNFa4NQLSW',$,$,$,(#9301),#9193);
#9303=IFCCARTESIANPOINT((0.,0.,0.));
#9304=IFCDIRECTION((1.,0.,0.));
#9305=IFCDIRECTION((0.,1.,0.));
#9306=IFCDIRECTION((0.,0.,1.));
#9307=IFCCARTESIANTRANSFORMATIONOPERATOR3D(#9304,#9305,#9303,1.,#9306);
#9308=IFCMAPPEDITEM(#9196,#9307);
#9309=IFCSHAPEREPRESENTATION(#18,'Profile','MappedRepresentation',(#9308));
#9310=IFCPRODUCTDEFINITIONSHAPE($,$,(#9309,#9317,#9324));
#9311=IFCCARTESIANPOINT((0.,0.,0.));
#9312=IFCDIRECTION((1.,0.,0.));
#9313=IFCDIRECTION((0.,1.,0.));
#9314=IFCDIRECTION((0.,0.,1.));
#9315=IFCCARTESIANTRANSFORMATIONOPERATOR3D(#9312,#9313,#9311,1.,#9314);
#9316=IFCMAPPEDITEM(#9204,#9315);
#9317=IFCSHAPEREPRESENTATION(#11,'Body','MappedRepresentation',(#9316));
#9318=IFCCARTESIANPOINT((0.,0.,0.));
#9319=IFCDIRECTION((1.,0.,0.));
#9320=IFCDIRECTION((0.,1.,0.));
#9321=IFCDIRECTION((0.,0.,1.));
#9322=IFCCARTESIANTRANSFORMATIONOPERATOR3D(#9319,#9320,#9318,1.,#9321);
#9323=IFCMAPPEDITEM(#9282,#9322);
#9324=IFCSHAPEREPRESENTATION(#24,'Body','MappedRepresentation',(#9323));
#9325=IFCOPENINGELEMENT('1jWuyRnybDhRwKWmDKgTXl',$,'Opening',$,$,#9509,#9353,$,.OPENING.);
#9341=IFCCARTESIANPOINT((0.,0.,0.));
#9342=IFCDIRECTION((1.,0.,0.));
#9343=IFCDIRECTION((0.,0.,1.));
#9344=IFCAXIS2PLACEMENT3D(#9341,#9343,#9342);
#9345=IFCREPRESENTATIONMAP(#9344,#9499);
#9346=IFCCARTESIANPOINT((0.,0.,0.));
#9347=IFCDIRECTION((1.,0.,0.));
#9348=IFCDIRECTION((0.,1.,0.));
#9349=IFCDIRECTION((0.,0.,1.));
#9350=IFCCARTESIANTRANSFORMATIONOPERATOR3D(#9347,#9348,#9346,1.,#9349);
#9351=IFCMAPPEDITEM(#9345,#9350);
#9352=IFCSHAPEREPRESENTATION(#11,'Body','MappedRepresentation',(#9351));
#9353=IFCPRODUCTDEFINITIONSHAPE($,$,(#9352));
#9354=IFCRELVOIDSELEMENT('1RKTMteGL9HhRCaN9NBRZL',$,$,$,#7627,#9325);
#9360=IFCRELFILLSELEMENT('02CMyP7on1RQyiCkG55LU_',$,$,$,#9325,#9301);
#9396=IFCCARTESIANPOINTLIST3D(((0.,0.,0.),(0.70465260744094849,0.,0.),(0.70465260744094849,0.,2.),(0.,0.,2.)));
#9397=IFCINDEXEDPOLYCURVE(#9396,(IFCLINEINDEX((1,2,3,4,1))),$);
#9398=IFCSHAPEREPRESENTATION(#18,'Profile','Curve3D',(#9397));
#9399=IFCCARTESIANPOINTLIST2D(((0.,0.),(0.,2.),(0.70465260744094849,2.),(0.70465260744094849,0.),(0.67965260706841946,0.),(0.67965260706841946,1.974999999627471),(0.02500000037252903,1.974999999627471),(0.02500000037252903,0.)));
#9400=IFCINDEXEDPOLYCURVE(#9399,(IFCLINEINDEX((1,2,3,4,5,6,7,8,1))),$);
#9401=IFCARBITRARYCLOSEDPROFILEDEF(.AREA.,$,#9400);
#9402=IFCCARTESIANPOINT((0.,0.02500000037252903,0.));
#9403=IFCDIRECTION((0.,-1.,0.));
#9404=IFCDIRECTION((1.,0.,0.));
#9405=IFCAXIS2PLACEMENT3D(#9402,#9403,#9404);
#9406=IFCDIRECTION((0.,0.,-1.));
#9407=IFCEXTRUDEDAREASOLID(#9401,#9405,#9406,0.090589424595236778);
#9408=IFCCARTESIANPOINTLIST2D(((0.,0.),(0.,2.),(0.70465260744094849,2.),(0.70465260744094849,0.),(0.65465260669589043,0.),(0.65465260669589043,1.9499999992549419),(0.05000000074505806,1.9499999992549419),(0.05000000074505806,0.)));
#9409=IFCINDEXEDPOLYCURVE(#9408,(IFCLINEINDEX((1,2,3,4,5,6,7,8,1))),$);
#9410=IFCARBITRARYCLOSEDPROFILEDEF(.AREA.,$,#9409);
#9411=IFCCARTESIANPOINT((0.,0.,0.));
#9412=IFCDIRECTION((0.,-1.,0.));
#9413=IFCDIRECTION((1.,0.,0.));
#9414=IFCAXIS2PLACEMENT3D(#9411,#9412,#9413);
#9415=IFCDIRECTION((0.,0.,-1.));
#9416=IFCEXTRUDEDAREASOLID(#9410,#9414,#9415,0.02500000037252903);
#9417=IFCCARTESIANPOINTLIST2D(((0.,0.),(0.60465260595083237,0.),(0.60465260595083237,0.10000000149011612),(0.,0.10000000149011612)));
#9418=IFCINDEXEDPOLYCURVE(#9417,(IFCLINEINDEX((1,2,3,4,1))),$);
#9419=IFCARBITRARYCLOSEDPROFILEDEF(.AREA.,$,#9418);
#9420=IFCCARTESIANPOINT((0.05000000074505806,0.,0.));
#9421=IFCDIRECTION((0.,0.,1.));
#9422=IFCDIRECTION((1.,0.,0.));
#9423=IFCAXIS2PLACEMENT3D(#9420,#9421,#9422);
#9424=IFCDIRECTION((0.,0.,1.));
#9425=IFCEXTRUDEDAREASOLID(#9419,#9423,#9424,0.02500000037252903);
#9426=IFCCARTESIANPOINTLIST2D(((0.,0.),(0.,2.0250000022351742),(0.75465261191129684,2.0250000022351742),(0.75465261191129684,0.),(0.67965260893106461,0.),(0.67965260893106461,1.9499999992549419),(0.075000002980232239,1.9499999992549419),(0.075000002980232239,0.)));
#9427=IFCINDEXEDPOLYCURVE(#9426,(IFCLINEINDEX((1,2,3,4,5,6,7,8,1))),$);
#9428=IFCARBITRARYCLOSEDPROFILEDEF(.AREA.,$,#9427);
#9429=IFCCARTESIANPOINT((-0.025000002235174179,-0.004999999888241291,0.));
#9430=IFCDIRECTION((0.,-1.,0.));
#9431=IFCDIRECTION((1.,0.,0.));
#9432=IFCAXIS2PLACEMENT3D(#9429,#9430,#9431);
#9433=IFCDIRECTION((0.,0.,-1.));
#9434=IFCEXTRUDEDAREASOLID(#9428,#9432,#9433,0.004999999888241291);
#9435=IFCCARTESIANPOINTLIST2D(((0.,0.),(0.,2.0250000022351742),(0.75465261191129684,2.0250000022351742),(0.75465261191129684,0.),(0.70465260930359364,0.),(0.70465260930359364,1.974999999627471),(0.050000002607703209,1.974999999627471),(0.050000002607703209,0.)));
#9436=IFCINDEXEDPOLYCURVE(#9435,(IFCLINEINDEX((1,2,3,4,5,6,7,8,1))),$);
#9437=IFCARBITRARYCLOSEDPROFILEDEF(.AREA.,$,#9436);
#9438=IFCCARTESIANPOINT((-0.025000002235174179,0.11558942496776581,0.));
#9439=IFCDIRECTION((0.,-1.,0.));
#9440=IFCDIRECTION((1.,0.,0.));
#9441=IFCAXIS2PLACEMENT3D(#9438,#9439,#9440);
#9442=IFCDIRECTION((0.,0.,-1.));
#9443=IFCEXTRUDEDAREASOLID(#9437,#9441,#9442,0.004999999888241291);
#9444=IFCCARTESIANPOINTLIST2D(((0.,0.),(0.65465260669589043,0.),(0.65465260669589043,0.066074997186660767),(0.,0.066074997186660767)));
#9445=IFCINDEXEDPOLYCURVE(#9444,(IFCLINEINDEX((1,2,3,4,1))),$);
#9446=IFCARBITRARYCLOSEDPROFILEDEF(.AREA.,$,#9445);
#9447=IFCCARTESIANPOINT((0.02500000037252903,0.02500000037252903,0.02500000037252903));
#9448=IFCDIRECTION((0.,0.,1.));
#9449=IFCDIRECTION((1.,0.,0.));
#9450=IFCAXIS2PLACEMENT3D(#9447,#9448,#9449);
#9451=IFCDIRECTION((0.,0.,1.));
#9452=IFCEXTRUDEDAREASOLID(#9446,#9450,#9451,1.9499999992549419);
#9453=IFCCARTESIANPOINTLIST2D(((0.,0.),(0.,-0.040000000000000001),(-0.11999999999999988,-0.040000000000000001),(-0.11999999999999988,-0.02),(-0.020000000000000018,-0.02),(-0.020000000000000018,0.)));
#9454=IFCINDEXEDPOLYCURVE(#9453,(IFCLINEINDEX((1,2,3,4,5,6,1))),$);
#9455=IFCARBITRARYCLOSEDPROFILEDEF(.AREA.,$,#9454);
#9456=IFCCARTESIANPOINT((0.62965260706841941,0.02500000037252903,1.015000000372529));
#9457=IFCDIRECTION((0.,0.,1.));
#9458=IFCDIRECTION((1.,0.,0.));
#9459=IFCAXIS2PLACEMENT3D(#9456,#9457,#9458);
#9460=IFCDIRECTION((0.,0.,1.));
#9461=IFCEXTRUDEDAREASOLID(#9455,#9459,#9460,0.02);
#9462=IFCEXTRUDEDAREASOLID(#9463,#9466,#9470,0.02);
#9463=IFCARBITRARYCLOSEDPROFILEDEF(.AREA.,$,#9464);
#9464=IFCINDEXEDPOLYCURVE(#9465,(IFCLINEINDEX((1,2,3,4,5,6,1))),$);
#9465=IFCCARTESIANPOINTLIST2D(((0.,0.),(0.,0.040000000000000008),(-0.11999999999999988,0.040000000000000008),(-0.11999999999999988,0.020000000000000004),(-0.020000000000000018,0.020000000000000004),(-0.020000000000000018,0.)));
#9466=IFCAXIS2PLACEMENT3D(#9467,#9468,#9469);
#9467=IFCCARTESIANPOINT((0.62965260706841941,0.091074997559189796,1.015000000372529));
#9468=IFCDIRECTION((0.,0.,1.));
#9469=IFCDIRECTION((1.,0.,0.));
#9470=IFCDIRECTION((0.,0.,1.));
#9471=IFCSHAPEREPRESENTATION(#11,'Body','SweptSolid',(#9407,#9416,#9452,#9461,#9462,#9425,#9434,#9443));
#9472=IFCSHAPEREPRESENTATION(#11,'Body','SweptSolid',(#9407,#9416,#9425,#9434,#9443));
#9473=IFCSHAPEASPECT((#9472),'Lining',$,.T.,#9310);
#9474=IFCSHAPEREPRESENTATION(#11,'Body','SweptSolid',(#9452,#9461,#9462));
#9475=IFCSHAPEASPECT((#9474),'Framing',$,.T.,#9310);
#9476=IFCCARTESIANPOINTLIST2D(((0.,0.),(0.,0.11558942496776581),(0.02500000037252903,0.11558942496776581),(0.02500000037252903,0.02500000037252903),(0.05000000074505806,0.02500000037252903),(0.05000000074505806,0.)));
#9477=IFCINDEXEDPOLYCURVE(#9476,(IFCLINEINDEX((1,2,3,4,5,6,1))),$);
#9478=IFCINDEXEDPOLYCURVE(#9479,(IFCLINEINDEX((1,2,3,4,5,6,1))),$);
#9479=IFCCARTESIANPOINTLIST2D(((0.70465260744094849,0.),(0.70465260744094849,0.11558942496776581),(0.67965260706841946,0.11558942496776581),(0.67965260706841946,0.02500000037252903),(0.65465260669589043,0.02500000037252903),(0.65465260669589043,0.)));
#9480=IFCDIRECTION((1.,0.));
#9481=IFCCARTESIANPOINT((0.091074997559189796,0.11558942496776581));
#9482=IFCAXIS2PLACEMENT2D(#9481,#9480);
#9483=IFCELLIPSE(#9482,0.58857760950922966,0.65465260669589043);
#9484=IFCCARTESIANPOINT((0.67965260706841946,0.11558942496776581));
#9485=IFCCARTESIANPOINT((0.091074997559189796,0.77024203166365623));
#9486=IFCTRIMMEDCURVE(#9483,(#9484),(#9485),.T.,.CARTESIAN.);
#9487=IFCCARTESIANPOINTLIST2D(((0.02500000037252903,0.11558942496776581),(0.091074997559189796,0.11558942496776581),(0.091074997559189796,0.77024203166365623),(0.02500000037252903,0.77024203166365623)));
#9488=IFCINDEXEDPOLYCURVE(#9487,(IFCLINEINDEX((1,2,3,4,1))),$);
#9489=IFCSHAPEREPRESENTATION(#24,'Body','Curve2D',(#9477,#9478,#9486,#9488));
#9490=IFCCARTESIANPOINTLIST2D(((0.,0.),(0.70465260744094849,0.),(0.70465260744094849,2.),(0.,2.)));
#9491=IFCINDEXEDPOLYCURVE(#9490,(IFCLINEINDEX((1,2,3,4,1))),$);
#9492=IFCARBITRARYCLOSEDPROFILEDEF(.AREA.,$,#9491);
#9493=IFCCARTESIANPOINT((0.,-0.60000002384185791,0.));
#9494=IFCDIRECTION((0.,-1.,0.));
#9495=IFCDIRECTION((1.,0.,0.));
#9496=IFCAXIS2PLACEMENT3D(#9493,#9494,#9495);
#9497=IFCDIRECTION((0.,0.,-1.));
#9498=IFCEXTRUDEDAREASOLID(#9492,#9496,#9497,1.2);
#9499=IFCSHAPEREPRESENTATION(#11,'Body','SweptSolid',(#9498));
#9505=IFCCARTESIANPOINT((3.5082515629130135,0.099999851738467704,0.));
#9506=IFCDIRECTION((0.,0.,1.));
#9507=IFCDIRECTION((-0.99999999999998856,1.509958025280849E-07,0.));
#9508=IFCAXIS2PLACEMENT3D(#9505,#9506,#9507);
#9509=IFCLOCALPLACEMENT(#7638,#9508);
#9510=IFCCARTESIANPOINT((4.4408920985006262E-16,0.,0.));
#9511=IFCDIRECTION((0.,0.,1.));
#9512=IFCDIRECTION((0.99999999999999978,0.,0.));
#9513=IFCAXIS2PLACEMENT3D(#9510,#9511,#9512);
#9514=IFCLOCALPLACEMENT(#9509,#9513);
#10163=IFCWINDOWTYPE('112G4BZFX948uxDU8IJGZh',$,'Master''s-2-2F',$,$,(#10164),(#10166,#10174,#10222),$,$,.WINDOW.,.SINGLE_PANEL.,$,$);
#10164=IFCPROPERTYSET('3B2JQBMKLDMuthkith2NA0',$,'BBIM_Window',$,(#10165));
#10165=IFCPROPERTYSINGLEVALUE('Data',$,IFCTEXT('{"window_type": "SINGLE_PANEL", "overall_height": 0.8999999761581421, "overall_width": 0.795771598815918, "lining_properties": {"lining_depth": 0.05000000074505806, "lining_thickness": 0.05000000074505806, "lining_offset": 0.05000000074505806, "lining_to_panel_offset_x": 0.02500000037252903, "lining_to_panel_offset_y": 0.02500000037252903}, "panel_properties": {"frame_depth": [0.03500000014901161, 0.03500000014901161, 0.03500000014901161], "frame_thickness": [0.03500000014901161, 0.03500000014901161, 0.03500000014901161]}}'),$);
#10166=IFCREPRESENTATIONMAP(#10167,#10529);
#10167=IFCAXIS2PLACEMENT3D(#10168,#10169,#10170);
#10168=IFCCARTESIANPOINT((0.,0.,0.));
#10169=IFCDIRECTION((0.,0.,1.));
#10170=IFCDIRECTION((1.,0.,0.));
#10174=IFCREPRESENTATIONMAP(#10175,#10572);
#10175=IFCAXIS2PLACEMENT3D(#10176,#10177,#10178);
#10176=IFCCARTESIANPOINT((0.,0.,0.));
#10177=IFCDIRECTION((0.,0.,1.));
#10178=IFCDIRECTION((1.,0.,0.));
#10222=IFCREPRESENTATIONMAP(#10223,#10595);
#10223=IFCAXIS2PLACEMENT3D(#10224,#10225,#10226);
#10224=IFCCARTESIANPOINT((0.,0.,0.));
#10225=IFCDIRECTION((0.,0.,1.));
#10226=IFCDIRECTION((1.,0.,0.));
#10244=IFCWINDOW('3brSF7VWbDQfZ4YC1oVjO4',$,'Window',$,$,#10635,#10253,$,0.89999997615814209,0.79577159881591797,$,.SINGLE_PANEL.,$);
#10245=IFCRELDEFINESBYTYPE('1hiwQJrBvAhxvV$jOUgfpT',$,$,$,(#10309,#10244),#10163);
#10246=IFCCARTESIANPOINT((0.,0.,0.));
#10247=IFCDIRECTION((1.,0.,0.));
#10248=IFCDIRECTION((0.,1.,0.));
#10249=IFCDIRECTION((0.,0.,1.));
#10250=IFCCARTESIANTRANSFORMATIONOPERATOR3D(#10247,#10248,#10246,1.,#10249);
#10251=IFCMAPPEDITEM(#10166,#10250);
#10252=IFCSHAPEREPRESENTATION(#18,'Profile','MappedRepresentation',(#10251));
#10253=IFCPRODUCTDEFINITIONSHAPE($,$,(#10252,#10260,#10267));
#10254=IFCCARTESIANPOINT((0.,0.,0.));
#10255=IFCDIRECTION((1.,0.,0.));
#10256=IFCDIRECTION((0.,1.,0.));
#10257=IFCDIRECTION((0.,0.,1.));
#10258=IFCCARTESIANTRANSFORMATIONOPERATOR3D(#10255,#10256,#10254,1.,#10257);
#10259=IFCMAPPEDITEM(#10174,#10258);
#10260=IFCSHAPEREPRESENTATION(#11,'Body','MappedRepresentation',(#10259));
#10261=IFCCARTESIANPOINT((0.,0.,0.));
#10262=IFCDIRECTION((1.,0.,0.));
#10263=IFCDIRECTION((0.,1.,0.));
#10264=IFCDIRECTION((0.,0.,1.));
#10265=IFCCARTESIANTRANSFORMATIONOPERATOR3D(#10262,#10263,#10261,1.,#10264);
#10266=IFCMAPPEDITEM(#10222,#10265);
#10267=IFCSHAPEREPRESENTATION(#24,'Body','MappedRepresentation',(#10266));
#10268=IFCOPENINGELEMENT('3ub78NW9T1zxRAxusXmCaw',$,'Opening',$,$,#10630,#10296,$,.OPENING.);
#10284=IFCCARTESIANPOINT((0.,0.,0.));
#10285=IFCDIRECTION((1.,0.,0.));
#10286=IFCDIRECTION((0.,0.,1.));
#10287=IFCAXIS2PLACEMENT3D(#10284,#10286,#10285);
#10288=IFCREPRESENTATIONMAP(#10287,#10605);
#10289=IFCCARTESIANPOINT((0.,0.,0.));
#10290=IFCDIRECTION((1.,0.,0.));
#10291=IFCDIRECTION((0.,1.,0.));
#10292=IFCDIRECTION((0.,0.,1.));
#10293=IFCCARTESIANTRANSFORMATIONOPERATOR3D(#10290,#10291,#10289,1.,#10292);
#10294=IFCMAPPEDITEM(#10288,#10293);
#10295=IFCSHAPEREPRESENTATION(#11,'Body','MappedRepresentation',(#10294));
#10296=IFCPRODUCTDEFINITIONSHAPE($,$,(#10295));
#10297=IFCRELVOIDSELEMENT('1elJcH699E9RhrfjvPyMIO',$,$,$,#7076,#10268);
#10303=IFCRELFILLSELEMENT('3gE$XmwDD9M8tCY6JyXKdK',$,$,$,#10268,#10244);
#10309=IFCWINDOW('0VG9TgNCbEuAdHTl77bak_',$,'Window',$,$,#10620,#10317,$,0.89999997615814209,0.79577159881591797,$,.SINGLE_PANEL.,$);
#10310=IFCCARTESIANPOINT((0.,0.,0.));
#10311=IFCDIRECTION((1.,0.,0.));
#10312=IFCDIRECTION((0.,1.,0.));
#10313=IFCDIRECTION((0.,0.,1.));
#10314=IFCCARTESIANTRANSFORMATIONOPERATOR3D(#10311,#10312,#10310,1.,#10313);
#10315=IFCMAPPEDITEM(#10166,#10314);
#10316=IFCSHAPEREPRESENTATION(#18,'Profile','MappedRepresentation',(#10315));
#10317=IFCPRODUCTDEFINITIONSHAPE($,$,(#10316,#10324,#10331));
#10318=IFCCARTESIANPOINT((0.,0.,0.));
#10319=IFCDIRECTION((1.,0.,0.));
#10320=IFCDIRECTION((0.,1.,0.));
#10321=IFCDIRECTION((0.,0.,1.));
#10322=IFCCARTESIANTRANSFORMATIONOPERATOR3D(#10319,#10320,#10318,1.,#10321);
#10323=IFCMAPPEDITEM(#10174,#10322);
#10324=IFCSHAPEREPRESENTATION(#11,'Body','MappedRepresentation',(#10323));
#10325=IFCCARTESIANPOINT((0.,0.,0.));
#10326=IFCDIRECTION((1.,0.,0.));
#10327=IFCDIRECTION((0.,1.,0.));
#10328=IFCDIRECTION((0.,0.,1.));
#10329=IFCCARTESIANTRANSFORMATIONOPERATOR3D(#10326,#10327,#10325,1.,#10328);
#10330=IFCMAPPEDITEM(#10222,#10329);
#10331=IFCSHAPEREPRESENTATION(#24,'Body','MappedRepresentation',(#10330));
#10332=IFCOPENINGELEMENT('3KvWQCVEb9FeDDKQNg1hs$',$,'Opening',$,$,#10615,#10345,$,.OPENING.);
#10338=IFCCARTESIANPOINT((0.,0.,0.));
#10339=IFCDIRECTION((1.,0.,0.));
#10340=IFCDIRECTION((0.,1.,0.));
#10341=IFCDIRECTION((0.,0.,1.));
#10342=IFCCARTESIANTRANSFORMATIONOPERATOR3D(#10339,#10340,#10338,1.,#10341);
#10343=IFCMAPPEDITEM(#10288,#10342);
#10344=IFCSHAPEREPRESENTATION(#11,'Body','MappedRepresentation',(#10343));
#10345=IFCPRODUCTDEFINITIONSHAPE($,$,(#10344));
#10346=IFCRELVOIDSELEMENT('1T57lvi0nB1BPLH0gHbToS',$,$,$,#7076,#10332);
#10352=IFCRELFILLSELEMENT('19V7XEDGbBQxeAA_h7Vy1m',$,$,$,#10332,#10309);
#10406=IFCCARTESIANPOINTLIST2D(((0.,0.),(0.79577159881591797,0.),(0.79577159881591797,0.89999997615814209),(0.,0.89999997615814209)));
#10407=IFCINDEXEDPOLYCURVE(#10406,(IFCLINEINDEX((1,2,3,4,1))),$);
#10408=IFCCARTESIANPOINTLIST2D(((0.02500000037252903,0.02500000037252903),(0.77077159844338894,0.02500000037252903),(0.77077159844338894,0.87499997578561306),(0.02500000037252903,0.87499997578561306)));
#10409=IFCINDEXEDPOLYCURVE(#10408,(IFCLINEINDEX((1,2,3,4,1))),$);
#10410=IFCARBITRARYPROFILEDEFWITHVOIDS(.AREA.,$,#10407,(#10409));
#10411=IFCCARTESIANPOINT((0.,0.090000001713633537,0.));
#10412=IFCDIRECTION((0.,-1.,0.));
#10413=IFCDIRECTION((1.,0.,0.));
#10414=IFCAXIS2PLACEMENT3D(#10411,#10412,#10413);
#10415=IFCDIRECTION((0.,0.,-1.));
#10416=IFCEXTRUDEDAREASOLID(#10410,#10414,#10415,0.0099999997764825821);
#10417=IFCCARTESIANPOINTLIST2D(((0.,0.),(0.79577159881591797,0.),(0.79577159881591797,0.89999997615814209),(0.,0.89999997615814209)));
#10418=IFCINDEXEDPOLYCURVE(#10417,(IFCLINEINDEX((1,2,3,4,1))),$);
#10419=IFCCARTESIANPOINTLIST2D(((0.05000000074505806,0.05000000074505806),(0.74577159807085991,0.05000000074505806),(0.74577159807085991,0.84999997541308403),(0.05000000074505806,0.84999997541308403)));
#10420=IFCINDEXEDPOLYCURVE(#10419,(IFCLINEINDEX((1,2,3,4,1))),$);
#10421=IFCARBITRARYPROFILEDEFWITHVOIDS(.AREA.,$,#10418,(#10420));
#10422=IFCCARTESIANPOINT((0.,0.05000000074505806,0.));
#10423=IFCDIRECTION((0.,-1.,0.));
#10424=IFCDIRECTION((1.,0.,0.));
#10425=IFCAXIS2PLACEMENT3D(#10422,#10423,#10424);
#10426=IFCDIRECTION((0.,0.,-1.));
#10427=IFCEXTRUDEDAREASOLID(#10421,#10425,#10426,0.040000000968575478);
#10428=IFCCARTESIANPOINTLIST2D(((0.,0.),(0.74577159807085991,0.),(0.74577159807085991,0.84999997541308403),(0.,0.84999997541308403)));
#10429=IFCINDEXEDPOLYCURVE(#10428,(IFCLINEINDEX((1,2,3,4,1))),$);
#10430=IFCCARTESIANPOINTLIST2D(((0.035000000149011612,0.035000000149011612),(0.7107715979218483,0.035000000149011612),(0.7107715979218483,0.81499997526407242),(0.035000000149011612,0.81499997526407242)));
#10431=IFCINDEXEDPOLYCURVE(#10430,(IFCLINEINDEX((1,2,3,4,1))),$);
#10432=IFCARBITRARYPROFILEDEFWITHVOIDS(.AREA.,$,#10429,(#10431));
#10433=IFCCARTESIANPOINT((0.02500000037252903,0.090000001713633537,0.02500000037252903));
#10434=IFCDIRECTION((0.,-1.,0.));
#10435=IFCDIRECTION((1.,0.,0.));
#10436=IFCAXIS2PLACEMENT3D(#10433,#10434,#10435);
#10437=IFCDIRECTION((0.,0.,-1.));
#10438=IFCEXTRUDEDAREASOLID(#10432,#10436,#10437,0.035000000149011612);
#10439=IFCINDEXEDPOLYCURVE(#10440,(IFCLINEINDEX((1,2,3,4,1))),$);
#10440=IFCCARTESIANPOINTLIST2D(((0.035000000149011612,0.035000000149011612),(0.7107715979218483,0.035000000149011612),(0.7107715979218483,0.81499997526407242),(0.035000000149011612,0.81499997526407242)));
#10441=IFCARBITRARYCLOSEDPROFILEDEF(.AREA.,$,#10439);
#10442=IFCCARTESIANPOINT((0.02500000037252903,0.10250000178813934,0.02500000037252903));
#10443=IFCDIRECTION((0.,-1.,0.));
#10444=IFCDIRECTION((1.,0.,0.));
#10445=IFCAXIS2PLACEMENT3D(#10442,#10443,#10444);
#10446=IFCDIRECTION((0.,0.,-1.));
#10447=IFCEXTRUDEDAREASOLID(#10441,#10445,#10446,0.01);
#10449=IFCSHAPEREPRESENTATION(#11,'Body','SweptSolid',(#10416,#10427));
#10450=IFCSHAPEASPECT((#10449),'Lining',$,.T.,#10253);
#10451=IFCSHAPEREPRESENTATION(#11,'Body','SweptSolid',(#10438));
#10452=IFCSHAPEASPECT((#10451),'Framing',$,.T.,#10253);
#10453=IFCSHAPEREPRESENTATION(#11,'Body','SweptSolid',(#10447));
#10454=IFCSHAPEASPECT((#10453),'Glazing',$,.T.,#10253);
#10527=IFCCARTESIANPOINTLIST3D(((0.,0.,0.),(0.79577159881591797,0.,0.),(0.79577159881591797,0.,0.89999997615814209),(0.,0.,0.89999997615814209)));
#10528=IFCINDEXEDPOLYCURVE(#10527,(IFCLINEINDEX((1,2,3,4,1))),$);
#10529=IFCSHAPEREPRESENTATION(#18,'Profile','Curve3D',(#10528));
#10530=IFCCARTESIANPOINTLIST2D(((0.,0.),(0.79577159881591797,0.),(0.79577159881591797,0.89999997615814209),(0.,0.89999997615814209)));
#10531=IFCINDEXEDPOLYCURVE(#10530,(IFCLINEINDEX((1,2,3,4,1))),$);
#10532=IFCCARTESIANPOINTLIST2D(((0.02500000037252903,0.02500000037252903),(0.77077159844338894,0.02500000037252903),(0.77077159844338894,0.87499997578561306),(0.02500000037252903,0.87499997578561306)));
#10533=IFCINDEXEDPOLYCURVE(#10532,(IFCLINEINDEX((1,2,3,4,1))),$);
#10534=IFCARBITRARYPROFILEDEFWITHVOIDS(.AREA.,$,#10531,(#10533));
#10535=IFCCARTESIANPOINT((0.,0.090000001713633537,0.));
#10536=IFCDIRECTION((0.,-1.,0.));
#10537=IFCDIRECTION((1.,0.,0.));
#10538=IFCAXIS2PLACEMENT3D(#10535,#10536,#10537);
#10539=IFCDIRECTION((0.,0.,-1.));
#10540=IFCEXTRUDEDAREASOLID(#10534,#10538,#10539,0.0099999997764825821);
#10541=IFCCARTESIANPOINTLIST2D(((0.,0.),(0.79577159881591797,0.),(0.79577159881591797,0.89999997615814209),(0.,0.89999997615814209)));
#10542=IFCINDEXEDPOLYCURVE(#10541,(IFCLINEINDEX((1,2,3,4,1))),$);
#10543=IFCCARTESIANPOINTLIST2D(((0.05000000074505806,0.05000000074505806),(0.74577159807085991,0.05000000074505806),(0.74577159807085991,0.84999997541308403),(0.05000000074505806,0.84999997541308403)));
#10544=IFCINDEXEDPOLYCURVE(#10543,(IFCLINEINDEX((1,2,3,4,1))),$);
#10545=IFCARBITRARYPROFILEDEFWITHVOIDS(.AREA.,$,#10542,(#10544));
#10546=IFCCARTESIANPOINT((0.,0.05000000074505806,0.));
#10547=IFCDIRECTION((0.,-1.,0.));
#10548=IFCDIRECTION((1.,0.,0.));
#10549=IFCAXIS2PLACEMENT3D(#10546,#10547,#10548);
#10550=IFCDIRECTION((0.,0.,-1.));
#10551=IFCEXTRUDEDAREASOLID(#10545,#10549,#10550,0.040000000968575478);
#10552=IFCCARTESIANPOINTLIST2D(((0.,0.),(0.74577159807085991,0.),(0.74577159807085991,0.84999997541308403),(0.,0.84999997541308403)));
#10553=IFCINDEXEDPOLYCURVE(#10552,(IFCLINEINDEX((1,2,3,4,1))),$);
#10554=IFCCARTESIANPOINTLIST2D(((0.035000000149011612,0.035000000149011612),(0.7107715979218483,0.035000000149011612),(0.7107715979218483,0.81499997526407242),(0.035000000149011612,0.81499997526407242)));
#10555=IFCINDEXEDPOLYCURVE(#10554,(IFCLINEINDEX((1,2,3,4,1))),$);
#10556=IFCARBITRARYPROFILEDEFWITHVOIDS(.AREA.,$,#10553,(#10555));
#10557=IFCCARTESIANPOINT((0.02500000037252903,0.090000001713633537,0.02500000037252903));
#10558=IFCDIRECTION((0.,-1.,0.));
#10559=IFCDIRECTION((1.,0.,0.));
#10560=IFCAXIS2PLACEMENT3D(#10557,#10558,#10559);
#10561=IFCDIRECTION((0.,0.,-1.));
#10562=IFCEXTRUDEDAREASOLID(#10556,#10560,#10561,0.035000000149011612);
#10563=IFCINDEXEDPOLYCURVE(#10564,(IFCLINEINDEX((1,2,3,4,1))),$);
#10564=IFCCARTESIANPOINTLIST2D(((0.035000000149011612,0.035000000149011612),(0.7107715979218483,0.035000000149011612),(0.7107715979218483,0.81499997526407242),(0.035000000149011612,0.81499997526407242)));
#10565=IFCARBITRARYCLOSEDPROFILEDEF(.AREA.,$,#10563);
#10566=IFCCARTESIANPOINT((0.02500000037252903,0.10250000178813934,0.02500000037252903));
#10567=IFCDIRECTION((0.,-1.,0.));
#10568=IFCDIRECTION((1.,0.,0.));
#10569=IFCAXIS2PLACEMENT3D(#10566,#10567,#10568);
#10570=IFCDIRECTION((0.,0.,-1.));
#10571=IFCEXTRUDEDAREASOLID(#10565,#10569,#10570,0.01);
#10572=IFCSHAPEREPRESENTATION(#11,'Body','SweptSolid',(#10540,#10551,#10562,#10571));
#10573=IFCSHAPEREPRESENTATION(#11,'Body','SweptSolid',(#10540,#10551));
#10574=IFCSHAPEASPECT((#10573),'Lining',$,.T.,#10317);
#10575=IFCSHAPEREPRESENTATION(#11,'Body','SweptSolid',(#10562));
#10576=IFCSHAPEASPECT((#10575),'Framing',$,.T.,#10317);
#10577=IFCSHAPEREPRESENTATION(#11,'Body','SweptSolid',(#10571));
#10578=IFCSHAPEASPECT((#10577),'Glazing',$,.T.,#10317);
#10579=IFCCARTESIANPOINTLIST2D(((0.05000000074505806,0.05000000074505806),(0.74577159807085991,0.05000000074505806)));
#10580=IFCINDEXEDPOLYCURVE(#10579,$,$);
#10581=IFCCARTESIANPOINTLIST2D(((0.,0.10000000149011612),(0.02500000037252903,0.10000000149011612),(0.02500000037252903,0.090000001713633537),(0.05000000074505806,0.090000001713633537),(0.05000000074505806,0.05000000074505806),(0.,0.05000000074505806)));
#10582=IFCINDEXEDPOLYCURVE(#10581,(IFCLINEINDEX((1,2,3,4,5,6,1))),$);
#10583=IFCCARTESIANPOINTLIST2D(((0.79577159881591797,0.10000000149011612),(0.77077159844338894,0.10000000149011612),(0.77077159844338894,0.090000001713633537),(0.74577159807085991,0.090000001713633537),(0.74577159807085991,0.05000000074505806),(0.79577159881591797,0.05000000074505806)));
#10584=IFCINDEXEDPOLYCURVE(#10583,(IFCLINEINDEX((1,2,3,4,5,6,1))),$);
#10585=IFCCARTESIANPOINTLIST2D(((0.02500000037252903,0.090000001713633537),(0.060000000521540642,0.090000001713633537),(0.060000000521540642,0.12500000186264515),(0.02500000037252903,0.12500000186264515)));
#10586=IFCINDEXEDPOLYCURVE(#10585,(IFCLINEINDEX((1,2,3,4,1))),$);
#10587=IFCINDEXEDPOLYCURVE(#10588,(IFCLINEINDEX((1,2,3,4,1))),$);
#10588=IFCCARTESIANPOINTLIST2D(((0.77077159844338894,0.090000001713633537),(0.73577159829437733,0.090000001713633537),(0.73577159829437733,0.12500000186264515),(0.77077159844338894,0.12500000186264515)));
#10589=IFCCARTESIANPOINTLIST2D(((0.060000000521540642,0.090000001713633537),(0.73577159829437733,0.090000001713633537)));
#10590=IFCINDEXEDPOLYCURVE(#10589,$,$);
#10591=IFCINDEXEDPOLYCURVE(#10592,$,$);
#10592=IFCCARTESIANPOINTLIST2D(((0.060000000521540642,0.12500000186264515),(0.73577159829437733,0.12500000186264515)));
#10593=IFCINDEXEDPOLYCURVE(#10594,$,$);
#10594=IFCCARTESIANPOINTLIST2D(((0.060000000521540642,0.10750000178813934),(0.73577159829437733,0.10750000178813934)));
#10595=IFCSHAPEREPRESENTATION(#24,'Body','Curve2D',(#10580,#10582,#10584,#10586,#10587,#10590,#10591,#10593));
#10596=IFCCARTESIANPOINTLIST2D(((0.,0.),(0.79577159881591797,0.),(0.79577159881591797,0.89999997615814209),(0.,0.89999997615814209)));
#10597=IFCINDEXEDPOLYCURVE(#10596,(IFCLINEINDEX((1,2,3,4,1))),$);
#10598=IFCARBITRARYCLOSEDPROFILEDEF(.AREA.,$,#10597);
#10599=IFCCARTESIANPOINT((0.,-0.60000002384185791,0.));
#10600=IFCDIRECTION((0.,-1.,0.));
#10601=IFCDIRECTION((1.,0.,0.));
#10602=IFCAXIS2PLACEMENT3D(#10599,#10600,#10601);
#10603=IFCDIRECTION((0.,0.,-1.));
#10604=IFCEXTRUDEDAREASOLID(#10598,#10602,#10603,1.2);
#10605=IFCSHAPEREPRESENTATION(#11,'Body','SweptSolid',(#10604));
#10611=IFCCARTESIANPOINT((3.5901435114635891,6.8262603925006715E-07,1.));
#10612=IFCDIRECTION((0.,0.,1.));
#10613=IFCDIRECTION((0.99999999999999289,1.1920928244535129E-07,0.));
#10614=IFCAXIS2PLACEMENT3D(#10611,#10612,#10613);
#10615=IFCLOCALPLACEMENT(#7183,#10614);
#10616=IFCCARTESIANPOINT((-4.4408920985006262E-16,0.,0.));
#10617=IFCDIRECTION((0.,0.,1.));
#10618=IFCDIRECTION((1.,0.,0.));
#10619=IFCAXIS2PLACEMENT3D(#10616,#10617,#10618);
#10620=IFCLOCALPLACEMENT(#10615,#10619);
#10626=IFCCARTESIANPOINT((6.1449597574963679,1.4434170907406951E-06,1.));
#10627=IFCDIRECTION((0.,0.,1.));
#10628=IFCDIRECTION((0.99999999999999289,1.1920928244535129E-07,0.));
#10629=IFCAXIS2PLACEMENT3D(#10626,#10627,#10628);
#10630=IFCLOCALPLACEMENT(#7183,#10629);
#10631=IFCCARTESIANPOINT((1.1102230246251565E-15,0.,0.));
#10632=IFCDIRECTION((0.,0.,1.));
#10633=IFCDIRECTION((1.,0.,0.));
#10634=IFCAXIS2PLACEMENT3D(#10631,#10632,#10633);
#10635=IFCLOCALPLACEMENT(#10630,#10634);
#10636=IFCWINDOWTYPE('0_94O0vTHAeuIckoKvooxE',$,'Bedroom-1-2F',$,$,(#10637),(#10639,#10647,#10695),$,$,.WINDOW.,.SINGLE_PANEL.,$,$);
#10637=IFCPROPERTYSET('0Y5uD$gHHDhe45Ylxi4WJ7',$,'BBIM_Window',$,(#10638));
#10638=IFCPROPERTYSINGLEVALUE('Data',$,IFCTEXT('{"window_type": "SINGLE_PANEL", "overall_height": 0.8999999761581421, "overall_width": 0.7721952199935913, "lining_properties": {"lining_depth": 0.05000000074505806, "lining_thickness": 0.05000000074505806, "lining_offset": 0.05000000074505806, "lining_to_panel_offset_x": 0.02500000037252903, "lining_to_panel_offset_y": 0.02500000037252903}, "panel_properties": {"frame_depth": [0.03500000014901161, 0.03500000014901161, 0.03500000014901161], "frame_thickness": [0.03500000014901161, 0.03500000014901161, 0.03500000014901161]}}'),$);
#10639=IFCREPRESENTATIONMAP(#10640,#10799);
#10640=IFCAXIS2PLACEMENT3D(#10641,#10642,#10643);
#10641=IFCCARTESIANPOINT((0.,0.,0.));
#10642=IFCDIRECTION((0.,0.,1.));
#10643=IFCDIRECTION((1.,0.,0.));
#10647=IFCREPRESENTATIONMAP(#10648,#10842);
#10648=IFCAXIS2PLACEMENT3D(#10649,#10650,#10651);
#10649=IFCCARTESIANPOINT((0.,0.,0.));
#10650=IFCDIRECTION((0.,0.,1.));
#10651=IFCDIRECTION((1.,0.,0.));
#10695=IFCREPRESENTATIONMAP(#10696,#10865);
#10696=IFCAXIS2PLACEMENT3D(#10697,#10698,#10699);
#10697=IFCCARTESIANPOINT((0.,0.,0.));
#10698=IFCDIRECTION((0.,0.,1.));
#10699=IFCDIRECTION((1.,0.,0.));
#10717=IFCWINDOW('0aHByqY2TD8QUsGbovRIZw',$,'Window',$,$,#10890,#10726,$,0.89999997615814209,0.77219521999359131,$,.SINGLE_PANEL.,$);
#10718=IFCRELDEFINESBYTYPE('1BGzkr7a903g2vV5hRGlNo',$,$,$,(#10717),#10636);
#10719=IFCCARTESIANPOINT((0.,0.,0.));
#10720=IFCDIRECTION((1.,0.,0.));
#10721=IFCDIRECTION((0.,1.,0.));
#10722=IFCDIRECTION((0.,0.,1.));
#10723=IFCCARTESIANTRANSFORMATIONOPERATOR3D(#10720,#10721,#10719,1.,#10722);
#10724=IFCMAPPEDITEM(#10639,#10723);
#10725=IFCSHAPEREPRESENTATION(#18,'Profile','MappedRepresentation',(#10724));
#10726=IFCPRODUCTDEFINITIONSHAPE($,$,(#10725,#10733,#10740));
#10727=IFCCARTESIANPOINT((0.,0.,0.));
#10728=IFCDIRECTION((1.,0.,0.));
#10729=IFCDIRECTION((0.,1.,0.));
#10730=IFCDIRECTION((0.,0.,1.));
#10731=IFCCARTESIANTRANSFORMATIONOPERATOR3D(#10728,#10729,#10727,1.,#10730);
#10732=IFCMAPPEDITEM(#10647,#10731);
#10733=IFCSHAPEREPRESENTATION(#11,'Body','MappedRepresentation',(#10732));
#10734=IFCCARTESIANPOINT((0.,0.,0.));
#10735=IFCDIRECTION((1.,0.,0.));
#10736=IFCDIRECTION((0.,1.,0.));
#10737=IFCDIRECTION((0.,0.,1.));
#10738=IFCCARTESIANTRANSFORMATIONOPERATOR3D(#10735,#10736,#10734,1.,#10737);
#10739=IFCMAPPEDITEM(#10695,#10738);
#10740=IFCSHAPEREPRESENTATION(#24,'Body','MappedRepresentation',(#10739));
#10741=IFCOPENINGELEMENT('21Ta1lJiLAeQ2nqiXCYRZd',$,'Opening',$,$,#10885,#10769,$,.OPENING.);
#10757=IFCCARTESIANPOINT((0.,0.,0.));
#10758=IFCDIRECTION((1.,0.,0.));
#10759=IFCDIRECTION((0.,0.,1.));
#10760=IFCAXIS2PLACEMENT3D(#10757,#10759,#10758);
#10761=IFCREPRESENTATIONMAP(#10760,#10875);
#10762=IFCCARTESIANPOINT((0.,0.,0.));
#10763=IFCDIRECTION((1.,0.,0.));
#10764=IFCDIRECTION((0.,1.,0.));
#10765=IFCDIRECTION((0.,0.,1.));
#10766=IFCCARTESIANTRANSFORMATIONOPERATOR3D(#10763,#10764,#10762,1.,#10765);
#10767=IFCMAPPEDITEM(#10761,#10766);
#10768=IFCSHAPEREPRESENTATION(#11,'Body','MappedRepresentation',(#10767));
#10769=IFCPRODUCTDEFINITIONSHAPE($,$,(#10768));
#10770=IFCRELVOIDSELEMENT('0jVGJI8Db27uGX6bl5a$QG',$,$,$,#7076,#10741);
#10776=IFCRELFILLSELEMENT('1FbYTBZrj6NQkuCNSfNNwW',$,$,$,#10741,#10717);
#10797=IFCCARTESIANPOINTLIST3D(((0.,0.,0.),(0.77219521999359131,0.,0.),(0.77219521999359131,0.,0.89999997615814209),(0.,0.,0.89999997615814209)));
#10798=IFCINDEXEDPOLYCURVE(#10797,(IFCLINEINDEX((1,2,3,4,1))),$);
#10799=IFCSHAPEREPRESENTATION(#18,'Profile','Curve3D',(#10798));
#10800=IFCCARTESIANPOINTLIST2D(((0.,0.),(0.77219521999359131,0.),(0.77219521999359131,0.89999997615814209),(0.,0.89999997615814209)));
#10801=IFCINDEXEDPOLYCURVE(#10800,(IFCLINEINDEX((1,2,3,4,1))),$);
#10802=IFCCARTESIANPOINTLIST2D(((0.02500000037252903,0.02500000037252903),(0.74719521962106228,0.02500000037252903),(0.74719521962106228,0.87499997578561306),(0.02500000037252903,0.87499997578561306)));
#10803=IFCINDEXEDPOLYCURVE(#10802,(IFCLINEINDEX((1,2,3,4,1))),$);
#10804=IFCARBITRARYPROFILEDEFWITHVOIDS(.AREA.,$,#10801,(#10803));
#10805=IFCCARTESIANPOINT((0.,0.090000001713633537,0.));
#10806=IFCDIRECTION((0.,-1.,0.));
#10807=IFCDIRECTION((1.,0.,0.));
#10808=IFCAXIS2PLACEMENT3D(#10805,#10806,#10807);
#10809=IFCDIRECTION((0.,0.,-1.));
#10810=IFCEXTRUDEDAREASOLID(#10804,#10808,#10809,0.0099999997764825821);
#10811=IFCCARTESIANPOINTLIST2D(((0.,0.),(0.77219521999359131,0.),(0.77219521999359131,0.89999997615814209),(0.,0.89999997615814209)));
#10812=IFCINDEXEDPOLYCURVE(#10811,(IFCLINEINDEX((1,2,3,4,1))),$);
#10813=IFCCARTESIANPOINTLIST2D(((0.05000000074505806,0.05000000074505806),(0.72219521924853325,0.05000000074505806),(0.72219521924853325,0.84999997541308403),(0.05000000074505806,0.84999997541308403)));
#10814=IFCINDEXEDPOLYCURVE(#10813,(IFCLINEINDEX((1,2,3,4,1))),$);
#10815=IFCARBITRARYPROFILEDEFWITHVOIDS(.AREA.,$,#10812,(#10814));
#10816=IFCCARTESIANPOINT((0.,0.05000000074505806,0.));
#10817=IFCDIRECTION((0.,-1.,0.));
#10818=IFCDIRECTION((1.,0.,0.));
#10819=IFCAXIS2PLACEMENT3D(#10816,#10817,#10818);
#10820=IFCDIRECTION((0.,0.,-1.));
#10821=IFCEXTRUDEDAREASOLID(#10815,#10819,#10820,0.040000000968575478);
#10822=IFCCARTESIANPOINTLIST2D(((0.,0.),(0.72219521924853325,0.),(0.72219521924853325,0.84999997541308403),(0.,0.84999997541308403)));
#10823=IFCINDEXEDPOLYCURVE(#10822,(IFCLINEINDEX((1,2,3,4,1))),$);
#10824=IFCCARTESIANPOINTLIST2D(((0.035000000149011612,0.035000000149011612),(0.68719521909952164,0.035000000149011612),(0.68719521909952164,0.81499997526407242),(0.035000000149011612,0.81499997526407242)));
#10825=IFCINDEXEDPOLYCURVE(#10824,(IFCLINEINDEX((1,2,3,4,1))),$);
#10826=IFCARBITRARYPROFILEDEFWITHVOIDS(.AREA.,$,#10823,(#10825));
#10827=IFCCARTESIANPOINT((0.02500000037252903,0.090000001713633537,0.02500000037252903));
#10828=IFCDIRECTION((0.,-1.,0.));
#10829=IFCDIRECTION((1.,0.,0.));
#10830=IFCAXIS2PLACEMENT3D(#10827,#10828,#10829);
#10831=IFCDIRECTION((0.,0.,-1.));
#10832=IFCEXTRUDEDAREASOLID(#10826,#10830,#10831,0.035000000149011612);
#10833=IFCINDEXEDPOLYCURVE(#10834,(IFCLINEINDEX((1,2,3,4,1))),$);
#10834=IFCCARTESIANPOINTLIST2D(((0.035000000149011612,0.035000000149011612),(0.68719521909952164,0.035000000149011612),(0.68719521909952164,0.81499997526407242),(0.035000000149011612,0.81499997526407242)));
#10835=IFCARBITRARYCLOSEDPROFILEDEF(.AREA.,$,#10833);
#10836=IFCCARTESIANPOINT((0.02500000037252903,0.10250000178813934,0.02500000037252903));
#10837=IFCDIRECTION((0.,-1.,0.));
#10838=IFCDIRECTION((1.,0.,0.));
#10839=IFCAXIS2PLACEMENT3D(#10836,#10837,#10838);
#10840=IFCDIRECTION((0.,0.,-1.));
#10841=IFCEXTRUDEDAREASOLID(#10835,#10839,#10840,0.01);
#10842=IFCSHAPEREPRESENTATION(#11,'Body','SweptSolid',(#10810,#10821,#10832,#10841));
#10843=IFCSHAPEREPRESENTATION(#11,'Body','SweptSolid',(#10810,#10821));
#10844=IFCSHAPEASPECT((#10843),'Lining',$,.T.,#10726);
#10845=IFCSHAPEREPRESENTATION(#11,'Body','SweptSolid',(#10832));
#10846=IFCSHAPEASPECT((#10845),'Framing',$,.T.,#10726);
#10847=IFCSHAPEREPRESENTATION(#11,'Body','SweptSolid',(#10841));
#10848=IFCSHAPEASPECT((#10847),'Glazing',$,.T.,#10726);
#10849=IFCCARTESIANPOINTLIST2D(((0.05000000074505806,0.05000000074505806),(0.72219521924853325,0.05000000074505806)));
#10850=IFCINDEXEDPOLYCURVE(#10849,$,$);
#10851=IFCCARTESIANPOINTLIST2D(((0.,0.10000000149011612),(0.02500000037252903,0.10000000149011612),(0.02500000037252903,0.090000001713633537),(0.05000000074505806,0.090000001713633537),(0.05000000074505806,0.05000000074505806),(0.,0.05000000074505806)));
#10852=IFCINDEXEDPOLYCURVE(#10851,(IFCLINEINDEX((1,2,3,4,5,6,1))),$);
#10853=IFCCARTESIANPOINTLIST2D(((0.77219521999359131,0.10000000149011612),(0.74719521962106228,0.10000000149011612),(0.74719521962106228,0.090000001713633537),(0.72219521924853325,0.090000001713633537),(0.72219521924853325,0.05000000074505806),(0.77219521999359131,0.05000000074505806)));
#10854=IFCINDEXEDPOLYCURVE(#10853,(IFCLINEINDEX((1,2,3,4,5,6,1))),$);
#10855=IFCCARTESIANPOINTLIST2D(((0.02500000037252903,0.090000001713633537),(0.060000000521540642,0.090000001713633537),(0.060000000521540642,0.12500000186264515),(0.02500000037252903,0.12500000186264515)));
#10856=IFCINDEXEDPOLYCURVE(#10855,(IFCLINEINDEX((1,2,3,4,1))),$);
#10857=IFCINDEXEDPOLYCURVE(#10858,(IFCLINEINDEX((1,2,3,4,1))),$);
#10858=IFCCARTESIANPOINTLIST2D(((0.74719521962106228,0.090000001713633537),(0.71219521947205067,0.090000001713633537),(0.71219521947205067,0.12500000186264515),(0.74719521962106228,0.12500000186264515)));
#10859=IFCCARTESIANPOINTLIST2D(((0.060000000521540642,0.090000001713633537),(0.71219521947205067,0.090000001713633537)));
#10860=IFCINDEXEDPOLYCURVE(#10859,$,$);
#10861=IFCINDEXEDPOLYCURVE(#10862,$,$);
#10862=IFCCARTESIANPOINTLIST2D(((0.060000000521540642,0.12500000186264515),(0.71219521947205067,0.12500000186264515)));
#10863=IFCINDEXEDPOLYCURVE(#10864,$,$);
#10864=IFCCARTESIANPOINTLIST2D(((0.060000000521540642,0.10750000178813934),(0.71219521947205067,0.10750000178813934)));
#10865=IFCSHAPEREPRESENTATION(#24,'Body','Curve2D',(#10850,#10852,#10854,#10856,#10857,#10860,#10861,#10863));
#10866=IFCCARTESIANPOINTLIST2D(((0.,0.),(0.77219521999359131,0.),(0.77219521999359131,0.89999997615814209),(0.,0.89999997615814209)));
#10867=IFCINDEXEDPOLYCURVE(#10866,(IFCLINEINDEX((1,2,3,4,1))),$);
#10868=IFCARBITRARYCLOSEDPROFILEDEF(.AREA.,$,#10867);
#10869=IFCCARTESIANPOINT((0.,-0.60000002384185791,0.));
#10870=IFCDIRECTION((0.,-1.,0.));
#10871=IFCDIRECTION((1.,0.,0.));
#10872=IFCAXIS2PLACEMENT3D(#10869,#10870,#10871);
#10873=IFCDIRECTION((0.,0.,-1.));
#10874=IFCEXTRUDEDAREASOLID(#10868,#10872,#10873,1.2);
#10875=IFCSHAPEREPRESENTATION(#11,'Body','SweptSolid',(#10874));
#10881=IFCCARTESIANPOINT((1.5676079489483001,3.58486071050379E-07,1.));
#10882=IFCDIRECTION((0.,0.,1.));
#10883=IFCDIRECTION((0.99999999999999289,1.1920928244535129E-07,0.));
#10884=IFCAXIS2PLACEMENT3D(#10881,#10882,#10883);
#10885=IFCLOCALPLACEMENT(#7183,#10884);
#10886=IFCCARTESIANPOINT((4.4408920985006262E-16,0.,0.));
#10887=IFCDIRECTION((0.,0.,1.));
#10888=IFCDIRECTION((1.,0.,0.));
#10889=IFCAXIS2PLACEMENT3D(#10886,#10887,#10888);
#10890=IFCLOCALPLACEMENT(#10885,#10889);
#10891=IFCWINDOWTYPE('3BLVsKoBLFKwxz5NiU8Y2v',$,'Bedroom 1(2)-2F',$,$,(#10892),(#10894,#10902,#10988),$,$,.WINDOW.,.SINGLE_PANEL.,$,$);
#10892=IFCPROPERTYSET('1HfnlGO2z7DRDS20Mpm5A5',$,'BBIM_Window',$,(#10893));
#10893=IFCPROPERTYSINGLEVALUE('Data',$,IFCTEXT('{"window_type": "DOUBLE_PANEL_VERTICAL", "overall_height": 0.8999999761581421, "overall_width": 1.1945501565933228, "lining_properties": {"lining_depth": 0.05000000074505806, "lining_thickness": 0.05000000074505806, "lining_offset": 0.05000000074505806, "lining_to_panel_offset_x": 0.02500000037252903, "lining_to_panel_offset_y": 0.02500000037252903, "mullion_thickness": 0.05000000074505806, "first_mullion_offset": 0.6055521368980408}, "panel_properties": {"frame_depth": [0.03500000014901161, 0.03500000014901161, 0.03500000014901161], "frame_thickness": [0.03500000014901161, 0.03500000014901161, 0.03500000014901161]}}'),$);
#10894=IFCREPRESENTATIONMAP(#10895,#11108);
#10895=IFCAXIS2PLACEMENT3D(#10896,#10897,#10898);
#10896=IFCCARTESIANPOINT((0.,0.,0.));
#10897=IFCDIRECTION((0.,0.,1.));
#10898=IFCDIRECTION((1.,0.,0.));
#10902=IFCREPRESENTATIONMAP(#10903,#11189);
#10903=IFCAXIS2PLACEMENT3D(#10904,#10905,#10906);
#10904=IFCCARTESIANPOINT((0.,0.,0.));
#10905=IFCDIRECTION((0.,0.,1.));
#10906=IFCDIRECTION((1.,0.,0.));
#10988=IFCREPRESENTATIONMAP(#10989,#11228);
#10989=IFCAXIS2PLACEMENT3D(#10990,#10991,#10992);
#10990=IFCCARTESIANPOINT((0.,0.,0.));
#10991=IFCDIRECTION((0.,0.,1.));
#10992=IFCDIRECTION((1.,0.,0.));
#11026=IFCWINDOW('3WIcR2_D124Qocpp5Pnbzd',$,'Window',$,$,#11253,#11035,$,0.89999997615814209,1.1945501565933228,$,.DOUBLE_PANEL_VERTICAL.,$);
#11027=IFCRELDEFINESBYTYPE('0kFTf3WY9A$eGgenlcdfJD',$,$,$,(#11026),#10891);
#11028=IFCCARTESIANPOINT((0.,0.,0.));
#11029=IFCDIRECTION((1.,0.,0.));
#11030=IFCDIRECTION((0.,1.,0.));
#11031=IFCDIRECTION((0.,0.,1.));
#11032=IFCCARTESIANTRANSFORMATIONOPERATOR3D(#11029,#11030,#11028,1.,#11031);
#11033=IFCMAPPEDITEM(#10894,#11032);
#11034=IFCSHAPEREPRESENTATION(#18,'Profile','MappedRepresentation',(#11033));
#11035=IFCPRODUCTDEFINITIONSHAPE($,$,(#11034,#11042,#11049));
#11036=IFCCARTESIANPOINT((0.,0.,0.));
#11037=IFCDIRECTION((1.,0.,0.));
#11038=IFCDIRECTION((0.,1.,0.));
#11039=IFCDIRECTION((0.,0.,1.));
#11040=IFCCARTESIANTRANSFORMATIONOPERATOR3D(#11037,#11038,#11036,1.,#11039);
#11041=IFCMAPPEDITEM(#10902,#11040);
#11042=IFCSHAPEREPRESENTATION(#11,'Body','MappedRepresentation',(#11041));
#11043=IFCCARTESIANPOINT((0.,0.,0.));
#11044=IFCDIRECTION((1.,0.,0.));
#11045=IFCDIRECTION((0.,1.,0.));
#11046=IFCDIRECTION((0.,0.,1.));
#11047=IFCCARTESIANTRANSFORMATIONOPERATOR3D(#11044,#11045,#11043,1.,#11046);
#11048=IFCMAPPEDITEM(#10988,#11047);
#11049=IFCSHAPEREPRESENTATION(#24,'Body','MappedRepresentation',(#11048));
#11050=IFCOPENINGELEMENT('2zvVWSU5nE5Ry6VfgSUt5n',$,'Opening',$,$,#13091,#11078,$,.OPENING.);
#11066=IFCCARTESIANPOINT((0.,0.,0.));
#11067=IFCDIRECTION((1.,0.,0.));
#11068=IFCDIRECTION((0.,0.,1.));
#11069=IFCAXIS2PLACEMENT3D(#11066,#11068,#11067);
#11070=IFCREPRESENTATIONMAP(#11069,#11238);
#11071=IFCCARTESIANPOINT((0.,0.,0.));
#11072=IFCDIRECTION((1.,0.,0.));
#11073=IFCDIRECTION((0.,1.,0.));
#11074=IFCDIRECTION((0.,0.,1.));
#11075=IFCCARTESIANTRANSFORMATIONOPERATOR3D(#11072,#11073,#11071,1.,#11074);
#11076=IFCMAPPEDITEM(#11070,#11075);
#11077=IFCSHAPEREPRESENTATION(#11,'Body','MappedRepresentation',(#11076));
#11078=IFCPRODUCTDEFINITIONSHAPE($,$,(#11077));
#11079=IFCRELVOIDSELEMENT('0Sby2c$f1D3hguwvc4Xa9e',$,$,$,#7051,#11050);
#11085=IFCRELFILLSELEMENT('3qVXZ6KYb6aPzHv0SjQk57',$,$,$,#11050,#11026);
#11106=IFCCARTESIANPOINTLIST3D(((0.,0.,0.),(1.1945501565933228,0.,0.),(1.1945501565933228,0.,0.89999997615814209),(0.,0.,0.89999997615814209)));
#11107=IFCINDEXEDPOLYCURVE(#11106,(IFCLINEINDEX((1,2,3,4,1))),$);
#11108=IFCSHAPEREPRESENTATION(#18,'Profile','Curve3D',(#11107));
#11109=IFCCARTESIANPOINTLIST2D(((0.60555213689804077,0.),(0.,0.),(0.,0.89999997615814209),(0.60555213689804077,0.89999997615814209),(0.60555213689804077,0.87499997578561306),(0.02500000037252903,0.87499997578561306),(0.02500000037252903,0.02500000037252903),(0.60555213689804077,0.02500000037252903)));
#11110=IFCINDEXEDPOLYCURVE(#11109,(IFCLINEINDEX((1,2,3,4,5,6,7,8,1))),$);
#11111=IFCARBITRARYCLOSEDPROFILEDEF(.AREA.,$,#11110);
#11112=IFCCARTESIANPOINT((0.,0.090000001713633537,0.));
#11113=IFCDIRECTION((0.,-1.,0.));
#11114=IFCDIRECTION((1.,0.,0.));
#11115=IFCAXIS2PLACEMENT3D(#11112,#11113,#11114);
#11116=IFCDIRECTION((0.,0.,-1.));
#11117=IFCEXTRUDEDAREASOLID(#11111,#11115,#11116,0.0099999997764825821);
#11118=IFCCARTESIANPOINTLIST2D(((0.,0.),(0.60555213689804077,0.),(0.60555213689804077,0.89999997615814209),(0.,0.89999997615814209)));
#11119=IFCINDEXEDPOLYCURVE(#11118,(IFCLINEINDEX((1,2,3,4,1))),$);
#11120=IFCCARTESIANPOINTLIST2D(((0.05000000074505806,0.05000000074505806),(0.58055213652551174,0.05000000074505806),(0.58055213652551174,0.84999997541308403),(0.05000000074505806,0.84999997541308403)));
#11121=IFCINDEXEDPOLYCURVE(#11120,(IFCLINEINDEX((1,2,3,4,1))),$);
#11122=IFCARBITRARYPROFILEDEFWITHVOIDS(.AREA.,$,#11119,(#11121));
#11123=IFCCARTESIANPOINT((0.,0.05000000074505806,0.));
#11124=IFCDIRECTION((0.,-1.,0.));
#11125=IFCDIRECTION((1.,0.,0.));
#11126=IFCAXIS2PLACEMENT3D(#11123,#11124,#11125);
#11127=IFCDIRECTION((0.,0.,-1.));
#11128=IFCEXTRUDEDAREASOLID(#11122,#11126,#11127,0.040000000968575478);
#11129=IFCCARTESIANPOINTLIST2D(((0.,0.),(0.58055213652551174,0.),(0.58055213652551174,0.84999997541308403),(0.,0.84999997541308403)));
#11130=IFCINDEXEDPOLYCURVE(#11129,(IFCLINEINDEX((1,2,3,4,1))),$);
#11131=IFCCARTESIANPOINTLIST2D(((0.035000000149011612,0.035000000149011612),(0.54555213637650013,0.035000000149011612),(0.54555213637650013,0.81499997526407242),(0.035000000149011612,0.81499997526407242)));
#11132=IFCINDEXEDPOLYCURVE(#11131,(IFCLINEINDEX((1,2,3,4,1))),$);
#11133=IFCARBITRARYPROFILEDEFWITHVOIDS(.AREA.,$,#11130,(#11132));
#11134=IFCCARTESIANPOINT((0.02500000037252903,0.090000001713633537,0.02500000037252903));
#11135=IFCDIRECTION((0.,-1.,0.));
#11136=IFCDIRECTION((1.,0.,0.));
#11137=IFCAXIS2PLACEMENT3D(#11134,#11135,#11136);
#11138=IFCDIRECTION((0.,0.,-1.));
#11139=IFCEXTRUDEDAREASOLID(#11133,#11137,#11138,0.035000000149011612);
#11140=IFCINDEXEDPOLYCURVE(#11141,(IFCLINEINDEX((1,2,3,4,1))),$);
#11141=IFCCARTESIANPOINTLIST2D(((0.035000000149011612,0.035000000149011612),(0.54555213637650013,0.035000000149011612),(0.54555213637650013,0.81499997526407242),(0.035000000149011612,0.81499997526407242)));
#11142=IFCARBITRARYCLOSEDPROFILEDEF(.AREA.,$,#11140);
#11143=IFCCARTESIANPOINT((0.02500000037252903,0.10250000178813934,0.02500000037252903));
#11144=IFCDIRECTION((0.,-1.,0.));
#11145=IFCDIRECTION((1.,0.,0.));
#11146=IFCAXIS2PLACEMENT3D(#11143,#11144,#11145);
#11147=IFCDIRECTION((0.,0.,-1.));
#11148=IFCEXTRUDEDAREASOLID(#11142,#11146,#11147,0.01);
#11149=IFCCARTESIANPOINTLIST2D(((0.,0.89999997615814209),(0.58899801969528198,0.89999997615814209),(0.58899801969528198,0.),(0.,0.),(0.,0.02500000037252903),(0.56399801932275295,0.02500000037252903),(0.56399801932275295,0.87499997578561306),(0.,0.87499997578561306)));
#11150=IFCINDEXEDPOLYCURVE(#11149,(IFCLINEINDEX((1,2,3,4,5,6,7,8,1))),$);
#11151=IFCARBITRARYCLOSEDPROFILEDEF(.AREA.,$,#11150);
#11152=IFCCARTESIANPOINT((0.60555213689804077,0.090000001713633537,0.));
#11153=IFCDIRECTION((0.,-1.,0.));
#11154=IFCDIRECTION((1.,0.,0.));
#11155=IFCAXIS2PLACEMENT3D(#11152,#11153,#11154);
#11156=IFCDIRECTION((0.,0.,-1.));
#11157=IFCEXTRUDEDAREASOLID(#11151,#11155,#11156,0.0099999997764825821);
#11158=IFCCARTESIANPOINTLIST2D(((0.,0.),(0.58899801969528198,0.),(0.58899801969528198,0.89999997615814209),(0.,0.89999997615814209)));
#11159=IFCINDEXEDPOLYCURVE(#11158,(IFCLINEINDEX((1,2,3,4,1))),$);
#11160=IFCCARTESIANPOINTLIST2D(((0.02500000037252903,0.05000000074505806),(0.53899801895022392,0.05000000074505806),(0.53899801895022392,0.84999997541308403),(0.02500000037252903,0.84999997541308403)));
#11161=IFCINDEXEDPOLYCURVE(#11160,(IFCLINEINDEX((1,2,3,4,1))),$);
#11162=IFCARBITRARYPROFILEDEFWITHVOIDS(.AREA.,$,#11159,(#11161));
#11163=IFCCARTESIANPOINT((0.60555213689804077,0.05000000074505806,0.));
#11164=IFCDIRECTION((0.,-1.,0.));
#11165=IFCDIRECTION((1.,0.,0.));
#11166=IFCAXIS2PLACEMENT3D(#11163,#11164,#11165);
#11167=IFCDIRECTION((0.,0.,-1.));
#11168=IFCEXTRUDEDAREASOLID(#11162,#11166,#11167,0.040000000968575478);
#11169=IFCCARTESIANPOINTLIST2D(((0.,0.),(0.56399801932275295,0.),(0.56399801932275295,0.84999997541308403),(0.,0.84999997541308403)));
#11170=IFCINDEXEDPOLYCURVE(#11169,(IFCLINEINDEX((1,2,3,4,1))),$);
#11171=IFCCARTESIANPOINTLIST2D(((0.035000000149011612,0.035000000149011612),(0.52899801917374134,0.035000000149011612),(0.52899801917374134,0.81499997526407242),(0.035000000149011612,0.81499997526407242)));
#11172=IFCINDEXEDPOLYCURVE(#11171,(IFCLINEINDEX((1,2,3,4,1))),$);
#11173=IFCARBITRARYPROFILEDEFWITHVOIDS(.AREA.,$,#11170,(#11172));
#11174=IFCCARTESIANPOINT((0.60555213689804077,0.090000001713633537,0.02500000037252903));
#11175=IFCDIRECTION((0.,-1.,0.));
#11176=IFCDIRECTION((1.,0.,0.));
#11177=IFCAXIS2PLACEMENT3D(#11174,#11175,#11176);
#11178=IFCDIRECTION((0.,0.,-1.));
#11179=IFCEXTRUDEDAREASOLID(#11173,#11177,#11178,0.035000000149011612);
#11180=IFCINDEXEDPOLYCURVE(#11181,(IFCLINEINDEX((1,2,3,4,1))),$);
#11181=IFCCARTESIANPOINTLIST2D(((0.035000000149011612,0.035000000149011612),(0.52899801917374134,0.035000000149011612),(0.52899801917374134,0.81499997526407242),(0.035000000149011612,0.81499997526407242)));
#11182=IFCARBITRARYCLOSEDPROFILEDEF(.AREA.,$,#11180);
#11183=IFCCARTESIANPOINT((0.60555213689804077,0.10250000178813934,0.02500000037252903));
#11184=IFCDIRECTION((0.,-1.,0.));
#11185=IFCDIRECTION((1.,0.,0.));
#11186=IFCAXIS2PLACEMENT3D(#11183,#11184,#11185);
#11187=IFCDIRECTION((0.,0.,-1.));
#11188=IFCEXTRUDEDAREASOLID(#11182,#11186,#11187,0.01);
#11189=IFCSHAPEREPRESENTATION(#11,'Body','SweptSolid',(#11117,#11128,#11139,#11148,#11157,#11168,#11179,#11188));
#11190=IFCSHAPEREPRESENTATION(#11,'Body','SweptSolid',(#11117,#11128,#11157,#11168));
#11191=IFCSHAPEASPECT((#11190),'Lining',$,.T.,#11035);
#11192=IFCSHAPEREPRESENTATION(#11,'Body','SweptSolid',(#11139,#11179));
#11193=IFCSHAPEASPECT((#11192),'Framing',$,.T.,#11035);
#11194=IFCSHAPEREPRESENTATION(#11,'Body','SweptSolid',(#11148,#11188));
#11195=IFCSHAPEASPECT((#11194),'Glazing',$,.T.,#11035);
#11196=IFCCARTESIANPOINTLIST2D(((0.05000000074505806,0.05000000074505806),(0.58055213652551174,0.05000000074505806)));
#11197=IFCINDEXEDPOLYCURVE(#11196,$,$);
#11198=IFCCARTESIANPOINTLIST2D(((0.,0.10000000149011612),(0.02500000037252903,0.10000000149011612),(0.02500000037252903,0.090000001713633537),(0.05000000074505806,0.090000001713633537),(0.05000000074505806,0.05000000074505806),(0.,0.05000000074505806)));
#11199=IFCINDEXEDPOLYCURVE(#11198,(IFCLINEINDEX((1,2,3,4,5,6,1))),$);
#11200=IFCCARTESIANPOINTLIST2D(((0.60555213689804077,0.10000000149011612),(0.60555213689804077,0.10000000149011612),(0.60555213689804077,0.090000001713633537),(0.58055213652551174,0.090000001713633537),(0.58055213652551174,0.05000000074505806),(0.60555213689804077,0.05000000074505806)));
#11201=IFCINDEXEDPOLYCURVE(#11200,$,$);
#11202=IFCCARTESIANPOINTLIST2D(((0.02500000037252903,0.090000001713633537),(0.060000000521540642,0.090000001713633537),(0.060000000521540642,0.12500000186264515),(0.02500000037252903,0.12500000186264515)));
#11203=IFCINDEXEDPOLYCURVE(#11202,(IFCLINEINDEX((1,2,3,4,1))),$);
#11204=IFCINDEXEDPOLYCURVE(#11205,(IFCLINEINDEX((1,2,3,4,1))),$);
#11205=IFCCARTESIANPOINTLIST2D(((0.60555213689804077,0.090000001713633537),(0.57055213674902916,0.090000001713633537),(0.57055213674902916,0.12500000186264515),(0.60555213689804077,0.12500000186264515)));
#11206=IFCCARTESIANPOINTLIST2D(((0.060000000521540642,0.090000001713633537),(0.57055213674902916,0.090000001713633537)));
#11207=IFCINDEXEDPOLYCURVE(#11206,$,$);
#11208=IFCINDEXEDPOLYCURVE(#11209,$,$);
#11209=IFCCARTESIANPOINTLIST2D(((0.060000000521540642,0.12500000186264515),(0.57055213674902916,0.12500000186264515)));
#11210=IFCINDEXEDPOLYCURVE(#11211,$,$);
#11211=IFCCARTESIANPOINTLIST2D(((0.060000000521540642,0.10750000178813934),(0.57055213674902916,0.10750000178813934)));
#11212=IFCCARTESIANPOINTLIST2D(((0.6305521372705698,0.05000000074505806),(1.1445501558482647,0.05000000074505806)));
#11213=IFCINDEXEDPOLYCURVE(#11212,$,$);
#11214=IFCCARTESIANPOINTLIST2D(((0.60555213689804077,0.10000000149011612),(0.60555213689804077,0.10000000149011612),(0.60555213689804077,0.090000001713633537),(0.6305521372705698,0.090000001713633537),(0.6305521372705698,0.05000000074505806),(0.60555213689804077,0.05000000074505806)));
#11215=IFCINDEXEDPOLYCURVE(#11214,$,$);
#11216=IFCCARTESIANPOINTLIST2D(((1.1945501565933228,0.10000000149011612),(1.1695501562207937,0.10000000149011612),(1.1695501562207937,0.090000001713633537),(1.1445501558482647,0.090000001713633537),(1.1445501558482647,0.05000000074505806),(1.1945501565933228,0.05000000074505806)));
#11217=IFCINDEXEDPOLYCURVE(#11216,(IFCLINEINDEX((1,2,3,4,5,6,1))),$);
#11218=IFCCARTESIANPOINTLIST2D(((0.60555213689804077,0.090000001713633537),(0.64055213704705238,0.090000001713633537),(0.64055213704705238,0.12500000186264515),(0.60555213689804077,0.12500000186264515)));
#11219=IFCINDEXEDPOLYCURVE(#11218,(IFCLINEINDEX((1,2,3,4,1))),$);
#11220=IFCINDEXEDPOLYCURVE(#11221,(IFCLINEINDEX((1,2,3,4,1))),$);
#11221=IFCCARTESIANPOINTLIST2D(((1.1695501562207937,0.090000001713633537),(1.1345501560717821,0.090000001713633537),(1.1345501560717821,0.12500000186264515),(1.1695501562207937,0.12500000186264515)));
#11222=IFCCARTESIANPOINTLIST2D(((0.64055213704705238,0.090000001713633537),(1.1345501560717821,0.090000001713633537)));
#11223=IFCINDEXEDPOLYCURVE(#11222,$,$);
#11224=IFCINDEXEDPOLYCURVE(#11225,$,$);
#11225=IFCCARTESIANPOINTLIST2D(((0.64055213704705238,0.12500000186264515),(1.1345501560717821,0.12500000186264515)));
#11226=IFCINDEXEDPOLYCURVE(#11227,$,$);
#11227=IFCCARTESIANPOINTLIST2D(((0.64055213704705238,0.10750000178813934),(1.1345501560717821,0.10750000178813934)));
#11228=IFCSHAPEREPRESENTATION(#24,'Body','Curve2D',(#11197,#11199,#11201,#11203,#11204,#11207,#11208,#11210,#11213,#11215,#11217,#11219,#11220,#11223,#11224,#11226));
#11229=IFCCARTESIANPOINTLIST2D(((0.,0.),(1.1945501565933228,0.),(1.1945501565933228,0.89999997615814209),(0.,0.89999997615814209)));
#11230=IFCINDEXEDPOLYCURVE(#11229,(IFCLINEINDEX((1,2,3,4,1))),$);
#11231=IFCARBITRARYCLOSEDPROFILEDEF(.AREA.,$,#11230);
#11232=IFCCARTESIANPOINT((0.,-0.60000002384185791,0.));
#11233=IFCDIRECTION((0.,-1.,0.));
#11234=IFCDIRECTION((1.,0.,0.));
#11235=IFCAXIS2PLACEMENT3D(#11232,#11233,#11234);
#11236=IFCDIRECTION((0.,0.,-1.));
#11237=IFCEXTRUDEDAREASOLID(#11231,#11235,#11236,1.2);
#11238=IFCSHAPEREPRESENTATION(#11,'Body','SweptSolid',(#11237));
#11249=IFCCARTESIANPOINT((5.5511151231257827E-17,-8.8817841970012523E-16,0.));
#11250=IFCDIRECTION((0.,0.,1.));
#11251=IFCDIRECTION((1.,-5.2939559203393771E-23,0.));
#11252=IFCAXIS2PLACEMENT3D(#11249,#11250,#11251);
#11253=IFCLOCALPLACEMENT(#13091,#11252);
#11254=IFCWINDOWTYPE('0JMKZaPlL7QxVJkSJoGciD',$,'T&B-2F',$,$,(#11255),(#11257,#11265,#11313),$,$,.WINDOW.,.SINGLE_PANEL.,$,$);
#11255=IFCPROPERTYSET('2j6zob5aD9LArwIjSypQY9',$,'BBIM_Window',$,(#11256));
#11256=IFCPROPERTYSINGLEVALUE('Data',$,IFCTEXT('{"window_type": "SINGLE_PANEL", "overall_height": 0.8999999761581421, "overall_width": 0.657680869102478, "lining_properties": {"lining_depth": 0.05000000074505806, "lining_thickness": 0.05000000074505806, "lining_offset": 0.05000000074505806, "lining_to_panel_offset_x": 0.02500000037252903, "lining_to_panel_offset_y": 0.02500000037252903}, "panel_properties": {"frame_depth": [0.03500000014901161, 0.03500000014901161, 0.03500000014901161], "frame_thickness": [0.03500000014901161, 0.03500000014901161, 0.03500000014901161]}}'),$);
#11257=IFCREPRESENTATIONMAP(#11258,#11417);
#11258=IFCAXIS2PLACEMENT3D(#11259,#11260,#11261);
#11259=IFCCARTESIANPOINT((0.,0.,0.));
#11260=IFCDIRECTION((0.,0.,1.));
#11261=IFCDIRECTION((1.,0.,0.));
#11265=IFCREPRESENTATIONMAP(#11266,#11460);
#11266=IFCAXIS2PLACEMENT3D(#11267,#11268,#11269);
#11267=IFCCARTESIANPOINT((0.,0.,0.));
#11268=IFCDIRECTION((0.,0.,1.));
#11269=IFCDIRECTION((1.,0.,0.));
#11313=IFCREPRESENTATIONMAP(#11314,#11483);
#11314=IFCAXIS2PLACEMENT3D(#11315,#11316,#11317);
#11315=IFCCARTESIANPOINT((0.,0.,0.));
#11316=IFCDIRECTION((0.,0.,1.));
#11317=IFCDIRECTION((1.,0.,0.));
#11415=IFCCARTESIANPOINTLIST3D(((0.,0.,0.),(0.65768086910247803,0.,0.),(0.65768086910247803,0.,0.89999997615814209),(0.,0.,0.89999997615814209)));
#11416=IFCINDEXEDPOLYCURVE(#11415,(IFCLINEINDEX((1,2,3,4,1))),$);
#11417=IFCSHAPEREPRESENTATION(#18,'Profile','Curve3D',(#11416));
#11418=IFCCARTESIANPOINTLIST2D(((0.,0.),(0.65768086910247803,0.),(0.65768086910247803,0.89999997615814209),(0.,0.89999997615814209)));
#11419=IFCINDEXEDPOLYCURVE(#11418,(IFCLINEINDEX((1,2,3,4,1))),$);
#11420=IFCCARTESIANPOINTLIST2D(((0.02500000037252903,0.02500000037252903),(0.632680868729949,0.02500000037252903),(0.632680868729949,0.87499997578561306),(0.02500000037252903,0.87499997578561306)));
#11421=IFCINDEXEDPOLYCURVE(#11420,(IFCLINEINDEX((1,2,3,4,1))),$);
#11422=IFCARBITRARYPROFILEDEFWITHVOIDS(.AREA.,$,#11419,(#11421));
#11423=IFCCARTESIANPOINT((0.,0.090000001713633537,0.));
#11424=IFCDIRECTION((0.,-1.,0.));
#11425=IFCDIRECTION((1.,0.,0.));
#11426=IFCAXIS2PLACEMENT3D(#11423,#11424,#11425);
#11427=IFCDIRECTION((0.,0.,-1.));
#11428=IFCEXTRUDEDAREASOLID(#11422,#11426,#11427,0.0099999997764825821);
#11429=IFCCARTESIANPOINTLIST2D(((0.,0.),(0.65768086910247803,0.),(0.65768086910247803,0.89999997615814209),(0.,0.89999997615814209)));
#11430=IFCINDEXEDPOLYCURVE(#11429,(IFCLINEINDEX((1,2,3,4,1))),$);
#11431=IFCCARTESIANPOINTLIST2D(((0.05000000074505806,0.05000000074505806),(0.60768086835741997,0.05000000074505806),(0.60768086835741997,0.84999997541308403),(0.05000000074505806,0.84999997541308403)));
#11432=IFCINDEXEDPOLYCURVE(#11431,(IFCLINEINDEX((1,2,3,4,1))),$);
#11433=IFCARBITRARYPROFILEDEFWITHVOIDS(.AREA.,$,#11430,(#11432));
#11434=IFCCARTESIANPOINT((0.,0.05000000074505806,0.));
#11435=IFCDIRECTION((0.,-1.,0.));
#11436=IFCDIRECTION((1.,0.,0.));
#11437=IFCAXIS2PLACEMENT3D(#11434,#11435,#11436);
#11438=IFCDIRECTION((0.,0.,-1.));
#11439=IFCEXTRUDEDAREASOLID(#11433,#11437,#11438,0.040000000968575478);
#11440=IFCCARTESIANPOINTLIST2D(((0.,0.),(0.60768086835741997,0.),(0.60768086835741997,0.84999997541308403),(0.,0.84999997541308403)));
#11441=IFCINDEXEDPOLYCURVE(#11440,(IFCLINEINDEX((1,2,3,4,1))),$);
#11442=IFCCARTESIANPOINTLIST2D(((0.035000000149011612,0.035000000149011612),(0.57268086820840836,0.035000000149011612),(0.57268086820840836,0.81499997526407242),(0.035000000149011612,0.81499997526407242)));
#11443=IFCINDEXEDPOLYCURVE(#11442,(IFCLINEINDEX((1,2,3,4,1))),$);
#11444=IFCARBITRARYPROFILEDEFWITHVOIDS(.AREA.,$,#11441,(#11443));
#11445=IFCCARTESIANPOINT((0.02500000037252903,0.090000001713633537,0.02500000037252903));
#11446=IFCDIRECTION((0.,-1.,0.));
#11447=IFCDIRECTION((1.,0.,0.));
#11448=IFCAXIS2PLACEMENT3D(#11445,#11446,#11447);
#11449=IFCDIRECTION((0.,0.,-1.));
#11450=IFCEXTRUDEDAREASOLID(#11444,#11448,#11449,0.035000000149011612);
#11451=IFCINDEXEDPOLYCURVE(#11452,(IFCLINEINDEX((1,2,3,4,1))),$);
#11452=IFCCARTESIANPOINTLIST2D(((0.035000000149011612,0.035000000149011612),(0.57268086820840836,0.035000000149011612),(0.57268086820840836,0.81499997526407242),(0.035000000149011612,0.81499997526407242)));
#11453=IFCARBITRARYCLOSEDPROFILEDEF(.AREA.,$,#11451);
#11454=IFCCARTESIANPOINT((0.02500000037252903,0.10250000178813934,0.02500000037252903));
#11455=IFCDIRECTION((0.,-1.,0.));
#11456=IFCDIRECTION((1.,0.,0.));
#11457=IFCAXIS2PLACEMENT3D(#11454,#11455,#11456);
#11458=IFCDIRECTION((0.,0.,-1.));
#11459=IFCEXTRUDEDAREASOLID(#11453,#11457,#11458,0.01);
#11460=IFCSHAPEREPRESENTATION(#11,'Body','SweptSolid',(#11428,#11439,#11450,#11459));
#11467=IFCCARTESIANPOINTLIST2D(((0.05000000074505806,0.05000000074505806),(0.60768086835741997,0.05000000074505806)));
#11468=IFCINDEXEDPOLYCURVE(#11467,$,$);
#11469=IFCCARTESIANPOINTLIST2D(((0.,0.10000000149011612),(0.02500000037252903,0.10000000149011612),(0.02500000037252903,0.090000001713633537),(0.05000000074505806,0.090000001713633537),(0.05000000074505806,0.05000000074505806),(0.,0.05000000074505806)));
#11470=IFCINDEXEDPOLYCURVE(#11469,(IFCLINEINDEX((1,2,3,4,5,6,1))),$);
#11471=IFCCARTESIANPOINTLIST2D(((0.65768086910247803,0.10000000149011612),(0.632680868729949,0.10000000149011612),(0.632680868729949,0.090000001713633537),(0.60768086835741997,0.090000001713633537),(0.60768086835741997,0.05000000074505806),(0.65768086910247803,0.05000000074505806)));
#11472=IFCINDEXEDPOLYCURVE(#11471,(IFCLINEINDEX((1,2,3,4,5,6,1))),$);
#11473=IFCCARTESIANPOINTLIST2D(((0.02500000037252903,0.090000001713633537),(0.060000000521540642,0.090000001713633537),(0.060000000521540642,0.12500000186264515),(0.02500000037252903,0.12500000186264515)));
#11474=IFCINDEXEDPOLYCURVE(#11473,(IFCLINEINDEX((1,2,3,4,1))),$);
#11475=IFCINDEXEDPOLYCURVE(#11476,(IFCLINEINDEX((1,2,3,4,1))),$);
#11476=IFCCARTESIANPOINTLIST2D(((0.632680868729949,0.090000001713633537),(0.59768086858093739,0.090000001713633537),(0.59768086858093739,0.12500000186264515),(0.632680868729949,0.12500000186264515)));
#11477=IFCCARTESIANPOINTLIST2D(((0.060000000521540642,0.090000001713633537),(0.59768086858093739,0.090000001713633537)));
#11478=IFCINDEXEDPOLYCURVE(#11477,$,$);
#11479=IFCINDEXEDPOLYCURVE(#11480,$,$);
#11480=IFCCARTESIANPOINTLIST2D(((0.060000000521540642,0.12500000186264515),(0.59768086858093739,0.12500000186264515)));
#11481=IFCINDEXEDPOLYCURVE(#11482,$,$);
#11482=IFCCARTESIANPOINTLIST2D(((0.060000000521540642,0.10750000178813934),(0.59768086858093739,0.10750000178813934)));
#11483=IFCSHAPEREPRESENTATION(#24,'Body','Curve2D',(#11468,#11470,#11472,#11474,#11475,#11478,#11479,#11481));
#11509=IFCSLABTYPE('38NibTcqzDB9uug2stndXN',$,'Slab-2F',$,$,(#11510),$,$,$,.FLOOR.);
#11510=IFCPROPERTYSET('29ZVgW9yj9c9HGOy6n5QVO',$,'EPset_Parametric',$,(#11511));
#11511=IFCPROPERTYSINGLEVALUE('LayerSetDirection',$,IFCLABEL('AXIS3'),$);
#11512=IFCRELASSOCIATESMATERIAL('0YaV9GaMDFQuDRqGUFHM9N',$,$,$,(#11509),#11513);
#11513=IFCMATERIALLAYERSET((#11514),$,$);
#11514=IFCMATERIALLAYER(#81,0.10000000000000001,$,$,$,$,$);
#11527=IFCBUILDINGSTOREY('3vbP5OpjzDGuLU$IjrQRgV',$,'Ceilings',$,$,#11547,$,$,$,$);
#11543=IFCCARTESIANPOINT((0.,0.,6.));
#11544=IFCDIRECTION((0.,0.,1.));
#11545=IFCDIRECTION((1.,0.,0.));
#11546=IFCAXIS2PLACEMENT3D(#11543,#11544,#11545);
#11547=IFCLOCALPLACEMENT(#56,#11546);
#11638=IFCCARTESIANPOINTLIST3D(((0.,0.,0.),(1.2191790342330933,0.,0.),(1.2191790342330933,0.,2.),(0.,0.,2.)));
#11639=IFCINDEXEDPOLYCURVE(#11638,(IFCLINEINDEX((1,2,3,4,1))),$);
#11640=IFCSHAPEREPRESENTATION(#18,'Profile','Curve3D',(#11639));
#11641=IFCCARTESIANPOINTLIST2D(((0.,0.),(0.,2.),(1.2191790342330933,2.),(1.2191790342330933,0.),(1.1691790334880352,0.),(1.1691790334880352,1.9499999992549419),(0.05000000074505806,1.9499999992549419),(0.05000000074505806,0.)));
#11642=IFCINDEXEDPOLYCURVE(#11641,(IFCLINEINDEX((1,2,3,4,5,6,7,8,1))),$);
#11643=IFCARBITRARYCLOSEDPROFILEDEF(.AREA.,$,#11642);
#11644=IFCCARTESIANPOINT((0.,0.,0.));
#11645=IFCDIRECTION((0.,-1.,0.));
#11646=IFCDIRECTION((1.,0.,0.));
#11647=IFCAXIS2PLACEMENT3D(#11644,#11645,#11646);
#11648=IFCDIRECTION((0.,0.,-1.));
#11649=IFCEXTRUDEDAREASOLID(#11643,#11647,#11648,0.11558942496776581);
#11650=IFCCARTESIANPOINTLIST2D(((0.,0.),(1.1191790327429771,0.),(1.1191790327429771,0.10000000149011612),(0.,0.10000000149011612)));
#11651=IFCINDEXEDPOLYCURVE(#11650,(IFCLINEINDEX((1,2,3,4,1))),$);
#11652=IFCARBITRARYCLOSEDPROFILEDEF(.AREA.,$,#11651);
#11653=IFCCARTESIANPOINT((0.05000000074505806,0.,0.));
#11654=IFCDIRECTION((0.,0.,1.));
#11655=IFCDIRECTION((1.,0.,0.));
#11656=IFCAXIS2PLACEMENT3D(#11653,#11654,#11655);
#11657=IFCDIRECTION((0.,0.,1.));
#11658=IFCEXTRUDEDAREASOLID(#11652,#11656,#11657,0.02500000037252903);
#11659=IFCCARTESIANPOINTLIST2D(((0.,0.),(0.,2.0250000022351742),(1.2691790387034416,2.0250000022351742),(1.2691790387034416,0.),(1.1941790357232094,0.),(1.1941790357232094,1.9499999992549419),(0.075000002980232239,1.9499999992549419),(0.075000002980232239,0.)));
#11660=IFCINDEXEDPOLYCURVE(#11659,(IFCLINEINDEX((1,2,3,4,5,6,7,8,1))),$);
#11661=IFCARBITRARYCLOSEDPROFILEDEF(.AREA.,$,#11660);
#11662=IFCCARTESIANPOINT((-0.025000002235174179,-0.004999999888241291,0.));
#11663=IFCDIRECTION((0.,-1.,0.));
#11664=IFCDIRECTION((1.,0.,0.));
#11665=IFCAXIS2PLACEMENT3D(#11662,#11663,#11664);
#11666=IFCDIRECTION((0.,0.,-1.));
#11667=IFCEXTRUDEDAREASOLID(#11661,#11665,#11666,0.004999999888241291);
#11668=IFCCARTESIANPOINTLIST2D(((0.,0.),(0.,2.0250000022351742),(1.2691790387034416,2.0250000022351742),(1.2691790387034416,0.),(1.1941790357232094,0.),(1.1941790357232094,1.9499999992549419),(0.075000002980232239,1.9499999992549419),(0.075000002980232239,0.)));
#11669=IFCINDEXEDPOLYCURVE(#11668,(IFCLINEINDEX((1,2,3,4,5,6,7,8,1))),$);
#11670=IFCARBITRARYCLOSEDPROFILEDEF(.AREA.,$,#11669);
#11671=IFCCARTESIANPOINT((-0.025000002235174179,0.11558942496776581,0.));
#11672=IFCDIRECTION((0.,-1.,0.));
#11673=IFCDIRECTION((1.,0.,0.));
#11674=IFCAXIS2PLACEMENT3D(#11671,#11672,#11673);
#11675=IFCDIRECTION((0.,0.,-1.));
#11676=IFCEXTRUDEDAREASOLID(#11670,#11674,#11675,0.004999999888241291);
#11677=IFCCARTESIANPOINTLIST2D(((0.,0.),(1.1191790327429771,0.),(1.1191790327429771,0.066074997186660767),(0.,0.066074997186660767)));
#11678=IFCINDEXEDPOLYCURVE(#11677,(IFCLINEINDEX((1,2,3,4,1))),$);
#11679=IFCARBITRARYCLOSEDPROFILEDEF(.AREA.,$,#11678);
#11680=IFCCARTESIANPOINT((0.05000000074505806,-0.066074997186660767,0.02500000037252903));
#11681=IFCDIRECTION((0.,0.,1.));
#11682=IFCDIRECTION((1.,0.,0.));
#11683=IFCAXIS2PLACEMENT3D(#11680,#11681,#11682);
#11684=IFCDIRECTION((0.,0.,1.));
#11685=IFCEXTRUDEDAREASOLID(#11679,#11683,#11684,1.9249999988824129);
#11686=IFCCARTESIANPOINTLIST2D(((0.,0.),(0.,-0.040000000000000008),(-0.11999999999999988,-0.040000000000000008),(-0.11999999999999988,-0.020000000000000004),(-0.020000000000000018,-0.020000000000000004),(-0.020000000000000018,0.)));
#11687=IFCINDEXEDPOLYCURVE(#11686,(IFCLINEINDEX((1,2,3,4,5,6,1))),$);
#11688=IFCARBITRARYCLOSEDPROFILEDEF(.AREA.,$,#11687);
#11689=IFCCARTESIANPOINT((1.1191790334880352,-0.066074997186660767,1.015000000372529));
#11690=IFCDIRECTION((0.,0.,1.));
#11691=IFCDIRECTION((1.,0.,0.));
#11692=IFCAXIS2PLACEMENT3D(#11689,#11690,#11691);
#11693=IFCDIRECTION((0.,0.,1.));
#11694=IFCEXTRUDEDAREASOLID(#11688,#11692,#11693,0.02);
#11695=IFCEXTRUDEDAREASOLID(#11696,#11699,#11703,0.02);
#11696=IFCARBITRARYCLOSEDPROFILEDEF(.AREA.,$,#11697);
#11697=IFCINDEXEDPOLYCURVE(#11698,(IFCLINEINDEX((1,2,3,4,5,6,1))),$);
#11698=IFCCARTESIANPOINTLIST2D(((0.,0.),(0.,0.040000000000000008),(-0.11999999999999988,0.040000000000000008),(-0.11999999999999988,0.020000000000000004),(-0.020000000000000018,0.020000000000000004),(-0.020000000000000018,0.)));
#11699=IFCAXIS2PLACEMENT3D(#11700,#11701,#11702);
#11700=IFCCARTESIANPOINT((1.1191790334880352,0.,1.015000000372529));
#11701=IFCDIRECTION((0.,0.,1.));
#11702=IFCDIRECTION((1.,0.,0.));
#11703=IFCDIRECTION((0.,0.,1.));
#11704=IFCSHAPEREPRESENTATION(#11,'Body','SweptSolid',(#11649,#11685,#11694,#11695,#11658,#11667,#11676));
#11705=IFCSHAPEREPRESENTATION(#11,'Body','SweptSolid',(#11649,#11658,#11667,#11676));
#11706=IFCSHAPEASPECT((#11705),'Lining',$,.T.,#4179);
#11707=IFCSHAPEREPRESENTATION(#11,'Body','SweptSolid',(#11685,#11694,#11695));
#11708=IFCSHAPEASPECT((#11707),'Framing',$,.T.,#4179);
#11709=IFCCARTESIANPOINTLIST2D(((0.,0.),(0.05000000074505806,0.),(0.05000000074505806,0.11558942496776581),(0.,0.11558942496776581)));
#11710=IFCINDEXEDPOLYCURVE(#11709,(IFCLINEINDEX((1,2,3,4,1))),$);
#11711=IFCINDEXEDPOLYCURVE(#11712,(IFCLINEINDEX((1,2,3,4,1))),$);
#11712=IFCCARTESIANPOINTLIST2D(((1.2191790342330933,0.),(1.1691790334880352,0.),(1.1691790334880352,0.11558942496776581),(1.2191790342330933,0.11558942496776581)));
#11713=IFCCARTESIANPOINTLIST2D(((-0.50958951562643051,-0.066074997186660767),(0.60958951711654663,-0.066074997186660767),(0.60958951711654663,0.),(-0.50958951562643051,0.)));
#11714=IFCINDEXEDPOLYCURVE(#11713,(IFCLINEINDEX((1,2,3,4,1))),$);
#11715=IFCSHAPEREPRESENTATION(#24,'Body','Curve2D',(#11710,#11711,#11714));
#11716=IFCCARTESIANPOINTLIST2D(((0.44171266220510003,-0.1126624253051145),(0.77746637202799318,-0.1126624253051145)));
#11717=IFCINDEXEDPOLYCURVE(#11716,$,$);
#11718=IFCCARTESIANPOINTLIST2D(((0.4717126622051,-0.081604139892812011),(0.44171266220510003,-0.1126624253051145),(0.4717126622051,-0.14372071071741699)));
#11719=IFCINDEXEDPOLYCURVE(#11718,$,$);
#11720=IFCSHAPEREPRESENTATION(#25,'Annotation','Curve2D',(#11717,#11719));
#11721=IFCCARTESIANPOINT((0.,0.,0.));
#11722=IFCDIRECTION((1.,0.,0.));
#11723=IFCDIRECTION((0.,0.,1.));
#11724=IFCAXIS2PLACEMENT3D(#11721,#11723,#11722);
#11725=IFCREPRESENTATIONMAP(#11724,#11720);
#11726=IFCCARTESIANPOINT((0.,0.,0.));
#11727=IFCDIRECTION((1.,0.,0.));
#11728=IFCDIRECTION((0.,1.,0.));
#11729=IFCDIRECTION((0.,0.,1.));
#11730=IFCCARTESIANTRANSFORMATIONOPERATOR3D(#11727,#11728,#11726,1.,#11729);
#11731=IFCMAPPEDITEM(#11725,#11730);
#11732=IFCSHAPEREPRESENTATION(#25,'Annotation','MappedRepresentation',(#11731));
#11733=IFCCARTESIANPOINTLIST2D(((0.,0.),(1.2191790342330933,0.),(1.2191790342330933,2.),(0.,2.)));
#11734=IFCINDEXEDPOLYCURVE(#11733,(IFCLINEINDEX((1,2,3,4,1))),$);
#11735=IFCARBITRARYCLOSEDPROFILEDEF(.AREA.,$,#11734);
#11736=IFCCARTESIANPOINT((0.,-0.60000002384185791,0.));
#11737=IFCDIRECTION((0.,-1.,0.));
#11738=IFCDIRECTION((1.,0.,0.));
#11739=IFCAXIS2PLACEMENT3D(#11736,#11737,#11738);
#11740=IFCDIRECTION((0.,0.,-1.));
#11741=IFCEXTRUDEDAREASOLID(#11735,#11739,#11740,1.2);
#11742=IFCSHAPEREPRESENTATION(#11,'Body','SweptSolid',(#11741));
#11763=IFCCARTESIANPOINT((0.3868837053620367,0.037484319664360388,0.));
#11764=IFCDIRECTION((0.,0.,1.));
#11765=IFCDIRECTION((0.99999999999442934,-3.337860221085274E-06,0.));
#11766=IFCAXIS2PLACEMENT3D(#11763,#11764,#11765);
#11767=IFCLOCALPLACEMENT(#1709,#11766);
#11788=IFCCARTESIANPOINT((2.3841769047905359E-07,2.3841946772407141E-07,0.));
#11789=IFCDIRECTION((0.,0.,1.));
#11790=IFCDIRECTION((0.99999999999997158,-2.384183517243562E-07,0.));
#11791=IFCAXIS2PLACEMENT3D(#11788,#11789,#11790);
#11792=IFCLOCALPLACEMENT(#11767,#11791);
#11936=IFCCARTESIANPOINT((0.32558995485305786,-2.2167811393737793,0.));
#11937=IFCDIRECTION((0.,0.,1.));
#11938=IFCDIRECTION((3.1391647326016301E-07,0.99999999999995071,0.));
#11939=IFCAXIS2PLACEMENT3D(#11936,#11937,#11938);
#11940=IFCLOCALPLACEMENT(#6485,#11939);
#11946=IFCRELCONNECTSPATHELEMENTS('1k4v8g3On3UvdRAEcoTCwu',$,$,$,$,#7589,#7272,(),(),.ATPATH.,.ATEND.);
#11947=IFCCARTESIANPOINTLIST2D(((0.,0.),(0.,0.10000000000000001),(3.7999990968755868,0.10000000000000001),(3.799999050384359,0.)));
#11948=IFCINDEXEDPOLYCURVE(#11947,(IFCLINEINDEX((1,2,3,4,1))),$);
#11949=IFCARBITRARYCLOSEDPROFILEDEF(.AREA.,$,#11948);
#11950=IFCCARTESIANPOINT((0.,0.,0.));
#11951=IFCDIRECTION((0.,0.,1.));
#11952=IFCDIRECTION((1.,0.,0.));
#11953=IFCAXIS2PLACEMENT3D(#11950,#11951,#11952);
#11954=IFCDIRECTION((0.,0.,1.));
#11955=IFCEXTRUDEDAREASOLID(#11949,#11953,#11954,3.);
#11956=IFCSHAPEREPRESENTATION(#11,'Body','SweptSolid',(#11955));
#11957=IFCCARTESIANPOINTLIST2D(((0.,0.),(3.799999050384359,0.)));
#11958=IFCINDEXEDPOLYCURVE(#11957,$,$);
#11959=IFCSHAPEREPRESENTATION(#23,'Axis','Curve2D',(#11958));
#12000=IFCRELCONNECTSPATHELEMENTS('0XWTL4hxD3_OTKXYbVT2So',$,$,$,$,#7101,#7272,(),(),.ATPATH.,.ATEND.);
#12001=IFCCARTESIANPOINTLIST2D(((0.,0.),(0.099999992450210171,0.10000000000000001),(3.5199984306624184,0.10000000000000001),(3.5199983992707709,0.)));
#12002=IFCINDEXEDPOLYCURVE(#12001,(IFCLINEINDEX((1,2,3,4,1))),$);
#12003=IFCARBITRARYCLOSEDPROFILEDEF(.AREA.,$,#12002);
#12004=IFCCARTESIANPOINT((0.,0.,0.));
#12005=IFCDIRECTION((0.,0.,1.));
#12006=IFCDIRECTION((1.,0.,0.));
#12007=IFCAXIS2PLACEMENT3D(#12004,#12005,#12006);
#12008=IFCDIRECTION((0.,0.,1.));
#12009=IFCEXTRUDEDAREASOLID(#12003,#12007,#12008,3.);
#12010=IFCSHAPEREPRESENTATION(#11,'Body','SweptSolid',(#12009));
#12011=IFCCARTESIANPOINTLIST2D(((0.,0.),(3.6199983992707758,0.)));
#12012=IFCINDEXEDPOLYCURVE(#12011,$,$);
#12013=IFCSHAPEREPRESENTATION(#23,'Axis','Curve2D',(#12012));
#12027=IFCRELCONNECTSPATHELEMENTS('2J$AAqZ$D1xulR2TPp$AoF',$,$,$,$,#7310,#7272,(),(),.ATPATH.,.ATSTART.);
#12028=IFCCARTESIANPOINTLIST2D(((0.,0.),(5.5233505234786318E-08,0.10000000000000001),(1.6565267946177404,0.10000000000000001),(1.6565267946177404,0.)));
#12029=IFCINDEXEDPOLYCURVE(#12028,(IFCLINEINDEX((1,2,3,4,1))),$);
#12030=IFCARBITRARYCLOSEDPROFILEDEF(.AREA.,$,#12029);
#12031=IFCCARTESIANPOINT((0.,0.,0.));
#12032=IFCDIRECTION((0.,0.,1.));
#12033=IFCDIRECTION((1.,0.,0.));
#12034=IFCAXIS2PLACEMENT3D(#12031,#12032,#12033);
#12035=IFCDIRECTION((0.,0.,1.));
#12036=IFCEXTRUDEDAREASOLID(#12030,#12034,#12035,3.);
#12037=IFCSHAPEREPRESENTATION(#11,'Body','SweptSolid',(#12036));
#12038=IFCCARTESIANPOINTLIST2D(((0.,0.),(1.6565267946177404,0.)));
#12039=IFCINDEXEDPOLYCURVE(#12038,$,$);
#12040=IFCSHAPEREPRESENTATION(#23,'Axis','Curve2D',(#12039));
#12041=IFCCARTESIANPOINT((0.32558995485305503,-2.2167811481852411,0.));
#12042=IFCDIRECTION((0.,0.,1.));
#12043=IFCDIRECTION((0.99999999999997158,2.3841857910155572E-07,0.));
#12044=IFCAXIS2PLACEMENT3D(#12041,#12042,#12043);
#12045=IFCLOCALPLACEMENT(#6485,#12044);
#12046=IFCCARTESIANPOINT((0.15432006120693176,4.4885585026577246E-07,0.));
#12047=IFCDIRECTION((0.,0.,1.));
#12048=IFCDIRECTION((0.99999999999998479,-1.7484555314694642E-07,0.));
#12049=IFCAXIS2PLACEMENT3D(#12046,#12047,#12048);
#12050=IFCLOCALPLACEMENT(#12045,#12049);
#12051=IFCCARTESIANPOINTLIST2D(((0.,0.),(0.,0.10000000000000001),(4.7511739785872731,0.10000000000000001),(4.7511739785872731,0.)));
#12052=IFCINDEXEDPOLYCURVE(#12051,(IFCLINEINDEX((1,2,3,4,1))),$);
#12053=IFCARBITRARYCLOSEDPROFILEDEF(.AREA.,$,#12052);
#12054=IFCCARTESIANPOINT((0.,0.,0.));
#12055=IFCDIRECTION((0.,0.,1.));
#12056=IFCDIRECTION((1.,0.,0.));
#12057=IFCAXIS2PLACEMENT3D(#12054,#12055,#12056);
#12058=IFCDIRECTION((0.,0.,1.));
#12059=IFCEXTRUDEDAREASOLID(#12053,#12057,#12058,3.);
#12060=IFCSHAPEREPRESENTATION(#11,'Body','SweptSolid',(#12059));
#12061=IFCCARTESIANPOINTLIST2D(((0.,0.),(4.7511739785872731,0.)));
#12062=IFCINDEXEDPOLYCURVE(#12061,$,$);
#12063=IFCSHAPEREPRESENTATION(#23,'Axis','Curve2D',(#12062));
#12064=IFCCARTESIANPOINT((7.9936057773011271E-15,4.5496250322685228E-07,0.));
#12065=IFCDIRECTION((0.,0.,1.));
#12066=IFCDIRECTION((0.99999999999999289,1.192092895507732E-07,0.));
#12067=IFCAXIS2PLACEMENT3D(#12064,#12065,#12066);
#12068=IFCLOCALPLACEMENT(#8865,#12067);
#12098=IFCSLAB('0YJlFYSg11r8a7i73VcOxg',$,'Slab',$,$,#12107,#12114,$,$);
#12099=IFCRELCONTAINEDINSPATIALSTRUCTURE('3ns_RNYJ5DexRLDYjdM78A',$,$,$,(#12098,#12122),#11527);
#12100=IFCRELDEFINESBYTYPE('0AJmtr0xLAkeqiBqJlTTaO',$,$,$,(#12098),#11509);
#12101=IFCMATERIALLAYERSETUSAGE(#11513,.AXIS3.,.POSITIVE.,-0.10000000149011612,$);
#12102=IFCRELASSOCIATESMATERIAL('0zx2yz19n1GxBaJFFBxVz7',$,$,$,(#12098),#12101);
#12103=IFCCARTESIANPOINT((4.2255892753601074,-3.1270210742950439,0.));
#12104=IFCDIRECTION((0.,0.,1.));
#12105=IFCDIRECTION((1.,0.,0.));
#12106=IFCAXIS2PLACEMENT3D(#12103,#12104,#12105);
#12107=IFCLOCALPLACEMENT(#11547,#12106);
#12108=IFCCARTESIANPOINTLIST2D(((0.,0.),(1.9073486328125E-06,9.6369409561157227),(-3.9999980926513672,9.6369419097900391),(-3.9999980926513672,8.6527862548828125),(-7.5199980735778809,8.6527862548828125),(-7.5076637268066406,1.5151200294494629),(-3.9999992847442627,1.5027859210968018),(-3.9999992847442627,0.91023993492126465),(-2.3434724807739258,0.91024041175842285),(-2.3434724807739258,0.),(0.,0.)));
#12109=IFCINDEXEDPOLYCURVE(#12108,$,$);
#12110=IFCDIRECTION((0.,0.,1.));
#12111=IFCARBITRARYCLOSEDPROFILEDEF(.AREA.,$,#12109);
#12112=IFCEXTRUDEDAREASOLID(#12111,#12121,#12110,0.10000000000000001);
#12113=IFCSHAPEREPRESENTATION(#11,'Body','SweptSolid',(#12112));
#12114=IFCPRODUCTDEFINITIONSHAPE($,$,(#12113));
#12115=IFCPROPERTYSET('10QMPvWrnEgema3qo8_OQg',$,'EPset_Parametric',$,(#12117));
#12116=IFCRELDEFINESBYPROPERTIES('2luy$S6o55txYiBW9dtmp9',$,$,$,(#12098),#12115);
#12117=IFCPROPERTYSINGLEVALUE('Engine',$,IFCLABEL('Bonsai.DumbLayer3'),$);
#12118=IFCCARTESIANPOINT((-0.,-0.,-0.10000000149011612));
#12119=IFCDIRECTION((0.,0.,1.));
#12120=IFCDIRECTION((1.,0.,0.));
#12121=IFCAXIS2PLACEMENT3D(#12118,#12119,#12120);
#12122=IFCROOF('2QPClIUNjFTRCCRPAxP2Gz',$,'Roof',$,$,#12147,#12130,$,$);
#12123=IFCCARTESIANPOINT((0.,0.,0.));
#12124=IFCDIRECTION((1.,0.,0.));
#12125=IFCDIRECTION((0.,1.,0.));
#12126=IFCDIRECTION((0.,0.,1.));
#12127=IFCCARTESIANTRANSFORMATIONOPERATOR3D(#12124,#12125,#12123,1.,#12126);
#12128=IFCMAPPEDITEM(#6539,#12127);
#12129=IFCSHAPEREPRESENTATION(#11,'Body','MappedRepresentation',(#12128));
#12130=IFCPRODUCTDEFINITIONSHAPE($,$,(#12129,#12137));
#12131=IFCCARTESIANPOINT((0.,0.,0.));
#12132=IFCDIRECTION((1.,0.,0.));
#12133=IFCDIRECTION((0.,1.,0.));
#12134=IFCDIRECTION((0.,0.,1.));
#12135=IFCCARTESIANTRANSFORMATIONOPERATOR3D(#12132,#12133,#12131,1.,#12134);
#12136=IFCMAPPEDITEM(#6567,#12135);
#12137=IFCSHAPEREPRESENTATION(#13,'Box','MappedRepresentation',(#12136));
#12143=IFCCARTESIANPOINT((0.69838285446166992,1.6776692867279053,0.10154247283935547));
#12144=IFCDIRECTION((0.,0.,1.));
#12145=IFCDIRECTION((1.,0.,0.));
#12146=IFCAXIS2PLACEMENT3D(#12143,#12144,#12145);
#12147=IFCLOCALPLACEMENT(#11547,#12146);
#12402=IFCWINDOWTYPE('0GXI$3zwj3n8BonPggxhKz',$,'Bed 2-2F',$,$,(#12403),(#12405,#12413,#12499),$,$,.WINDOW.,.SINGLE_PANEL.,$,$);
#12403=IFCPROPERTYSET('2HIwoBoML0_O0tTXY_8wsb',$,'BBIM_Window',$,(#12404));
#12404=IFCPROPERTYSINGLEVALUE('Data',$,IFCTEXT('{"window_type": "DOUBLE_PANEL_VERTICAL", "overall_height": 0.8999999761581421, "overall_width": 1.3413726091384888, "lining_properties": {"lining_depth": 0.05000000074505806, "lining_thickness": 0.05000000074505806, "lining_offset": 0.05000000074505806, "lining_to_panel_offset_x": 0.02500000037252903, "lining_to_panel_offset_y": 0.02500000037252903, "mullion_thickness": 0.05000000074505806, "first_mullion_offset": 0.7028136253356934}, "panel_properties": {"frame_depth": [0.03500000014901161, 0.03500000014901161, 0.03500000014901161], "frame_thickness": [0.03500000014901161, 0.03500000014901161, 0.03500000014901161]}}'),$);
#12405=IFCREPRESENTATIONMAP(#12406,#12634);
#12406=IFCAXIS2PLACEMENT3D(#12407,#12408,#12409);
#12407=IFCCARTESIANPOINT((0.,0.,0.));
#12408=IFCDIRECTION((0.,0.,1.));
#12409=IFCDIRECTION((1.,0.,0.));
#12413=IFCREPRESENTATIONMAP(#12414,#12715);
#12414=IFCAXIS2PLACEMENT3D(#12415,#12416,#12417);
#12415=IFCCARTESIANPOINT((0.,0.,0.));
#12416=IFCDIRECTION((0.,0.,1.));
#12417=IFCDIRECTION((1.,0.,0.));
#12499=IFCREPRESENTATIONMAP(#12500,#12754);
#12500=IFCAXIS2PLACEMENT3D(#12501,#12502,#12503);
#12501=IFCCARTESIANPOINT((0.,0.,0.));
#12502=IFCDIRECTION((0.,0.,1.));
#12503=IFCDIRECTION((1.,0.,0.));
#12537=IFCWINDOW('0$Mff$sqvBMhgVu2VEnz$t',$,'Window',$,$,#12819,#12546,$,0.89999997615814209,1.3413726091384888,$,.DOUBLE_PANEL_VERTICAL.,$);
#12538=IFCRELDEFINESBYTYPE('0GF1xPs5n0_wyn_$h2zSkf',$,$,$,(#12537),#12402);
#12539=IFCCARTESIANPOINT((0.,0.,0.));
#12540=IFCDIRECTION((1.,0.,0.));
#12541=IFCDIRECTION((0.,1.,0.));
#12542=IFCDIRECTION((0.,0.,1.));
#12543=IFCCARTESIANTRANSFORMATIONOPERATOR3D(#12540,#12541,#12539,1.,#12542);
#12544=IFCMAPPEDITEM(#12405,#12543);
#12545=IFCSHAPEREPRESENTATION(#18,'Profile','MappedRepresentation',(#12544));
#12546=IFCPRODUCTDEFINITIONSHAPE($,$,(#12545,#12553,#12560));
#12547=IFCCARTESIANPOINT((0.,0.,0.));
#12548=IFCDIRECTION((1.,0.,0.));
#12549=IFCDIRECTION((0.,1.,0.));
#12550=IFCDIRECTION((0.,0.,1.));
#12551=IFCCARTESIANTRANSFORMATIONOPERATOR3D(#12548,#12549,#12547,1.,#12550);
#12552=IFCMAPPEDITEM(#12413,#12551);
#12553=IFCSHAPEREPRESENTATION(#11,'Body','MappedRepresentation',(#12552));
#12554=IFCCARTESIANPOINT((0.,0.,0.));
#12555=IFCDIRECTION((1.,0.,0.));
#12556=IFCDIRECTION((0.,1.,0.));
#12557=IFCDIRECTION((0.,0.,1.));
#12558=IFCCARTESIANTRANSFORMATIONOPERATOR3D(#12555,#12556,#12554,1.,#12557);
#12559=IFCMAPPEDITEM(#12499,#12558);
#12560=IFCSHAPEREPRESENTATION(#24,'Body','MappedRepresentation',(#12559));
#12561=IFCOPENINGELEMENT('1ckKCkkWb5qPRIFDycMOam',$,'Opening',$,$,#12789,#12589,$,.OPENING.);
#12577=IFCCARTESIANPOINT((0.,0.,0.));
#12578=IFCDIRECTION((1.,0.,0.));
#12579=IFCDIRECTION((0.,0.,1.));
#12580=IFCAXIS2PLACEMENT3D(#12577,#12579,#12578);
#12581=IFCREPRESENTATIONMAP(#12580,#12764);
#12582=IFCCARTESIANPOINT((0.,0.,0.));
#12583=IFCDIRECTION((1.,0.,0.));
#12584=IFCDIRECTION((0.,1.,0.));
#12585=IFCDIRECTION((0.,0.,1.));
#12586=IFCCARTESIANTRANSFORMATIONOPERATOR3D(#12583,#12584,#12582,1.,#12585);
#12587=IFCMAPPEDITEM(#12581,#12586);
#12588=IFCSHAPEREPRESENTATION(#11,'Body','MappedRepresentation',(#12587));
#12589=IFCPRODUCTDEFINITIONSHAPE($,$,(#12588));
#12590=IFCRELVOIDSELEMENT('1VL8Dxp8nBL8u8IXBLT3sx',$,$,$,#7746,#12561);
#12596=IFCRELFILLSELEMENT('1SAgPFjwj15h9AbSwWRvWL',$,$,$,#12561,#12537);
#12632=IFCCARTESIANPOINTLIST3D(((0.,0.,0.),(1.3413726091384888,0.,0.),(1.3413726091384888,0.,0.89999997615814209),(0.,0.,0.89999997615814209)));
#12633=IFCINDEXEDPOLYCURVE(#12632,(IFCLINEINDEX((1,2,3,4,1))),$);
#12634=IFCSHAPEREPRESENTATION(#18,'Profile','Curve3D',(#12633));
#12635=IFCCARTESIANPOINTLIST2D(((0.70281362533569336,0.),(0.,0.),(0.,0.89999997615814209),(0.70281362533569336,0.89999997615814209),(0.70281362533569336,0.87499997578561306),(0.02500000037252903,0.87499997578561306),(0.02500000037252903,0.02500000037252903),(0.70281362533569336,0.02500000037252903)));
#12636=IFCINDEXEDPOLYCURVE(#12635,(IFCLINEINDEX((1,2,3,4,5,6,7,8,1))),$);
#12637=IFCARBITRARYCLOSEDPROFILEDEF(.AREA.,$,#12636);
#12638=IFCCARTESIANPOINT((0.,0.090000001713633537,0.));
#12639=IFCDIRECTION((0.,-1.,0.));
#12640=IFCDIRECTION((1.,0.,0.));
#12641=IFCAXIS2PLACEMENT3D(#12638,#12639,#12640);
#12642=IFCDIRECTION((0.,0.,-1.));
#12643=IFCEXTRUDEDAREASOLID(#12637,#12641,#12642,0.0099999997764825821);
#12644=IFCCARTESIANPOINTLIST2D(((0.,0.),(0.70281362533569336,0.),(0.70281362533569336,0.89999997615814209),(0.,0.89999997615814209)));
#12645=IFCINDEXEDPOLYCURVE(#12644,(IFCLINEINDEX((1,2,3,4,1))),$);
#12646=IFCCARTESIANPOINTLIST2D(((0.05000000074505806,0.05000000074505806),(0.67781362496316433,0.05000000074505806),(0.67781362496316433,0.84999997541308403),(0.05000000074505806,0.84999997541308403)));
#12647=IFCINDEXEDPOLYCURVE(#12646,(IFCLINEINDEX((1,2,3,4,1))),$);
#12648=IFCARBITRARYPROFILEDEFWITHVOIDS(.AREA.,$,#12645,(#12647));
#12649=IFCCARTESIANPOINT((0.,0.05000000074505806,0.));
#12650=IFCDIRECTION((0.,-1.,0.));
#12651=IFCDIRECTION((1.,0.,0.));
#12652=IFCAXIS2PLACEMENT3D(#12649,#12650,#12651);
#12653=IFCDIRECTION((0.,0.,-1.));
#12654=IFCEXTRUDEDAREASOLID(#12648,#12652,#12653,0.040000000968575478);
#12655=IFCCARTESIANPOINTLIST2D(((0.,0.),(0.67781362496316433,0.),(0.67781362496316433,0.84999997541308403),(0.,0.84999997541308403)));
#12656=IFCINDEXEDPOLYCURVE(#12655,(IFCLINEINDEX((1,2,3,4,1))),$);
#12657=IFCCARTESIANPOINTLIST2D(((0.035000000149011612,0.035000000149011612),(0.64281362481415272,0.035000000149011612),(0.64281362481415272,0.81499997526407242),(0.035000000149011612,0.81499997526407242)));
#12658=IFCINDEXEDPOLYCURVE(#12657,(IFCLINEINDEX((1,2,3,4,1))),$);
#12659=IFCARBITRARYPROFILEDEFWITHVOIDS(.AREA.,$,#12656,(#12658));
#12660=IFCCARTESIANPOINT((0.02500000037252903,0.090000001713633537,0.02500000037252903));
#12661=IFCDIRECTION((0.,-1.,0.));
#12662=IFCDIRECTION((1.,0.,0.));
#12663=IFCAXIS2PLACEMENT3D(#12660,#12661,#12662);
#12664=IFCDIRECTION((0.,0.,-1.));
#12665=IFCEXTRUDEDAREASOLID(#12659,#12663,#12664,0.035000000149011612);
#12666=IFCINDEXEDPOLYCURVE(#12667,(IFCLINEINDEX((1,2,3,4,1))),$);
#12667=IFCCARTESIANPOINTLIST2D(((0.035000000149011612,0.035000000149011612),(0.64281362481415272,0.035000000149011612),(0.64281362481415272,0.81499997526407242),(0.035000000149011612,0.81499997526407242)));
#12668=IFCARBITRARYCLOSEDPROFILEDEF(.AREA.,$,#12666);
#12669=IFCCARTESIANPOINT((0.02500000037252903,0.10250000178813934,0.02500000037252903));
#12670=IFCDIRECTION((0.,-1.,0.));
#12671=IFCDIRECTION((1.,0.,0.));
#12672=IFCAXIS2PLACEMENT3D(#12669,#12670,#12671);
#12673=IFCDIRECTION((0.,0.,-1.));
#12674=IFCEXTRUDEDAREASOLID(#12668,#12672,#12673,0.01);
#12675=IFCCARTESIANPOINTLIST2D(((0.,0.89999997615814209),(0.63855898380279541,0.89999997615814209),(0.63855898380279541,0.),(0.,0.),(0.,0.02500000037252903),(0.61355898343026638,0.02500000037252903),(0.61355898343026638,0.87499997578561306),(0.,0.87499997578561306)));
#12676=IFCINDEXEDPOLYCURVE(#12675,(IFCLINEINDEX((1,2,3,4,5,6,7,8,1))),$);
#12677=IFCARBITRARYCLOSEDPROFILEDEF(.AREA.,$,#12676);
#12678=IFCCARTESIANPOINT((0.70281362533569336,0.090000001713633537,0.));
#12679=IFCDIRECTION((0.,-1.,0.));
#12680=IFCDIRECTION((1.,0.,0.));
#12681=IFCAXIS2PLACEMENT3D(#12678,#12679,#12680);
#12682=IFCDIRECTION((0.,0.,-1.));
#12683=IFCEXTRUDEDAREASOLID(#12677,#12681,#12682,0.0099999997764825821);
#12684=IFCCARTESIANPOINTLIST2D(((0.,0.),(0.63855898380279541,0.),(0.63855898380279541,0.89999997615814209),(0.,0.89999997615814209)));
#12685=IFCINDEXEDPOLYCURVE(#12684,(IFCLINEINDEX((1,2,3,4,1))),$);
#12686=IFCCARTESIANPOINTLIST2D(((0.02500000037252903,0.05000000074505806),(0.58855898305773735,0.05000000074505806),(0.58855898305773735,0.84999997541308403),(0.02500000037252903,0.84999997541308403)));
#12687=IFCINDEXEDPOLYCURVE(#12686,(IFCLINEINDEX((1,2,3,4,1))),$);
#12688=IFCARBITRARYPROFILEDEFWITHVOIDS(.AREA.,$,#12685,(#12687));
#12689=IFCCARTESIANPOINT((0.70281362533569336,0.05000000074505806,0.));
#12690=IFCDIRECTION((0.,-1.,0.));
#12691=IFCDIRECTION((1.,0.,0.));
#12692=IFCAXIS2PLACEMENT3D(#12689,#12690,#12691);
#12693=IFCDIRECTION((0.,0.,-1.));
#12694=IFCEXTRUDEDAREASOLID(#12688,#12692,#12693,0.040000000968575478);
#12695=IFCCARTESIANPOINTLIST2D(((0.,0.),(0.61355898343026638,0.),(0.61355898343026638,0.84999997541308403),(0.,0.84999997541308403)));
#12696=IFCINDEXEDPOLYCURVE(#12695,(IFCLINEINDEX((1,2,3,4,1))),$);
#12697=IFCCARTESIANPOINTLIST2D(((0.035000000149011612,0.035000000149011612),(0.57855898328125477,0.035000000149011612),(0.57855898328125477,0.81499997526407242),(0.035000000149011612,0.81499997526407242)));
#12698=IFCINDEXEDPOLYCURVE(#12697,(IFCLINEINDEX((1,2,3,4,1))),$);
#12699=IFCARBITRARYPROFILEDEFWITHVOIDS(.AREA.,$,#12696,(#12698));
#12700=IFCCARTESIANPOINT((0.70281362533569336,0.090000001713633537,0.02500000037252903));
#12701=IFCDIRECTION((0.,-1.,0.));
#12702=IFCDIRECTION((1.,0.,0.));
#12703=IFCAXIS2PLACEMENT3D(#12700,#12701,#12702);
#12704=IFCDIRECTION((0.,0.,-1.));
#12705=IFCEXTRUDEDAREASOLID(#12699,#12703,#12704,0.035000000149011612);
#12706=IFCINDEXEDPOLYCURVE(#12707,(IFCLINEINDEX((1,2,3,4,1))),$);
#12707=IFCCARTESIANPOINTLIST2D(((0.035000000149011612,0.035000000149011612),(0.57855898328125477,0.035000000149011612),(0.57855898328125477,0.81499997526407242),(0.035000000149011612,0.81499997526407242)));
#12708=IFCARBITRARYCLOSEDPROFILEDEF(.AREA.,$,#12706);
#12709=IFCCARTESIANPOINT((0.70281362533569336,0.10250000178813934,0.02500000037252903));
#12710=IFCDIRECTION((0.,-1.,0.));
#12711=IFCDIRECTION((1.,0.,0.));
#12712=IFCAXIS2PLACEMENT3D(#12709,#12710,#12711);
#12713=IFCDIRECTION((0.,0.,-1.));
#12714=IFCEXTRUDEDAREASOLID(#12708,#12712,#12713,0.01);
#12715=IFCSHAPEREPRESENTATION(#11,'Body','SweptSolid',(#12643,#12654,#12665,#12674,#12683,#12694,#12705,#12714));
#12716=IFCSHAPEREPRESENTATION(#11,'Body','SweptSolid',(#12643,#12654,#12683,#12694));
#12717=IFCSHAPEASPECT((#12716),'Lining',$,.T.,#12546);
#12718=IFCSHAPEREPRESENTATION(#11,'Body','SweptSolid',(#12665,#12705));
#12719=IFCSHAPEASPECT((#12718),'Framing',$,.T.,#12546);
#12720=IFCSHAPEREPRESENTATION(#11,'Body','SweptSolid',(#12674,#12714));
#12721=IFCSHAPEASPECT((#12720),'Glazing',$,.T.,#12546);
#12722=IFCCARTESIANPOINTLIST2D(((0.05000000074505806,0.05000000074505806),(0.67781362496316433,0.05000000074505806)));
#12723=IFCINDEXEDPOLYCURVE(#12722,$,$);
#12724=IFCCARTESIANPOINTLIST2D(((0.,0.10000000149011612),(0.02500000037252903,0.10000000149011612),(0.02500000037252903,0.090000001713633537),(0.05000000074505806,0.090000001713633537),(0.05000000074505806,0.05000000074505806),(0.,0.05000000074505806)));
#12725=IFCINDEXEDPOLYCURVE(#12724,(IFCLINEINDEX((1,2,3,4,5,6,1))),$);
#12726=IFCCARTESIANPOINTLIST2D(((0.70281362533569336,0.10000000149011612),(0.70281362533569336,0.10000000149011612),(0.70281362533569336,0.090000001713633537),(0.67781362496316433,0.090000001713633537),(0.67781362496316433,0.05000000074505806),(0.70281362533569336,0.05000000074505806)));
#12727=IFCINDEXEDPOLYCURVE(#12726,$,$);
#12728=IFCCARTESIANPOINTLIST2D(((0.02500000037252903,0.090000001713633537),(0.060000000521540642,0.090000001713633537),(0.060000000521540642,0.12500000186264515),(0.02500000037252903,0.12500000186264515)));
#12729=IFCINDEXEDPOLYCURVE(#12728,(IFCLINEINDEX((1,2,3,4,1))),$);
#12730=IFCINDEXEDPOLYCURVE(#12731,(IFCLINEINDEX((1,2,3,4,1))),$);
#12731=IFCCARTESIANPOINTLIST2D(((0.70281362533569336,0.090000001713633537),(0.66781362518668175,0.090000001713633537),(0.66781362518668175,0.12500000186264515),(0.70281362533569336,0.12500000186264515)));
#12732=IFCCARTESIANPOINTLIST2D(((0.060000000521540642,0.090000001713633537),(0.66781362518668175,0.090000001713633537)));
#12733=IFCINDEXEDPOLYCURVE(#12732,$,$);
#12734=IFCINDEXEDPOLYCURVE(#12735,$,$);
#12735=IFCCARTESIANPOINTLIST2D(((0.060000000521540642,0.12500000186264515),(0.66781362518668175,0.12500000186264515)));
#12736=IFCINDEXEDPOLYCURVE(#12737,$,$);
#12737=IFCCARTESIANPOINTLIST2D(((0.060000000521540642,0.10750000178813934),(0.66781362518668175,0.10750000178813934)));
#12738=IFCCARTESIANPOINTLIST2D(((0.72781362570822239,0.05000000074505806),(1.2913726083934307,0.05000000074505806)));
#12739=IFCINDEXEDPOLYCURVE(#12738,$,$);
#12740=IFCCARTESIANPOINTLIST2D(((0.70281362533569336,0.10000000149011612),(0.70281362533569336,0.10000000149011612),(0.70281362533569336,0.090000001713633537),(0.72781362570822239,0.090000001713633537),(0.72781362570822239,0.05000000074505806),(0.70281362533569336,0.05000000074505806)));
#12741=IFCINDEXEDPOLYCURVE(#12740,$,$);
#12742=IFCCARTESIANPOINTLIST2D(((1.3413726091384888,0.10000000149011612),(1.3163726087659597,0.10000000149011612),(1.3163726087659597,0.090000001713633537),(1.2913726083934307,0.090000001713633537),(1.2913726083934307,0.05000000074505806),(1.3413726091384888,0.05000000074505806)));
#12743=IFCINDEXEDPOLYCURVE(#12742,(IFCLINEINDEX((1,2,3,4,5,6,1))),$);
#12744=IFCCARTESIANPOINTLIST2D(((0.70281362533569336,0.090000001713633537),(0.73781362548470497,0.090000001713633537),(0.73781362548470497,0.12500000186264515),(0.70281362533569336,0.12500000186264515)));
#12745=IFCINDEXEDPOLYCURVE(#12744,(IFCLINEINDEX((1,2,3,4,1))),$);
#12746=IFCINDEXEDPOLYCURVE(#12747,(IFCLINEINDEX((1,2,3,4,1))),$);
#12747=IFCCARTESIANPOINTLIST2D(((1.3163726087659597,0.090000001713633537),(1.2813726086169481,0.090000001713633537),(1.2813726086169481,0.12500000186264515),(1.3163726087659597,0.12500000186264515)));
#12748=IFCCARTESIANPOINTLIST2D(((0.73781362548470497,0.090000001713633537),(1.2813726086169481,0.090000001713633537)));
#12749=IFCINDEXEDPOLYCURVE(#12748,$,$);
#12750=IFCINDEXEDPOLYCURVE(#12751,$,$);
#12751=IFCCARTESIANPOINTLIST2D(((0.73781362548470497,0.12500000186264515),(1.2813726086169481,0.12500000186264515)));
#12752=IFCINDEXEDPOLYCURVE(#12753,$,$);
#12753=IFCCARTESIANPOINTLIST2D(((0.73781362548470497,0.10750000178813934),(1.2813726086169481,0.10750000178813934)));
#12754=IFCSHAPEREPRESENTATION(#24,'Body','Curve2D',(#12723,#12725,#12727,#12729,#12730,#12733,#12734,#12736,#12739,#12741,#12743,#12745,#12746,#12749,#12750,#12752));
#12755=IFCCARTESIANPOINTLIST2D(((0.,0.),(1.3413726091384888,0.),(1.3413726091384888,0.89999997615814209),(0.,0.89999997615814209)));
#12756=IFCINDEXEDPOLYCURVE(#12755,(IFCLINEINDEX((1,2,3,4,1))),$);
#12757=IFCARBITRARYCLOSEDPROFILEDEF(.AREA.,$,#12756);
#12758=IFCCARTESIANPOINT((0.,-0.60000002384185791,0.));
#12759=IFCDIRECTION((0.,-1.,0.));
#12760=IFCDIRECTION((1.,0.,0.));
#12761=IFCAXIS2PLACEMENT3D(#12758,#12759,#12760);
#12762=IFCDIRECTION((0.,0.,-1.));
#12763=IFCEXTRUDEDAREASOLID(#12757,#12761,#12762,1.2);
#12764=IFCSHAPEREPRESENTATION(#11,'Body','SweptSolid',(#12763));
#12785=IFCCARTESIANPOINT((0.30569785991717491,1.6689300537109375E-06,1.));
#12786=IFCDIRECTION((0.,0.,1.));
#12787=IFCDIRECTION((0.99999999999988631,-4.7683715820307079E-07,0.));
#12788=IFCAXIS2PLACEMENT3D(#12785,#12786,#12787);
#12789=IFCLOCALPLACEMENT(#7847,#12788);
#12800=IFCCARTESIANPOINT((1.0376590178477887,2.434849739074707E-05,1.));
#12801=IFCDIRECTION((0.,0.,1.));
#12802=IFCDIRECTION((0.99999999999769784,-2.1457672119091226E-06,0.));
#12803=IFCAXIS2PLACEMENT3D(#12800,#12801,#12802);
#12804=IFCLOCALPLACEMENT(#1568,#12803);
#12810=IFCCARTESIANPOINT((2.2204460492503131E-16,0.,0.));
#12811=IFCDIRECTION((0.,0.,1.));
#12812=IFCDIRECTION((1.,0.,0.));
#12813=IFCAXIS2PLACEMENT3D(#12810,#12811,#12812);
#12814=IFCLOCALPLACEMENT(#12804,#12813);
#12815=IFCCARTESIANPOINT((0.,0.,0.));
#12816=IFCDIRECTION((0.,0.,1.));
#12817=IFCDIRECTION((1.,0.,0.));
#12818=IFCAXIS2PLACEMENT3D(#12815,#12816,#12817);
#12819=IFCLOCALPLACEMENT(#12789,#12818);
#12826=IFCDOORTYPE('3ptnjeqk90bfv8_7PQNBM9',$,'Balcony',$,$,(#12827),(#12829,#12837,#12915,#13055),$,$,.DOOR.,.SINGLE_SWING_LEFT.,$,$);
#12827=IFCPROPERTYSET('2ZsVk1_Tz1EwdvBZ2Cda9C',$,'BBIM_Door',$,(#12828));
#12828=IFCPROPERTYSINGLEVALUE('Data',$,IFCTEXT('{"door_type": "SLIDING_TO_LEFT", "overall_height": 2.0, "overall_width": 1.523492693901062, "lining_properties": {"lining_depth": 0.11558942496776581, "lining_thickness": 0.05000000074505806, "lining_offset": 0.0, "transom_thickness": 0.0, "casing_thickness": 0.07500000298023224, "casing_depth": 0.004999999888241291, "threshold_thickness": 0.02500000037252903, "threshold_depth": 0.10000000149011612, "threshold_offset": 0.0}, "panel_properties": {"panel_depth": 0.06607499718666077, "panel_width_ratio": 1.0}}'),$);
#12829=IFCREPRESENTATIONMAP(#12830,#14216);
#12830=IFCAXIS2PLACEMENT3D(#12831,#12832,#12833);
#12831=IFCCARTESIANPOINT((0.,0.,0.));
#12832=IFCDIRECTION((0.,0.,1.));
#12833=IFCDIRECTION((1.,0.,0.));
#12837=IFCREPRESENTATIONMAP(#12838,#14280);
#12838=IFCAXIS2PLACEMENT3D(#12839,#12840,#12841);
#12839=IFCCARTESIANPOINT((0.,0.,0.));
#12840=IFCDIRECTION((0.,0.,1.));
#12841=IFCDIRECTION((1.,0.,0.));
#12915=IFCREPRESENTATIONMAP(#12916,#14291);
#12916=IFCAXIS2PLACEMENT3D(#12917,#12918,#12919);
#12917=IFCCARTESIANPOINT((0.,0.,0.));
#12918=IFCDIRECTION((0.,0.,1.));
#12919=IFCDIRECTION((1.,0.,0.));
#13051=IFCCARTESIANPOINT((0.,0.,0.));
#13052=IFCDIRECTION((1.,0.,0.));
#13053=IFCDIRECTION((0.,0.,1.));
#13054=IFCAXIS2PLACEMENT3D(#13051,#13053,#13052);
#13055=IFCREPRESENTATIONMAP(#13054,#14296);
#13068=IFCRELCONNECTSPATHELEMENTS('3Gx07M2on8yP9S2oPQy_M8',$,$,$,$,#7051,#7013,(),(),.ATSTART.,.ATSTART.);
#13069=IFCCARTESIANPOINTLIST2D(((-0.10000000000000009,0.),(-4.371138828673777E-09,0.10000000000000001),(3.4199999110856445,0.10000000000000001),(3.5199999273777136,0.)));
#13070=IFCINDEXEDPOLYCURVE(#13069,(IFCLINEINDEX((1,2,3,4,1))),$);
#13071=IFCARBITRARYCLOSEDPROFILEDEF(.AREA.,$,#13070);
#13072=IFCCARTESIANPOINT((0.,0.,0.));
#13073=IFCDIRECTION((0.,0.,1.));
#13074=IFCDIRECTION((1.,0.,0.));
#13075=IFCAXIS2PLACEMENT3D(#13072,#13073,#13074);
#13076=IFCDIRECTION((0.,0.,1.));
#13077=IFCEXTRUDEDAREASOLID(#13071,#13075,#13076,3.);
#13078=IFCSHAPEREPRESENTATION(#11,'Body','SweptSolid',(#13077));
#13079=IFCCARTESIANPOINTLIST2D(((0.,0.),(3.5199999273777136,0.)));
#13080=IFCINDEXEDPOLYCURVE(#13079,$,$);
#13081=IFCSHAPEREPRESENTATION(#23,'Axis','Curve2D',(#13080));
#13082=IFCCARTESIANPOINT((0.2255911291599037,5.5257649421691983,0.));
#13083=IFCDIRECTION((0.,0.,1.));
#13084=IFCDIRECTION((-0.99999999999999623,8.7422776573475527E-08,0.));
#13085=IFCAXIS2PLACEMENT3D(#13082,#13083,#13084);
#13086=IFCLOCALPLACEMENT(#6485,#13085);
#13087=IFCCARTESIANPOINT((0.46068615326874696,5.1711163084888767E-07,1.));
#13088=IFCDIRECTION((0.,0.,1.));
#13089=IFCDIRECTION((0.99999999999995448,-3.0199159084529448E-07,0.));
#13090=IFCAXIS2PLACEMENT3D(#13087,#13088,#13089);
#13091=IFCLOCALPLACEMENT(#13086,#13090);
#13092=IFCCARTESIANPOINTLIST2D(((0.10000000000000009,0.),(4.3711387842648719E-09,0.10000000000000001),(2.9913721040883456,0.10000000000000001),(2.891372108459485,0.)));
#13093=IFCINDEXEDPOLYCURVE(#13092,(IFCLINEINDEX((1,2,3,4,1))),$);
#13094=IFCARBITRARYCLOSEDPROFILEDEF(.AREA.,$,#13093);
#13095=IFCCARTESIANPOINT((0.,0.,0.));
#13096=IFCDIRECTION((0.,0.,1.));
#13097=IFCDIRECTION((1.,0.,0.));
#13098=IFCAXIS2PLACEMENT3D(#13095,#13096,#13097);
#13099=IFCDIRECTION((0.,0.,1.));
#13100=IFCEXTRUDEDAREASOLID(#13094,#13098,#13099,3.);
#13101=IFCSHAPEREPRESENTATION(#11,'Body','SweptSolid',(#13100));
#13102=IFCCARTESIANPOINTLIST2D(((0.,0.),(2.9913721084594846,0.)));
#13103=IFCINDEXEDPOLYCURVE(#13102,$,$);
#13104=IFCSHAPEREPRESENTATION(#23,'Axis','Curve2D',(#13103));
#13105=IFCCARTESIANPOINT((0.22559112915990373,5.5257649421691992,0.));
#13106=IFCDIRECTION((0.,0.,1.));
#13107=IFCDIRECTION((-4.3711388286737889E-08,-0.99999999999999911,0.));
#13108=IFCAXIS2PLACEMENT3D(#13105,#13106,#13107);
#13109=IFCLOCALPLACEMENT(#6485,#13108);
#13110=IFCCARTESIANPOINT((2.6795344309010969,0.099999836888995774,0.));
#13111=IFCDIRECTION((0.,0.,1.));
#13112=IFCDIRECTION((-0.99999999999996358,2.7020508497342688E-07,0.));
#13113=IFCAXIS2PLACEMENT3D(#13110,#13111,#13112);
#13114=IFCLOCALPLACEMENT(#13109,#13113);
#13196=IFCWALL('1jUF2AcW9AIRT9zABVGdoc',$,'Wall',$,$,#13252,#13202,$,$);
#13197=IFCMATERIALLAYERSETUSAGE(#82,.AXIS2.,.POSITIVE.,0.,$);
#13198=IFCRELASSOCIATESMATERIAL('3RdMKqssX3A9up5F0CrAKt',$,$,$,(#13196),#13197);
#13202=IFCPRODUCTDEFINITIONSHAPE($,$,(#13247,#13244));
#13218=IFCPROPERTYSET('3eS_UFA4v1aOKSGMIX6MLR',$,'EPset_Parametric',$,(#13220));
#13219=IFCRELDEFINESBYPROPERTIES('3YxLmhkZnCV865Sthx3mdY',$,$,$,(#13196),#13218);
#13220=IFCPROPERTYSINGLEVALUE('Engine',$,IFCLABEL('Bonsai.DumbLayer2'),$);
#13234=IFCRELCONNECTSPATHELEMENTS('0hTSsrOU16HRhI22j1KhXa',$,$,$,$,#13196,#6975,(),(),.ATEND.,.ATSTART.);
#13235=IFCCARTESIANPOINTLIST2D(((0.,0.),(0.10000000437113893,0.10000000000000001),(0.98416362902728571,0.10000000000000001),(0.98416362902728571,0.)));
#13236=IFCINDEXEDPOLYCURVE(#13235,(IFCLINEINDEX((1,2,3,4,1))),$);
#13237=IFCARBITRARYCLOSEDPROFILEDEF(.AREA.,$,#13236);
#13238=IFCCARTESIANPOINT((0.,0.,0.));
#13239=IFCDIRECTION((0.,0.,1.));
#13240=IFCDIRECTION((1.,0.,0.));
#13241=IFCAXIS2PLACEMENT3D(#13238,#13239,#13240);
#13242=IFCDIRECTION((0.,0.,1.));
#13243=IFCEXTRUDEDAREASOLID(#13237,#13241,#13242,3.);
#13244=IFCSHAPEREPRESENTATION(#11,'Body','SweptSolid',(#13243));
#13245=IFCCARTESIANPOINTLIST2D(((0.,0.),(0.98416362902728571,0.)));
#13246=IFCINDEXEDPOLYCURVE(#13245,$,$);
#13247=IFCSHAPEREPRESENTATION(#23,'Axis','Curve2D',(#13246));
#13248=IFCCARTESIANPOINT((0.22559117217870775,6.5099204611880968,0.));
#13249=IFCDIRECTION((0.,0.,1.));
#13250=IFCDIRECTION((-4.3711388286737889E-08,-0.99999999999999911,0.));
#13251=IFCAXIS2PLACEMENT3D(#13248,#13249,#13250);
#13252=IFCLOCALPLACEMENT(#6485,#13251);
#13253=IFCCARTESIANPOINTLIST2D(((0.,0.),(0.,0.10000000000000001),(3.80000010152634,0.10000000000000001),(3.9000001058974791,0.)));
#13254=IFCINDEXEDPOLYCURVE(#13253,(IFCLINEINDEX((1,2,3,4,1))),$);
#13255=IFCARBITRARYCLOSEDPROFILEDEF(.AREA.,$,#13254);
#13256=IFCCARTESIANPOINT((0.,0.,0.));
#13257=IFCDIRECTION((0.,0.,1.));
#13258=IFCDIRECTION((1.,0.,0.));
#13259=IFCAXIS2PLACEMENT3D(#13256,#13257,#13258);
#13260=IFCDIRECTION((0.,0.,1.));
#13261=IFCEXTRUDEDAREASOLID(#13255,#13259,#13260,3.);
#13262=IFCSHAPEREPRESENTATION(#11,'Body','SweptSolid',(#13261));
#13263=IFCCARTESIANPOINTLIST2D(((0.,0.),(3.9000001058974791,0.)));
#13264=IFCINDEXEDPOLYCURVE(#13263,$,$);
#13265=IFCSHAPEREPRESENTATION(#23,'Axis','Curve2D',(#13264));
#13266=IFCWINDOW('0R8mIAcwrBhf02A2bKkdXP',$,'Window',$,$,#13350,#13275,$,0.89999997615814209,0.65768086910247803,$,$,$);
#13267=IFCRELDEFINESBYTYPE('2LvN0fGX54iOObuEtk6qvh',$,$,$,(#13266),#11254);
#13268=IFCCARTESIANPOINT((0.,0.,0.));
#13269=IFCDIRECTION((1.,0.,0.));
#13270=IFCDIRECTION((0.,1.,0.));
#13271=IFCDIRECTION((0.,0.,1.));
#13272=IFCCARTESIANTRANSFORMATIONOPERATOR3D(#13269,#13270,#13268,1.,#13271);
#13273=IFCMAPPEDITEM(#11257,#13272);
#13274=IFCSHAPEREPRESENTATION(#18,'Profile','MappedRepresentation',(#13273));
#13275=IFCPRODUCTDEFINITIONSHAPE($,$,(#13274,#13282,#13289));
#13276=IFCCARTESIANPOINT((0.,0.,0.));
#13277=IFCDIRECTION((1.,0.,0.));
#13278=IFCDIRECTION((0.,1.,0.));
#13279=IFCDIRECTION((0.,0.,1.));
#13280=IFCCARTESIANTRANSFORMATIONOPERATOR3D(#13277,#13278,#13276,1.,#13279);
#13281=IFCMAPPEDITEM(#11265,#13280);
#13282=IFCSHAPEREPRESENTATION(#11,'Body','MappedRepresentation',(#13281));
#13283=IFCCARTESIANPOINT((0.,0.,0.));
#13284=IFCDIRECTION((1.,0.,0.));
#13285=IFCDIRECTION((0.,1.,0.));
#13286=IFCDIRECTION((0.,0.,1.));
#13287=IFCCARTESIANTRANSFORMATIONOPERATOR3D(#13284,#13285,#13283,1.,#13286);
#13288=IFCMAPPEDITEM(#11313,#13287);
#13289=IFCSHAPEREPRESENTATION(#24,'Body','MappedRepresentation',(#13288));
#13290=IFCOPENINGELEMENT('2RDAv3vvbB$fyqzb7vK3OT',$,'Opening',$,$,#13340,#13318,$,.OPENING.);
#13296=IFCCARTESIANPOINTLIST2D(((0.,0.),(0.65768086910247803,0.),(0.65768086910247803,0.89999997615814209),(0.,0.89999997615814209)));
#13297=IFCINDEXEDPOLYCURVE(#13296,(IFCLINEINDEX((1,2,3,4,1))),$);
#13298=IFCARBITRARYCLOSEDPROFILEDEF(.AREA.,$,#13297);
#13299=IFCCARTESIANPOINT((0.,-0.60000002384185791,0.));
#13300=IFCDIRECTION((0.,-1.,0.));
#13301=IFCDIRECTION((1.,0.,0.));
#13302=IFCAXIS2PLACEMENT3D(#13299,#13300,#13301);
#13303=IFCDIRECTION((0.,0.,-1.));
#13304=IFCEXTRUDEDAREASOLID(#13298,#13302,#13303,1.2);
#13305=IFCSHAPEREPRESENTATION(#11,'Body','SweptSolid',(#13304));
#13306=IFCCARTESIANPOINT((0.,0.,0.));
#13307=IFCDIRECTION((1.,0.,0.));
#13308=IFCDIRECTION((0.,0.,1.));
#13309=IFCAXIS2PLACEMENT3D(#13306,#13308,#13307);
#13310=IFCREPRESENTATIONMAP(#13309,#13305);
#13311=IFCCARTESIANPOINT((0.,0.,0.));
#13312=IFCDIRECTION((1.,0.,0.));
#13313=IFCDIRECTION((0.,1.,0.));
#13314=IFCDIRECTION((0.,0.,1.));
#13315=IFCCARTESIANTRANSFORMATIONOPERATOR3D(#13312,#13313,#13311,1.,#13314);
#13316=IFCMAPPEDITEM(#13310,#13315);
#13317=IFCSHAPEREPRESENTATION(#11,'Body','MappedRepresentation',(#13316));
#13318=IFCPRODUCTDEFINITIONSHAPE($,$,(#13317));
#13319=IFCRELVOIDSELEMENT('0v6wwFbar91v4aTZoz_AXt',$,$,$,#13196,#13290);
#13325=IFCRELFILLSELEMENT('01sIVmPcD9RQPhtjswwKo6',$,$,$,#13290,#13266);
#13336=IFCCARTESIANPOINT((0.16019092322422246,1.6654381207459323E-07,1.));
#13337=IFCDIRECTION((0.,0.,1.));
#13338=IFCDIRECTION((0.99999999999999278,-1.1920929665620689E-07,0.));
#13339=IFCAXIS2PLACEMENT3D(#13336,#13337,#13338);
#13340=IFCLOCALPLACEMENT(#13252,#13339);
#13346=IFCCARTESIANPOINT((-8.8817841970012523E-16,0.,0.));
#13347=IFCDIRECTION((0.,0.,1.));
#13348=IFCDIRECTION((0.99999999999999989,2.6469779601696886E-23,0.));
#13349=IFCAXIS2PLACEMENT3D(#13346,#13347,#13348);
#13350=IFCLOCALPLACEMENT(#13340,#13349);
#13351=IFCCOVERINGTYPE('0DVr1tq3LF08U3S00aNjMl',$,'FL-1-GF',$,$,(#13355),$,$,$,.FLOORING.);
#13352=IFCMATERIALLAYERSET((#13374,#13375),$,$);
#13353=IFCRELASSOCIATESMATERIAL('01pjRPve562AZRfJAPrdNX',$,$,$,(#13351),#13352);
#13355=IFCPROPERTYSET('2OufslBLn0URhIaYifXAtF',$,'EPset_Parametric',$,(#13356));
#13356=IFCPROPERTYSINGLEVALUE('LayerSetDirection',$,IFCLABEL('AXIS3'),$);
#13357=IFCCOVERING('2IF1RpoN10JA5fTeu_fXSz',$,'Covering',$,$,#13380,#13371,$,$);
#13358=IFCRELDEFINESBYTYPE('2M9V3V5abEQvLw7HifG75Q',$,$,$,(#13357),#13351);
#13359=IFCMATERIALLAYERSETUSAGE(#13352,.AXIS3.,.POSITIVE.,0.,$);
#13360=IFCRELASSOCIATESMATERIAL('3exHBwBifBpOpVB5lUwy9y',$,$,$,(#13357),#13359);
#13361=IFCCARTESIANPOINTLIST2D(((-1.146735668182373,0.70290756225585938),(-1.146735668182373,0.72890758514404297),(-1.146735668182373,0.73190736770629883),(-1.146735668182373,0.75290727615356445),(-1.146735668182373,0.77890729904174805),(-1.146735668182373,0.78190755844116211),(-1.146735668182373,0.85090732574462891),(-1.146735668182373,0.87890720367431641),(-1.146735668182373,0.90090751647949219),(-1.146735668182373,0.92890739440917969),(-1.146735668182373,2.2529072761535645),(2.103264331817627,2.2529072761535645),(2.103264331817627,-6.6470928192138672),(-1.7057355642318726,-6.6470928192138672),(-1.7057355642318726,-4.221092700958252),(-1.7057355642318726,-4.1710925102233887),(-1.7057355642318726,-4.1710925102233887),(-1.7057355642318726,-4.1210927963256836),(-1.7057355642318726,-1.5210926532745361),(-3.1567354202270508,-1.5210926532745361),(-3.2067356109619141,-1.5210926532745361),(-3.2067356109619141,-0.74909257888793945),(-3.2067356109619141,-0.69909262657165527),(-1.146735668182373,-0.69909262657165527)));
#13362=IFCINDEXEDPOLYCURVE(#13361,(IFCLINEINDEX((1,2,3,4,5,6,7,8,9,10,11,12,13,14,15,16,17,18,19,20,21,22,23,24,1))),$);
#13363=IFCARBITRARYCLOSEDPROFILEDEF(.AREA.,$,#13362);
#13364=IFCCARTESIANPOINT((0.,0.,0.));
#13365=IFCDIRECTION((0.,0.,1.));
#13366=IFCDIRECTION((1.,0.,0.));
#13367=IFCAXIS2PLACEMENT3D(#13364,#13365,#13366);
#13368=IFCDIRECTION((0.,0.,1.));
#13369=IFCEXTRUDEDAREASOLID(#13363,#13367,#13368,0.09999999962747097);
#13370=IFCSHAPEREPRESENTATION(#11,'Body','SweptSolid',(#13369));
#13371=IFCPRODUCTDEFINITIONSHAPE($,$,(#13370));
#13372=IFCMATERIAL('screed',$,'cement');
#13373=IFCMATERIAL('parquet',$,'wood');
#13374=IFCMATERIALLAYER(#13372,0.070000000298023224,$,$,$,$,$);
#13375=IFCMATERIALLAYER(#13373,0.029999999329447746,$,$,$,$,$);
#13376=IFCCARTESIANPOINT((2.022735595703125,4.1570925712585449,0.));
#13377=IFCDIRECTION((0.,0.,1.));
#13378=IFCDIRECTION((1.,0.,0.));
#13379=IFCAXIS2PLACEMENT3D(#13376,#13377,#13378);
#13380=IFCLOCALPLACEMENT(#79,#13379);
#13381=IFCSTAIRFLIGHTTYPE('3Hlq2uuRTD7Qm0FP7Xfqfq',$,'Stair-1',$,$,(#13382,#13384),(#13426,#13636),$,$,.STRAIGHT.);
#13382=IFCPROPERTYSET('0pTaupKGb8tALqt9vAcEvZ',$,'BBIM_Stair',$,(#13383));
#13383=IFCPROPERTYSINGLEVALUE('Data',$,IFCTEXT('{"stair_type": "GENERIC", "width": 0.8324471712112427, "height": 1.7999999523162842, "number_of_treads": 7, "tread_run": 0.1871088743209839, "nosing_length": 0.0, "nosing_depth": 0.0, "custom_first_last_tread_run": [null, null], "custom_tread_lock": true}'),$);
#13384=IFCPROPERTYSET('1shQWueKX4XhhGBAeAQ4DI',$,'Pset_StairFlightCommon',$,(#13385,#13386,#13387,#13388,#13389));
#13385=IFCPROPERTYSINGLEVALUE('NumberOfRiser',$,IFCCOUNTMEASURE(8.),$);
#13386=IFCPROPERTYSINGLEVALUE('NumberOfTreads',$,IFCCOUNTMEASURE(7.),$);
#13387=IFCPROPERTYSINGLEVALUE('RiserHeight',$,IFCPOSITIVELENGTHMEASURE(0.22499999403953552),$);
#13388=IFCPROPERTYSINGLEVALUE('TreadLength',$,IFCPOSITIVELENGTHMEASURE(0.25),$);
#13389=IFCPROPERTYSINGLEVALUE('NosingLength',$,IFCLENGTHMEASURE(0.),$);
#13422=IFCCARTESIANPOINT((0.,0.,0.));
#13423=IFCDIRECTION((1.,0.,0.));
#13424=IFCDIRECTION((0.,0.,1.));
#13425=IFCAXIS2PLACEMENT3D(#13422,#13424,#13423);
#13426=IFCREPRESENTATIONMAP(#13425,#13627);
#13427=IFCSTAIRFLIGHT('2ZUXGZ8Vr8ZwwMA6GmDyNE',$,'StairFlight',$,$,#13700,#13436,$,8,7,0.22499999403953552,0.25,.STRAIGHT.);
#13428=IFCRELDEFINESBYTYPE('2rMlngK6r1oBjy6He8sRbl',$,$,$,(#13427),#13381);
#13436=IFCPRODUCTDEFINITIONSHAPE($,$,(#13443,#13643));
#13437=IFCCARTESIANPOINT((0.,0.,0.));
#13438=IFCDIRECTION((1.,0.,0.));
#13439=IFCDIRECTION((0.,1.,0.));
#13440=IFCDIRECTION((0.,0.,1.));
#13441=IFCCARTESIANTRANSFORMATIONOPERATOR3D(#13438,#13439,#13437,1.,#13440);
#13442=IFCMAPPEDITEM(#13426,#13441);
#13443=IFCSHAPEREPRESENTATION(#11,'Body','MappedRepresentation',(#13442));
#13605=IFCINDEXEDPOLYGONALFACE((2,1,18,17,16,15,14,13,12,11,10,9,8,7,6,5,4,3));
#13606=IFCINDEXEDPOLYGONALFACE((19,20,21,22,23,24,25,26,27,28,29,30,31,32,33,34,35,36));
#13607=IFCINDEXEDPOLYGONALFACE((12,13,30,29));
#13608=IFCINDEXEDPOLYGONALFACE((5,6,23,22));
#13609=IFCINDEXEDPOLYGONALFACE((13,14,31,30));
#13610=IFCINDEXEDPOLYGONALFACE((6,7,24,23));
#13611=IFCINDEXEDPOLYGONALFACE((14,15,32,31));
#13612=IFCINDEXEDPOLYGONALFACE((7,8,25,24));
#13613=IFCINDEXEDPOLYGONALFACE((15,16,33,32));
#13614=IFCINDEXEDPOLYGONALFACE((8,9,26,25));
#13615=IFCINDEXEDPOLYGONALFACE((1,2,19,36));
#13616=IFCINDEXEDPOLYGONALFACE((16,17,34,33));
#13617=IFCINDEXEDPOLYGONALFACE((9,10,27,26));
#13618=IFCINDEXEDPOLYGONALFACE((2,3,20,19));
#13619=IFCINDEXEDPOLYGONALFACE((17,18,35,34));
#13620=IFCINDEXEDPOLYGONALFACE((10,11,28,27));
#13621=IFCINDEXEDPOLYGONALFACE((3,4,21,20));
#13622=IFCINDEXEDPOLYGONALFACE((18,1,36,35));
#13623=IFCINDEXEDPOLYGONALFACE((11,12,29,28));
#13624=IFCINDEXEDPOLYGONALFACE((4,5,22,21));
#13625=IFCCARTESIANPOINTLIST3D(((0.,0.,0.),(0.,0.,0.22499999403953552),(0.18710887432098389,0.,0.22499999403953552),(0.18710887432098389,0.,0.44999998807907104),(0.37421774864196777,0.,0.44999998807907104),(0.37421774864196777,0.,0.67499995231628418),(0.56132662296295166,0.,0.67499995231628418),(0.56132662296295166,0.,0.89999997615814209),(0.74843549728393555,0.,0.89999997615814209),(0.74843549728393555,0.,1.125),(0.93554437160491943,0.,1.125),(0.93554437160491943,0.,1.3500000238418579),(1.1226532459259033,0.,1.3500000238418579),(1.1226532459259033,0.,1.5750000476837158),(1.3097621202468872,0.,1.5750000476837158),(1.3097621202468872,0.,1.8000000715255737),(1.4968709945678711,0.,1.8000000715255737),(1.4968709945678711,0.,0.),(0.,0.83244717121124268,0.22499999403953552),(0.18710887432098389,0.83244717121124268,0.22499999403953552),(0.18710887432098389,0.83244717121124268,0.44999998807907104),(0.37421774864196777,0.83244717121124268,0.44999998807907104),(0.37421774864196777,0.83244717121124268,0.67499995231628418),(0.56132662296295166,0.83244717121124268,0.67499995231628418),(0.56132662296295166,0.83244717121124268,0.89999997615814209),(0.74843549728393555,0.83244717121124268,0.89999997615814209),(0.74843549728393555,0.83244717121124268,1.125),(0.93554437160491943,0.83244717121124268,1.125),(0.93554437160491943,0.83244717121124268,1.3500000238418579),(1.1226532459259033,0.83244717121124268,1.3500000238418579),(1.1226532459259033,0.83244717121124268,1.5750000476837158),(1.3097621202468872,0.83244717121124268,1.5750000476837158),(1.3097621202468872,0.83244717121124268,1.8000000715255737),(1.4968709945678711,0.83244717121124268,1.8000000715255737),(1.4968709945678711,0.83244717121124268,0.),(0.,0.83244717121124268,0.)));
#13626=IFCPOLYGONALFACESET(#13625,.T.,(#13605,#13606,#13607,#13608,#13609,#13610,#13611,#13612,#13613,#13614,#13615,#13616,#13617,#13618,#13619,#13620,#13621,#13622,#13623,#13624),$);
#13627=IFCSHAPEREPRESENTATION(#11,'Body','Tessellation',(#13626));
#13629=IFCCARTESIANPOINT((0.,0.,0.));
#13630=IFCBOUNDINGBOX(#13629,1.4968709945678711,0.83244717121124268,1.8000000715255737);
#13631=IFCSHAPEREPRESENTATION(#13,'Box','BoundingBox',(#13630));
#13632=IFCCARTESIANPOINT((0.,0.,0.));
#13633=IFCDIRECTION((1.,0.,0.));
#13634=IFCDIRECTION((0.,0.,1.));
#13635=IFCAXIS2PLACEMENT3D(#13632,#13634,#13633);
#13636=IFCREPRESENTATIONMAP(#13635,#13631);
#13637=IFCCARTESIANPOINT((0.,0.,0.));
#13638=IFCDIRECTION((1.,0.,0.));
#13639=IFCDIRECTION((0.,1.,0.));
#13640=IFCDIRECTION((0.,0.,1.));
#13641=IFCCARTESIANTRANSFORMATIONOPERATOR3D(#13638,#13639,#13637,1.,#13640);
#13642=IFCMAPPEDITEM(#13636,#13641);
#13643=IFCSHAPEREPRESENTATION(#13,'Box','MappedRepresentation',(#13642));
#13644=IFCSLABTYPE('31AojLzHHF6OJMOnix_0Ct',$,'Slab Landing',$,$,(#13648),$,$,$,.LANDING.);
#13645=IFCMATERIALLAYERSET((#13647),$,$);
#13646=IFCRELASSOCIATESMATERIAL('3pd43miOf0PhXb4qrcFWww',$,$,$,(#13644),#13645);
#13647=IFCMATERIALLAYER(#81,1.7999999523162842,$,$,$,$,$);
#13648=IFCPROPERTYSET('2YVHbTUmr2FeDsw4aLYR6q',$,'EPset_Parametric',$,(#13649));
#13649=IFCPROPERTYSINGLEVALUE('LayerSetDirection',$,IFCLABEL('AXIS3'),$);
#13673=IFCSLAB('0cDJgnqHPEJA0Ofm1MoZhn',$,'Slab',$,$,#13705,#13688,$,$);
#13674=IFCRELDEFINESBYTYPE('1n0vIS2HD9xQdJWxzwrMn1',$,$,$,(#14344,#14322,#13673),#13644);
#13675=IFCMATERIALLAYERSETUSAGE(#13645,.AXIS3.,.POSITIVE.,-0.10000000149011612,$);
#13676=IFCRELASSOCIATESMATERIAL('0PG29xPyD8$Qq4w4pt4GmP',$,$,$,(#13673),#13675);
#13684=IFCDIRECTION((0.,0.,1.));
#13686=IFCEXTRUDEDAREASOLID(#13708,#13695,#13684,1.7999999523162842);
#13687=IFCSHAPEREPRESENTATION(#11,'Body','SweptSolid',(#13686));
#13688=IFCPRODUCTDEFINITIONSHAPE($,$,(#13687));
#13689=IFCPROPERTYSET('01tBjSCtX3MveZXs8sef$$',$,'EPset_Parametric',$,(#13691));
#13690=IFCRELDEFINESBYPROPERTIES('3MDVoywkL5R8hwRyyifwIJ',$,$,$,(#13673),#13689);
#13691=IFCPROPERTYSINGLEVALUE('Engine',$,IFCLABEL('Bonsai.DumbLayer3'),$);
#13692=IFCCARTESIANPOINT((-0.,-0.,-0.10000000149011612));
#13693=IFCDIRECTION((0.,0.,1.));
#13694=IFCDIRECTION((1.,0.,0.));
#13695=IFCAXIS2PLACEMENT3D(#13692,#13693,#13694);
#13696=IFCCARTESIANPOINT((1.8234667778015137,0.5071556568145752,0.10000000149011612));
#13697=IFCDIRECTION((0.,0.,1.));
#13698=IFCDIRECTION((1.,0.,0.));
#13699=IFCAXIS2PLACEMENT3D(#13696,#13697,#13698);
#13700=IFCLOCALPLACEMENT(#79,#13699);
#13701=IFCCARTESIANPOINT((3.322901725769043,0.50877261161804199,0.19999998807907104));
#13702=IFCDIRECTION((0.,0.,1.));
#13703=IFCDIRECTION((1.,0.,0.));
#13704=IFCAXIS2PLACEMENT3D(#13701,#13702,#13703);
#13705=IFCLOCALPLACEMENT(#79,#13704);
#13706=IFCCARTESIANPOINTLIST2D(((-0.0025639533996582031,0.),(0.,0.83083021640777588),(0.80604934692382812,0.82914209365844727),(0.8052520751953125,-0.0031049251556396484),(0.,0.),(-0.0025639533996582031,0.)));
#13707=IFCINDEXEDPOLYCURVE(#13706,$,$);
#13708=IFCARBITRARYCLOSEDPROFILEDEF(.AREA.,$,#13707);
#13709=IFCRAILINGTYPE('2PondziEX6787OCKltiUmp',$,'Balcony-1',$,$,(#13710,#13712),(#13741,#13785),$,$,.USERDEFINED.);
#13710=IFCPROPERTYSET('1Co07JHSvCG9cfd2n1dDaS',$,'BBIM_Railing',$,(#13711));
#13711=IFCPROPERTYSINGLEVALUE('Data',$,IFCTEXT('{"railing_type": "FRAMELESS_PANEL", "height": 1.0, "thickness": 0.05000000074505806, "spacing": 0.05000000074505806, "path_data": {"edges": [[0, 1], [1, 2]], "verts": [[-1.0, 0.0, 0.0], [0.0, 0.0, 0.0], [1.0, 0.0, 0.0]]}}'),$);
#13712=IFCPROPERTYSET('3xpcgDWiT1sxqraDf03wWQ',$,'Pset_RailingCommon',$,(#13713));
#13713=IFCPROPERTYSINGLEVALUE('Height',$,IFCPOSITIVELENGTHMEASURE(1.),$);
#13737=IFCCARTESIANPOINT((0.,0.,0.));
#13738=IFCDIRECTION((1.,0.,0.));
#13739=IFCDIRECTION((0.,0.,1.));
#13740=IFCAXIS2PLACEMENT3D(#13737,#13739,#13738);
#13741=IFCREPRESENTATIONMAP(#13740,#13776);
#13742=IFCINDEXEDPOLYGONALFACE((2,3,4));
#13743=IFCINDEXEDPOLYGONALFACE((2,4,1));
#13744=IFCINDEXEDPOLYGONALFACE((6,7,8));
#13745=IFCINDEXEDPOLYGONALFACE((6,8,5));
#13746=IFCINDEXEDPOLYGONALFACE((12,9,10));
#13747=IFCINDEXEDPOLYGONALFACE((12,10,11));
#13748=IFCINDEXEDPOLYGONALFACE((13,14,9));
#13749=IFCINDEXEDPOLYGONALFACE((13,9,12));
#13750=IFCINDEXEDPOLYGONALFACE((18,15,16));
#13751=IFCINDEXEDPOLYGONALFACE((18,16,17));
#13752=IFCINDEXEDPOLYGONALFACE((19,20,15));
#13753=IFCINDEXEDPOLYGONALFACE((19,15,18));
#13754=IFCINDEXEDPOLYGONALFACE((2,9,14));
#13755=IFCINDEXEDPOLYGONALFACE((1,10,9));
#13756=IFCINDEXEDPOLYGONALFACE((1,9,2));
#13757=IFCINDEXEDPOLYGONALFACE((6,19,7));
#13758=IFCINDEXEDPOLYGONALFACE((6,20,19));
#13759=IFCINDEXEDPOLYGONALFACE((18,8,7));
#13760=IFCINDEXEDPOLYGONALFACE((18,7,19));
#13761=IFCINDEXEDPOLYGONALFACE((17,8,18));
#13762=IFCINDEXEDPOLYGONALFACE((16,5,8));
#13763=IFCINDEXEDPOLYGONALFACE((16,8,17));
#13764=IFCINDEXEDPOLYGONALFACE((6,15,20));
#13765=IFCINDEXEDPOLYGONALFACE((5,16,15));
#13766=IFCINDEXEDPOLYGONALFACE((5,15,6));
#13767=IFCINDEXEDPOLYGONALFACE((10,1,4));
#13768=IFCINDEXEDPOLYGONALFACE((10,4,11));
#13769=IFCINDEXEDPOLYGONALFACE((2,13,3));
#13770=IFCINDEXEDPOLYGONALFACE((2,14,13));
#13771=IFCINDEXEDPOLYGONALFACE((12,4,3));
#13772=IFCINDEXEDPOLYGONALFACE((12,3,13));
#13773=IFCINDEXEDPOLYGONALFACE((11,4,12));
#13774=IFCCARTESIANPOINTLIST3D(((-0.02500000037252903,-0.02500000037252903,1.),(-0.02500000037252903,0.02500000037252903,1.),(-0.97500002384185791,0.02500000037252903,1.),(-0.97500002384185791,-0.02500000037252903,1.),(0.97500002384185791,-0.02500000037252903,1.),(0.97500002384185791,0.02500000037252903,1.),(0.02500000037252903,0.02500000037252903,1.),(0.02500000037252903,-0.02500000037252903,1.),(-0.02500000037252903,0.,0.),(-0.02500000037252903,-0.02500000037252903,0.),(-0.97500002384185791,-0.02500000037252903,0.),(-0.97500002384185791,0.,0.),(-0.97500002384185791,0.02500000037252903,0.),(-0.02500000037252903,0.02500000037252903,0.),(0.97500002384185791,0.,0.),(0.97500002384185791,-0.02500000037252903,0.),(0.02500000037252903,-0.02500000037252903,0.),(0.02500000037252903,0.,0.),(0.02500000037252903,0.02500000037252903,0.),(0.97500002384185791,0.02500000037252903,0.)));
#13775=IFCPOLYGONALFACESET(#13774,.T.,(#13742,#13743,#13744,#13745,#13746,#13747,#13748,#13749,#13750,#13751,#13752,#13753,#13754,#13755,#13756,#13757,#13758,#13759,#13760,#13761,#13762,#13763,#13764,#13765,#13766,#13767,#13768,#13769,#13770,#13771,#13772,#13773),$);
#13776=IFCSHAPEREPRESENTATION(#11,'Body','Tessellation',(#13775));
#13778=IFCCARTESIANPOINT((-0.97500002384185791,-0.02500000037252903,0.));
#13779=IFCBOUNDINGBOX(#13778,1.9500000476837158,0.05000000074505806,1.);
#13780=IFCSHAPEREPRESENTATION(#13,'Box','BoundingBox',(#13779));
#13781=IFCCARTESIANPOINT((0.,0.,0.));
#13782=IFCDIRECTION((1.,0.,0.));
#13783=IFCDIRECTION((0.,0.,1.));
#13784=IFCAXIS2PLACEMENT3D(#13781,#13783,#13782);
#13785=IFCREPRESENTATIONMAP(#13784,#13780);
#13786=IFCRAILING('0SE7XRCuz20PZIgRAkLrQi',$,'Railing',$,$,#13833,#13795,$,$);
#13787=IFCRELDEFINESBYTYPE('2DMn_z6DHBUgcRgwJNs34x',$,$,$,(#13786,#13834),#13709);
#13788=IFCCARTESIANPOINT((0.,0.,0.));
#13789=IFCDIRECTION((1.,0.,0.));
#13790=IFCDIRECTION((0.,1.,0.));
#13791=IFCDIRECTION((0.,0.,1.));
#13792=IFCCARTESIANTRANSFORMATIONOPERATOR3D(#13789,#13790,#13788,1.,#13791);
#13793=IFCMAPPEDITEM(#13741,#13792);
#13794=IFCSHAPEREPRESENTATION(#11,'Body','MappedRepresentation',(#13793));
#13795=IFCPRODUCTDEFINITIONSHAPE($,$,(#13794,#13802));
#13796=IFCCARTESIANPOINT((0.,0.,0.));
#13797=IFCDIRECTION((1.,0.,0.));
#13798=IFCDIRECTION((0.,1.,0.));
#13799=IFCDIRECTION((0.,0.,1.));
#13800=IFCCARTESIANTRANSFORMATIONOPERATOR3D(#13797,#13798,#13796,1.,#13799);
#13801=IFCMAPPEDITEM(#13785,#13800);
#13802=IFCSHAPEREPRESENTATION(#13,'Box','MappedRepresentation',(#13801));
#13829=IFCCARTESIANPOINT((0.85602176189422607,-3.0988495349884033,0.));
#13830=IFCDIRECTION((0.,0.,1.));
#13831=IFCDIRECTION((1.,0.,0.));
#13832=IFCAXIS2PLACEMENT3D(#13829,#13830,#13831);
#13833=IFCLOCALPLACEMENT(#6485,#13832);
#13834=IFCRAILING('0SXxqECGDFCOnxh4qm$fE7',$,'Railing',$,$,#13859,#13847,$,$);
#13840=IFCCARTESIANPOINT((0.,0.,0.));
#13841=IFCDIRECTION((1.,0.,0.));
#13842=IFCDIRECTION((0.,1.,0.));
#13843=IFCDIRECTION((0.,0.,1.));
#13844=IFCCARTESIANTRANSFORMATIONOPERATOR3D(#13841,#13842,#13840,1.,#13843);
#13845=IFCMAPPEDITEM(#13741,#13844);
#13846=IFCSHAPEREPRESENTATION(#11,'Body','MappedRepresentation',(#13845));
#13847=IFCPRODUCTDEFINITIONSHAPE($,$,(#13846,#13854));
#13848=IFCCARTESIANPOINT((0.,0.,0.));
#13849=IFCDIRECTION((1.,0.,0.));
#13850=IFCDIRECTION((0.,1.,0.));
#13851=IFCDIRECTION((0.,0.,1.));
#13852=IFCCARTESIANTRANSFORMATIONOPERATOR3D(#13849,#13850,#13848,1.,#13851);
#13853=IFCMAPPEDITEM(#13785,#13852);
#13854=IFCSHAPEREPRESENTATION(#13,'Box','MappedRepresentation',(#13853));
#13855=IFCCARTESIANPOINT((-1.1780608892440796,-3.0996570587158203,0.));
#13856=IFCDIRECTION((0.,0.,1.));
#13857=IFCDIRECTION((1.,0.,0.));
#13858=IFCAXIS2PLACEMENT3D(#13855,#13856,#13857);
#13859=IFCLOCALPLACEMENT(#6485,#13858);
#13860=IFCRAILINGTYPE('2z2nXAIFn47P_OFy4FiSte',$,'Balcony-2',$,$,(#13861,#13863),(#13865,#13958),$,$,.USERDEFINED.);
#13861=IFCPROPERTYSET('3NPi82tQD2TuE$Qqe0EdWL',$,'BBIM_Railing',$,(#13862));
#13862=IFCPROPERTYSINGLEVALUE('Data',$,IFCTEXT('{"railing_type": "FRAMELESS_PANEL", "height": 1.0, "thickness": 0.05000000074505806, "spacing": 0.05000000074505806, "path_data": {"edges": [[0, 1], [1, 2]], "verts": [[-0.05863332748413086, 0.0, 0.0], [0.0, 0.0, 0.0], [1.0, 0.0, 0.0]]}}'),$);
#13863=IFCPROPERTYSET('12fgawcmrAxxS8wZANMxge',$,'Pset_RailingCommon',$,(#13864));
#13864=IFCPROPERTYSINGLEVALUE('Height',$,IFCPOSITIVELENGTHMEASURE(1.),$);
#13865=IFCREPRESENTATIONMAP(#13866,#13949);
#13866=IFCAXIS2PLACEMENT3D(#13867,#13868,#13869);
#13867=IFCCARTESIANPOINT((0.,0.,0.));
#13868=IFCDIRECTION((0.,0.,1.));
#13869=IFCDIRECTION((1.,0.,0.));
#13913=IFCRAILING('2lH5syOef2cRTrirWqkMX0',$,'Railing',$,'FRAMELESS_PANEL',#14076,#13922,$,.USERDEFINED.);
#13914=IFCRELDEFINESBYTYPE('1fIUm6xafF0OpIM_nJgZKj',$,$,$,(#13913),#13860);
#13915=IFCCARTESIANPOINT((0.,0.,0.));
#13916=IFCDIRECTION((1.,0.,0.));
#13917=IFCDIRECTION((0.,1.,0.));
#13918=IFCDIRECTION((0.,0.,1.));
#13919=IFCCARTESIANTRANSFORMATIONOPERATOR3D(#13916,#13917,#13915,1.,#13918);
#13920=IFCMAPPEDITEM(#13865,#13919);
#13921=IFCSHAPEREPRESENTATION(#11,'Body','MappedRepresentation',(#13920));
#13922=IFCPRODUCTDEFINITIONSHAPE($,$,(#13921,#13965));
#13935=IFCINDEXEDPOLYGONALFACE((16,19,18,17));
#13936=IFCINDEXEDPOLYGONALFACE((20,23,22,21));
#13937=IFCINDEXEDPOLYGONALFACE((5,11,10,4,8,9));
#13938=IFCINDEXEDPOLYGONALFACE((7,15,14,6,12,13));
#13939=IFCINDEXEDPOLYGONALFACE((11,16,17,10));
#13940=IFCINDEXEDPOLYGONALFACE((8,18,19,9));
#13941=IFCINDEXEDPOLYGONALFACE((7,13,23,20,15));
#13942=IFCINDEXEDPOLYGONALFACE((5,9,19,16,11));
#13943=IFCINDEXEDPOLYGONALFACE((12,22,23,13));
#13944=IFCINDEXEDPOLYGONALFACE((14,21,22,12,6));
#13945=IFCINDEXEDPOLYGONALFACE((15,20,21,14));
#13946=IFCINDEXEDPOLYGONALFACE((4,10,17,18,8));
#13947=IFCCARTESIANPOINTLIST3D(((-0.058633327484130859,0.,0.),(0.,0.,0.),(1.,0.,0.),(-0.033633328974246979,0.,0.),(-0.02500000037252903,0.,0.),(0.02500000037252903,0.,0.),(0.97500002384185791,0.,0.),(-0.033633328974246979,0.02500000037252903,0.),(-0.02500000037252903,0.02500000037252903,0.),(-0.033633328974246979,-0.02500000037252903,0.),(-0.02500000037252903,-0.02500000037252903,0.),(0.02500000037252903,0.02500000037252903,0.),(0.97500002384185791,0.02500000037252903,0.),(0.02500000037252903,-0.02500000037252903,0.),(0.97500002384185791,-0.02500000037252903,0.),(-0.02500000037252903,-0.02500000037252903,1.),(-0.033633328974246979,-0.02500000037252903,1.),(-0.033633328974246979,0.02500000037252903,1.),(-0.02500000037252903,0.02500000037252903,1.),(0.97500002384185791,-0.02500000037252903,1.),(0.02500000037252903,-0.02500000037252903,1.),(0.02500000037252903,0.02500000037252903,1.),(0.97500002384185791,0.02500000037252903,1.)));
#13948=IFCPOLYGONALFACESET(#13947,.F.,(#13935,#13936,#13937,#13938,#13939,#13940,#13941,#13942,#13943,#13944,#13945,#13946),$);
#13949=IFCSHAPEREPRESENTATION(#11,'Body','Tessellation',(#13948));
#13951=IFCCARTESIANPOINT((-0.058633327484130859,-0.02500000037252903,0.));
#13952=IFCBOUNDINGBOX(#13951,1.0586333274841309,0.05000000074505806,1.);
#13953=IFCSHAPEREPRESENTATION(#13,'Box','BoundingBox',(#13952));
#13954=IFCCARTESIANPOINT((0.,0.,0.));
#13955=IFCDIRECTION((1.,0.,0.));
#13956=IFCDIRECTION((0.,0.,1.));
#13957=IFCAXIS2PLACEMENT3D(#13954,#13956,#13955);
#13958=IFCREPRESENTATIONMAP(#13957,#13953);
#13959=IFCCARTESIANPOINT((0.,0.,0.));
#13960=IFCDIRECTION((1.,0.,0.));
#13961=IFCDIRECTION((0.,1.,0.));
#13962=IFCDIRECTION((0.,0.,1.));
#13963=IFCCARTESIANTRANSFORMATIONOPERATOR3D(#13960,#13961,#13959,1.,#13962);
#13964=IFCMAPPEDITEM(#13958,#13963);
#13965=IFCSHAPEREPRESENTATION(#13,'Box','MappedRepresentation',(#13964));
#13966=IFCRAILINGTYPE('3V0yYpMz5FcRSTAgxi3hzm',$,'Balcony-3',$,$,(#13967,#13969),(#13971,#14064),$,$,.USERDEFINED.);
#13967=IFCPROPERTYSET('2tG6jATCn0axtzpLRL2$dW',$,'BBIM_Railing',$,(#13968));
#13968=IFCPROPERTYSINGLEVALUE('Data',$,IFCTEXT('{"railing_type": "FRAMELESS_PANEL", "height": 1.0, "thickness": 0.05000000074505806, "spacing": 0.05000000074505806, "path_data": {"edges": [[0, 1], [1, 2]], "verts": [[-0.4856081008911133, 2.2484783812615206e-08, 0.0], [0.0, 0.0, 0.0], [1.0, 0.0, 0.0]]}}'),$);
#13969=IFCPROPERTYSET('0WKrvuHaL1x8loMbs_dtwY',$,'Pset_RailingCommon',$,(#13970));
#13970=IFCPROPERTYSINGLEVALUE('Height',$,IFCPOSITIVELENGTHMEASURE(1.),$);
#13971=IFCREPRESENTATIONMAP(#13972,#14055);
#13972=IFCAXIS2PLACEMENT3D(#13973,#13974,#13975);
#13973=IFCCARTESIANPOINT((0.,0.,0.));
#13974=IFCDIRECTION((0.,0.,1.));
#13975=IFCDIRECTION((1.,0.,0.));
#14019=IFCRAILING('2LOGLb$On7O94l9FGy47J1',$,'Railing',$,'FRAMELESS_PANEL',#14081,#14028,$,.USERDEFINED.);
#14020=IFCRELDEFINESBYTYPE('30kW25fqjBZxDVX1LRLRgE',$,$,$,(#14019),#13966);
#14021=IFCCARTESIANPOINT((0.,0.,0.));
#14022=IFCDIRECTION((1.,0.,0.));
#14023=IFCDIRECTION((0.,1.,0.));
#14024=IFCDIRECTION((0.,0.,1.));
#14025=IFCCARTESIANTRANSFORMATIONOPERATOR3D(#14022,#14023,#14021,1.,#14024);
#14026=IFCMAPPEDITEM(#13971,#14025);
#14027=IFCSHAPEREPRESENTATION(#11,'Body','MappedRepresentation',(#14026));
#14028=IFCPRODUCTDEFINITIONSHAPE($,$,(#14027,#14071));
#14041=IFCINDEXEDPOLYGONALFACE((16,19,18,17));
#14042=IFCINDEXEDPOLYGONALFACE((20,23,22,21));
#14043=IFCINDEXEDPOLYGONALFACE((5,11,10,4,8,9));
#14044=IFCINDEXEDPOLYGONALFACE((7,15,14,6,12,13));
#14045=IFCINDEXEDPOLYGONALFACE((5,9,19,16,11));
#14046=IFCINDEXEDPOLYGONALFACE((12,22,23,13));
#14047=IFCINDEXEDPOLYGONALFACE((6,14,21,22,12));
#14048=IFCINDEXEDPOLYGONALFACE((15,20,21,14));
#14049=IFCINDEXEDPOLYGONALFACE((7,13,23,20,15));
#14050=IFCINDEXEDPOLYGONALFACE((11,16,17,10));
#14051=IFCINDEXEDPOLYGONALFACE((8,18,19,9));
#14052=IFCINDEXEDPOLYGONALFACE((4,10,17,18,8));
#14053=IFCCARTESIANPOINTLIST3D(((-0.48560810089111328,2.2484783812615206E-08,0.),(0.,0.,0.),(1.,0.,0.),(-0.4606080949306488,2.1327226207290551E-08,0.),(-0.02500000037252903,1.1575581604361673E-09,0.),(0.02500000037252903,0.,0.),(0.97500002384185791,0.,0.),(-0.4606080949306488,0.025000020861625671,0.),(-0.024999998509883881,0.025000002235174179,0.),(-0.4606080949306488,-0.024999979883432388,0.),(-0.025000002235174179,-0.024999998509883881,0.),(0.02500000037252903,0.02500000037252903,0.),(0.97500002384185791,0.02500000037252903,0.),(0.02500000037252903,-0.02500000037252903,0.),(0.97500002384185791,-0.02500000037252903,0.),(-0.025000002235174179,-0.024999998509883881,1.),(-0.4606080949306488,-0.024999979883432388,1.),(-0.4606080949306488,0.025000020861625671,1.),(-0.024999998509883881,0.025000002235174179,1.),(0.97500002384185791,-0.02500000037252903,1.),(0.02500000037252903,-0.02500000037252903,1.),(0.02500000037252903,0.02500000037252903,1.),(0.97500002384185791,0.02500000037252903,1.)));
#14054=IFCPOLYGONALFACESET(#14053,.F.,(#14041,#14042,#14043,#14044,#14045,#14046,#14047,#14048,#14049,#14050,#14051,#14052),$);
#14055=IFCSHAPEREPRESENTATION(#11,'Body','Tessellation',(#14054));
#14057=IFCCARTESIANPOINT((-0.48560810089111328,-0.02500000037252903,0.));
#14058=IFCBOUNDINGBOX(#14057,1.4856081008911133,0.050000019371509552,1.);
#14059=IFCSHAPEREPRESENTATION(#13,'Box','BoundingBox',(#14058));
#14060=IFCCARTESIANPOINT((0.,0.,0.));
#14061=IFCDIRECTION((1.,0.,0.));
#14062=IFCDIRECTION((0.,0.,1.));
#14063=IFCAXIS2PLACEMENT3D(#14060,#14062,#14061);
#14064=IFCREPRESENTATIONMAP(#14063,#14059);
#14065=IFCCARTESIANPOINT((0.,0.,0.));
#14066=IFCDIRECTION((1.,0.,0.));
#14067=IFCDIRECTION((0.,1.,0.));
#14068=IFCDIRECTION((0.,0.,1.));
#14069=IFCCARTESIANTRANSFORMATIONOPERATOR3D(#14066,#14067,#14065,1.,#14068);
#14070=IFCMAPPEDITEM(#14064,#14069);
#14071=IFCSHAPEREPRESENTATION(#13,'Box','MappedRepresentation',(#14070));
#14072=IFCCARTESIANPOINT((-3.2357749938964844,-3.0990159511566162,0.));
#14073=IFCDIRECTION((0.,0.,1.));
#14074=IFCDIRECTION((1.,0.,0.));
#14075=IFCAXIS2PLACEMENT3D(#14072,#14073,#14074);
#14076=IFCLOCALPLACEMENT(#6485,#14075);
#14077=IFCCARTESIANPOINT((-3.2694087028503418,-2.1492342948913574,0.));
#14078=IFCDIRECTION((0.,0.,1.));
#14079=IFCDIRECTION((-4.3711388286737889E-08,-0.99999999999999911,0.));
#14080=IFCAXIS2PLACEMENT3D(#14077,#14078,#14079);
#14081=IFCLOCALPLACEMENT(#6485,#14080);
#14082=IFCDOOR('0jI_2Tjy56P85z9BbVkgMd',$,'Door',$,$,#14321,#14091,$,2.,1.523492693901062,$,.SLIDING_TO_LEFT.,$);
#14083=IFCRELDEFINESBYTYPE('3zsoFnQRn4i8kI8Lj74rfN',$,$,$,(#14082),#12826);
#14084=IFCCARTESIANPOINT((0.,0.,0.));
#14085=IFCDIRECTION((1.,0.,0.));
#14086=IFCDIRECTION((0.,1.,0.));
#14087=IFCDIRECTION((0.,0.,1.));
#14088=IFCCARTESIANTRANSFORMATIONOPERATOR3D(#14085,#14086,#14084,1.,#14087);
#14089=IFCMAPPEDITEM(#12829,#14088);
#14090=IFCSHAPEREPRESENTATION(#18,'Profile','MappedRepresentation',(#14089));
#14091=IFCPRODUCTDEFINITIONSHAPE($,$,(#14090,#14098,#14105,#14112));
#14092=IFCCARTESIANPOINT((0.,0.,0.));
#14093=IFCDIRECTION((1.,0.,0.));
#14094=IFCDIRECTION((0.,1.,0.));
#14095=IFCDIRECTION((0.,0.,1.));
#14096=IFCCARTESIANTRANSFORMATIONOPERATOR3D(#14093,#14094,#14092,1.,#14095);
#14097=IFCMAPPEDITEM(#12837,#14096);
#14098=IFCSHAPEREPRESENTATION(#11,'Body','MappedRepresentation',(#14097));
#14099=IFCCARTESIANPOINT((0.,0.,0.));
#14100=IFCDIRECTION((1.,0.,0.));
#14101=IFCDIRECTION((0.,1.,0.));
#14102=IFCDIRECTION((0.,0.,1.));
#14103=IFCCARTESIANTRANSFORMATIONOPERATOR3D(#14100,#14101,#14099,1.,#14102);
#14104=IFCMAPPEDITEM(#12915,#14103);
#14105=IFCSHAPEREPRESENTATION(#24,'Body','MappedRepresentation',(#14104));
#14106=IFCCARTESIANPOINT((0.,0.,0.));
#14107=IFCDIRECTION((1.,0.,0.));
#14108=IFCDIRECTION((0.,1.,0.));
#14109=IFCDIRECTION((0.,0.,1.));
#14110=IFCCARTESIANTRANSFORMATIONOPERATOR3D(#14107,#14108,#14106,1.,#14109);
#14111=IFCMAPPEDITEM(#13055,#14110);
#14112=IFCSHAPEREPRESENTATION(#25,'Annotation','MappedRepresentation',(#14111));
#14113=IFCOPENINGELEMENT('2Xz0nEaFL1Jh7w9UN_MvaB',$,'Opening',$,$,#14316,#14141,$,.OPENING.);
#14129=IFCCARTESIANPOINT((0.,0.,0.));
#14130=IFCDIRECTION((1.,0.,0.));
#14131=IFCDIRECTION((0.,0.,1.));
#14132=IFCAXIS2PLACEMENT3D(#14129,#14131,#14130);
#14133=IFCREPRESENTATIONMAP(#14132,#14306);
#14134=IFCCARTESIANPOINT((0.,0.,0.));
#14135=IFCDIRECTION((1.,0.,0.));
#14136=IFCDIRECTION((0.,1.,0.));
#14137=IFCDIRECTION((0.,0.,1.));
#14138=IFCCARTESIANTRANSFORMATIONOPERATOR3D(#14135,#14136,#14134,1.,#14137);
#14139=IFCMAPPEDITEM(#14133,#14138);
#14140=IFCSHAPEREPRESENTATION(#11,'Body','MappedRepresentation',(#14139));
#14141=IFCPRODUCTDEFINITIONSHAPE($,$,(#14140));
#14142=IFCRELVOIDSELEMENT('1MsSsGnj96$g_3iMQXGe0g',$,$,$,#7101,#14113);
#14148=IFCRELFILLSELEMENT('1jzUSESeD80x8yuwZ6kIu3',$,$,$,#14113,#14082);
#14214=IFCCARTESIANPOINTLIST3D(((0.,0.,0.),(1.523492693901062,0.,0.),(1.523492693901062,0.,2.),(0.,0.,2.)));
#14215=IFCINDEXEDPOLYCURVE(#14214,(IFCLINEINDEX((1,2,3,4,1))),$);
#14216=IFCSHAPEREPRESENTATION(#18,'Profile','Curve3D',(#14215));
#14217=IFCCARTESIANPOINTLIST2D(((0.,0.),(0.,2.),(1.523492693901062,2.),(1.523492693901062,0.),(1.473492693156004,0.),(1.473492693156004,1.9499999992549419),(0.05000000074505806,1.9499999992549419),(0.05000000074505806,0.)));
#14218=IFCINDEXEDPOLYCURVE(#14217,(IFCLINEINDEX((1,2,3,4,5,6,7,8,1))),$);
#14219=IFCARBITRARYCLOSEDPROFILEDEF(.AREA.,$,#14218);
#14220=IFCCARTESIANPOINT((0.,0.,0.));
#14221=IFCDIRECTION((0.,-1.,0.));
#14222=IFCDIRECTION((1.,0.,0.));
#14223=IFCAXIS2PLACEMENT3D(#14220,#14221,#14222);
#14224=IFCDIRECTION((0.,0.,-1.));
#14225=IFCEXTRUDEDAREASOLID(#14219,#14223,#14224,0.11558942496776581);
#14226=IFCCARTESIANPOINTLIST2D(((0.,0.),(1.4234926924109459,0.),(1.4234926924109459,0.10000000149011612),(0.,0.10000000149011612)));
#14227=IFCINDEXEDPOLYCURVE(#14226,(IFCLINEINDEX((1,2,3,4,1))),$);
#14228=IFCARBITRARYCLOSEDPROFILEDEF(.AREA.,$,#14227);
#14229=IFCCARTESIANPOINT((0.05000000074505806,0.,0.));
#14230=IFCDIRECTION((0.,0.,1.));
#14231=IFCDIRECTION((1.,0.,0.));
#14232=IFCAXIS2PLACEMENT3D(#14229,#14230,#14231);
#14233=IFCDIRECTION((0.,0.,1.));
#14234=IFCEXTRUDEDAREASOLID(#14228,#14232,#14233,0.02500000037252903);
#14235=IFCCARTESIANPOINTLIST2D(((0.,0.),(0.,2.0250000022351742),(1.5734926983714104,2.0250000022351742),(1.5734926983714104,0.),(1.4984926953911781,0.),(1.4984926953911781,1.9499999992549419),(0.075000002980232239,1.9499999992549419),(0.075000002980232239,0.)));
#14236=IFCINDEXEDPOLYCURVE(#14235,(IFCLINEINDEX((1,2,3,4,5,6,7,8,1))),$);
#14237=IFCARBITRARYCLOSEDPROFILEDEF(.AREA.,$,#14236);
#14238=IFCCARTESIANPOINT((-0.025000002235174179,-0.004999999888241291,0.));
#14239=IFCDIRECTION((0.,-1.,0.));
#14240=IFCDIRECTION((1.,0.,0.));
#14241=IFCAXIS2PLACEMENT3D(#14238,#14239,#14240);
#14242=IFCDIRECTION((0.,0.,-1.));
#14243=IFCEXTRUDEDAREASOLID(#14237,#14241,#14242,0.004999999888241291);
#14244=IFCCARTESIANPOINTLIST2D(((0.,0.),(0.,2.0250000022351742),(1.5734926983714104,2.0250000022351742),(1.5734926983714104,0.),(1.4984926953911781,0.),(1.4984926953911781,1.9499999992549419),(0.075000002980232239,1.9499999992549419),(0.075000002980232239,0.)));
#14245=IFCINDEXEDPOLYCURVE(#14244,(IFCLINEINDEX((1,2,3,4,5,6,7,8,1))),$);
#14246=IFCARBITRARYCLOSEDPROFILEDEF(.AREA.,$,#14245);
#14247=IFCCARTESIANPOINT((-0.025000002235174179,0.11558942496776581,0.));
#14248=IFCDIRECTION((0.,-1.,0.));
#14249=IFCDIRECTION((1.,0.,0.));
#14250=IFCAXIS2PLACEMENT3D(#14247,#14248,#14249);
#14251=IFCDIRECTION((0.,0.,-1.));
#14252=IFCEXTRUDEDAREASOLID(#14246,#14250,#14251,0.004999999888241291);
#14253=IFCCARTESIANPOINTLIST2D(((0.,0.),(1.4234926924109459,0.),(1.4234926924109459,0.066074997186660767),(0.,0.066074997186660767)));
#14254=IFCINDEXEDPOLYCURVE(#14253,(IFCLINEINDEX((1,2,3,4,1))),$);
#14255=IFCARBITRARYCLOSEDPROFILEDEF(.AREA.,$,#14254);
#14256=IFCCARTESIANPOINT((0.05000000074505806,-0.066074997186660767,0.02500000037252903));
#14257=IFCDIRECTION((0.,0.,1.));
#14258=IFCDIRECTION((1.,0.,0.));
#14259=IFCAXIS2PLACEMENT3D(#14256,#14257,#14258);
#14260=IFCDIRECTION((0.,0.,1.));
#14261=IFCEXTRUDEDAREASOLID(#14255,#14259,#14260,1.9249999988824129);
#14262=IFCCARTESIANPOINTLIST2D(((0.,0.),(0.,-0.040000000000000008),(-0.11999999999999988,-0.040000000000000008),(-0.11999999999999988,-0.020000000000000004),(-0.020000000000000018,-0.020000000000000004),(-0.020000000000000018,0.)));
#14263=IFCINDEXEDPOLYCURVE(#14262,(IFCLINEINDEX((1,2,3,4,5,6,1))),$);
#14264=IFCARBITRARYCLOSEDPROFILEDEF(.AREA.,$,#14263);
#14265=IFCCARTESIANPOINT((1.4234926931560039,-0.066074997186660767,1.015000000372529));
#14266=IFCDIRECTION((0.,0.,1.));
#14267=IFCDIRECTION((1.,0.,0.));
#14268=IFCAXIS2PLACEMENT3D(#14265,#14266,#14267);
#14269=IFCDIRECTION((0.,0.,1.));
#14270=IFCEXTRUDEDAREASOLID(#14264,#14268,#14269,0.02);
#14271=IFCEXTRUDEDAREASOLID(#14272,#14275,#14279,0.02);
#14272=IFCARBITRARYCLOSEDPROFILEDEF(.AREA.,$,#14273);
#14273=IFCINDEXEDPOLYCURVE(#14274,(IFCLINEINDEX((1,2,3,4,5,6,1))),$);
#14274=IFCCARTESIANPOINTLIST2D(((0.,0.),(0.,0.040000000000000008),(-0.11999999999999988,0.040000000000000008),(-0.11999999999999988,0.020000000000000004),(-0.020000000000000018,0.020000000000000004),(-0.020000000000000018,0.)));
#14275=IFCAXIS2PLACEMENT3D(#14276,#14277,#14278);
#14276=IFCCARTESIANPOINT((1.4234926931560039,0.,1.015000000372529));
#14277=IFCDIRECTION((0.,0.,1.));
#14278=IFCDIRECTION((1.,0.,0.));
#14279=IFCDIRECTION((0.,0.,1.));
#14280=IFCSHAPEREPRESENTATION(#11,'Body','SweptSolid',(#14225,#14261,#14270,#14271,#14234,#14243,#14252));
#14281=IFCSHAPEREPRESENTATION(#11,'Body','SweptSolid',(#14225,#14234,#14243,#14252));
#14282=IFCSHAPEASPECT((#14281),'Lining',$,.T.,#14091);
#14283=IFCSHAPEREPRESENTATION(#11,'Body','SweptSolid',(#14261,#14270,#14271));
#14284=IFCSHAPEASPECT((#14283),'Framing',$,.T.,#14091);
#14285=IFCCARTESIANPOINTLIST2D(((0.,0.),(0.05000000074505806,0.),(0.05000000074505806,0.11558942496776581),(0.,0.11558942496776581)));
#14286=IFCINDEXEDPOLYCURVE(#14285,(IFCLINEINDEX((1,2,3,4,1))),$);
#14287=IFCINDEXEDPOLYCURVE(#14288,(IFCLINEINDEX((1,2,3,4,1))),$);
#14288=IFCCARTESIANPOINTLIST2D(((1.523492693901062,0.),(1.473492693156004,0.),(1.473492693156004,0.11558942496776581),(1.523492693901062,0.11558942496776581)));
#14289=IFCCARTESIANPOINTLIST2D(((-0.66174634546041489,-0.066074997186660767),(0.76174634695053101,-0.066074997186660767),(0.76174634695053101,0.),(-0.66174634546041489,0.)));
#14290=IFCINDEXEDPOLYCURVE(#14289,(IFCLINEINDEX((1,2,3,4,1))),$);
#14291=IFCSHAPEREPRESENTATION(#24,'Body','Curve2D',(#14286,#14287,#14290));
#14292=IFCCARTESIANPOINTLIST2D(((0.54822244308888912,-0.1126624253051145),(0.97527025081217289,-0.1126624253051145)));
#14293=IFCINDEXEDPOLYCURVE(#14292,$,$);
#14294=IFCCARTESIANPOINTLIST2D(((0.57822244308888904,-0.081604139892812011),(0.54822244308888912,-0.1126624253051145),(0.57822244308888904,-0.14372071071741699)));
#14295=IFCINDEXEDPOLYCURVE(#14294,$,$);
#14296=IFCSHAPEREPRESENTATION(#25,'Annotation','Curve2D',(#14293,#14295));
#14297=IFCCARTESIANPOINTLIST2D(((0.,0.),(1.523492693901062,0.),(1.523492693901062,2.),(0.,2.)));
#14298=IFCINDEXEDPOLYCURVE(#14297,(IFCLINEINDEX((1,2,3,4,1))),$);
#14299=IFCARBITRARYCLOSEDPROFILEDEF(.AREA.,$,#14298);
#14300=IFCCARTESIANPOINT((0.,-0.60000002384185791,0.));
#14301=IFCDIRECTION((0.,-1.,0.));
#14302=IFCDIRECTION((1.,0.,0.));
#14303=IFCAXIS2PLACEMENT3D(#14300,#14301,#14302);
#14304=IFCDIRECTION((0.,0.,-1.));
#14305=IFCEXTRUDEDAREASOLID(#14299,#14303,#14304,1.2);
#14306=IFCSHAPEREPRESENTATION(#11,'Body','SweptSolid',(#14305));
#14312=IFCCARTESIANPOINT((1.5418108071977499,0.085483789443969727,0.));
#14313=IFCDIRECTION((0.,0.,1.));
#14314=IFCDIRECTION((0.99999999999954525,-9.5367431640581632E-07,0.));
#14315=IFCAXIS2PLACEMENT3D(#14312,#14313,#14314);
#14316=IFCLOCALPLACEMENT(#7215,#14315);
#14317=IFCCARTESIANPOINT((-2.2204460492503131E-16,-2.2204460492503131E-16,0.));
#14318=IFCDIRECTION((0.,0.,1.));
#14319=IFCDIRECTION((1.,0.,0.));
#14320=IFCAXIS2PLACEMENT3D(#14317,#14318,#14319);
#14321=IFCLOCALPLACEMENT(#14316,#14320);
#14322=IFCSLAB('09HcBJ9pX0sOtrmcMuWGcr',$,'Slab',$,$,#14323,#14333,$,$);
#14323=IFCLOCALPLACEMENT(#79,#14324);
#14324=IFCAXIS2PLACEMENT3D(#14325,#14326,#14327);
#14325=IFCCARTESIANPOINT((3.322901725769043,0.50877261161804199,0.19999998807907104));
#14326=IFCDIRECTION((0.,0.,1.));
#14327=IFCDIRECTION((1.,0.,0.));
#14328=IFCRELASSOCIATESMATERIAL('1pf_O0T9H579MzVQb_VMy2',$,$,$,(#14322),#14329);
#14329=IFCMATERIALLAYERSETUSAGE(#13645,.AXIS3.,.POSITIVE.,-0.10000000149011612,$);
#14330=IFCRELDEFINESBYPROPERTIES('2qGgoqutP05eWI5$m$5LsX',$,$,$,(#14322),#14331);
#14331=IFCPROPERTYSET('1422pdTff7fef2bewdZmMP',$,'EPset_Parametric',$,(#14332));
#14332=IFCPROPERTYSINGLEVALUE('Engine',$,IFCLABEL('Bonsai.DumbLayer3'),$);
#14333=IFCPRODUCTDEFINITIONSHAPE($,$,(#14334));
#14334=IFCSHAPEREPRESENTATION(#11,'Body','SweptSolid',(#14335));
#14335=IFCEXTRUDEDAREASOLID(#14336,#14339,#14343,1.7999999523162842);
#14336=IFCARBITRARYCLOSEDPROFILEDEF(.AREA.,$,#14337);
#14337=IFCINDEXEDPOLYCURVE(#14338,$,$);
#14338=IFCCARTESIANPOINTLIST2D(((-0.0025639533996582031,0.),(0.,0.83083021640777588),(0.80604934692382812,0.82914209365844727),(0.8052520751953125,-0.0031049251556396484),(0.,0.),(-0.0025639533996582031,0.)));
#14339=IFCAXIS2PLACEMENT3D(#14340,#14341,#14342);
#14340=IFCCARTESIANPOINT((-0.,-0.,-0.10000000149011612));
#14341=IFCDIRECTION((0.,0.,1.));
#14342=IFCDIRECTION((1.,0.,0.));
#14343=IFCDIRECTION((0.,0.,1.));
#14344=IFCSLAB('3eSR44Qh177xfOlnOKCMsf',$,'Slab',$,$,#14373,#14358,$,$);
#14345=IFCMATERIALLAYERSETUSAGE(#13645,.AXIS3.,.POSITIVE.,-1.7999999523162842,$);
#14346=IFCRELASSOCIATESMATERIAL('3oTemWW0vAOu6aa7SOsmso',$,$,$,(#14344),#14345);
#14354=IFCDIRECTION((0.,0.,1.));
#14356=IFCEXTRUDEDAREASOLID(#14368,#14365,#14354,1.7999999523162842);
#14357=IFCSHAPEREPRESENTATION(#11,'Body','SweptSolid',(#14356));
#14358=IFCPRODUCTDEFINITIONSHAPE($,$,(#14357));
#14359=IFCPROPERTYSET('05TvJIeOz6KePZPT202zX9',$,'EPset_Parametric',$,(#14361));
#14360=IFCRELDEFINESBYPROPERTIES('3mfbHADarEq8MaKap4sVaP',$,$,$,(#14344),#14359);
#14361=IFCPROPERTYSINGLEVALUE('Engine',$,IFCLABEL('Bonsai.DumbLayer3'),$);
#14362=IFCCARTESIANPOINT((-0.,-0.,-1.7999999523162842));
#14363=IFCDIRECTION((0.,0.,1.));
#14364=IFCDIRECTION((1.,0.,0.));
#14365=IFCAXIS2PLACEMENT3D(#14362,#14363,#14364);
#14366=IFCCARTESIANPOINTLIST2D(((-0.0010483264923095703,2.1457672119140625E-06),(-0.0061230938881635666,0.94967526197433472),(0.80164027214050293,0.953163743019104),(0.80500102043151855,-0.0016859769821166992),(0.,-1.1920928955078125E-07),(-0.0010483264923095703,2.1457672119140625E-06)));
#14367=IFCINDEXEDPOLYCURVE(#14366,$,$);
#14368=IFCARBITRARYCLOSEDPROFILEDEF(.AREA.,$,#14367);
#14369=IFCCARTESIANPOINT((3.3239500522613525,1.339600682258606,1.8999999761581421));
#14370=IFCDIRECTION((0.,0.,1.));
#14371=IFCDIRECTION((1.,0.,0.));
#14372=IFCAXIS2PLACEMENT3D(#14369,#14370,#14371);
#14373=IFCLOCALPLACEMENT(#79,#14372);
#14481=IFCRAILINGTYPE('2aawRcNTPD39nV8jCMFfBb',$,'Living-1',$,$,(#14482,#14484),(#14486,#15459),$,$,.USERDEFINED.);
#14482=IFCPROPERTYSET('2aCE8JeZj6NQjMe_n$YcR$',$,'BBIM_Railing',$,(#14483));
#14483=IFCPROPERTYSINGLEVALUE('Data',$,IFCTEXT('{"railing_type": "FRAMELESS_PANEL", "height": 0.75, "thickness": 0.05000000074505806, "spacing": 0.05000000074505806, "path_data": {"edges": [[0, 1], [1, 2]], "verts": [[0.16718387603759766, 0.0, 0.0], [0.9749999046325684, 0.0, 0.0], [1.0, 0.0, 0.0]]}}'),$);
#14484=IFCPROPERTYSET('0sQt7nE1L2KueKI3FPBU1F',$,'Pset_RailingCommon',$,(#14485));
#14485=IFCPROPERTYSINGLEVALUE('Height',$,IFCPOSITIVELENGTHMEASURE(0.75),$);
#14486=IFCREPRESENTATIONMAP(#14487,#15450);
#14487=IFCAXIS2PLACEMENT3D(#14488,#14489,#14490);
#14488=IFCCARTESIANPOINT((0.,0.,0.));
#14489=IFCDIRECTION((0.,0.,1.));
#14490=IFCDIRECTION((1.,0.,0.));
#14556=IFCRAILING('0tbXM$UD9CQwQhHWCgPcr6',$,'Railing',$,'FRAMELESS_PANEL',#14894,#14565,$,.USERDEFINED.);
#14557=IFCRELDEFINESBYTYPE('1xLmxXhK9CyAZSfHj3HCN5',$,$,$,(#14556,#14905),#14481);
#14558=IFCCARTESIANPOINT((0.,0.,0.));
#14559=IFCDIRECTION((1.,0.,0.));
#14560=IFCDIRECTION((0.,1.,0.));
#14561=IFCDIRECTION((0.,0.,1.));
#14562=IFCCARTESIANTRANSFORMATIONOPERATOR3D(#14559,#14560,#14558,1.,#14561);
#14563=IFCMAPPEDITEM(#14486,#14562);
#14564=IFCSHAPEREPRESENTATION(#11,'Body','MappedRepresentation',(#14563));
#14565=IFCPRODUCTDEFINITIONSHAPE($,$,(#14564,#15466));
#14671=IFCRAILINGTYPE('3KuspTmvT70QFdT1LuiQvn',$,'Living-2',$,$,(#14672,#14674),(#14676,#14831),$,$,.USERDEFINED.);
#14672=IFCPROPERTYSET('05QHaAtW944e0wS3JchwNC',$,'BBIM_Railing',$,(#14673));
#14673=IFCPROPERTYSINGLEVALUE('Data',$,IFCTEXT('{"railing_type": "FRAMELESS_PANEL", "height": 1.0, "thickness": 0.05000000074505806, "spacing": 0.05000000074505806, "path_data": {"edges": [[0, 1], [1, 2]], "verts": [[-0.428316593170166, 0.0, -1.5750000476837158], [0.41367340087890625, 0.0, -0.6750000715255737], [1.0935544967651367, 0.0, 0.0]]}}'),$);
#14674=IFCPROPERTYSET('3ahErHiLH3SxKK1MwHE1Mc',$,'Pset_RailingCommon',$,(#14675));
#14675=IFCPROPERTYSINGLEVALUE('Height',$,IFCPOSITIVELENGTHMEASURE(1.),$);
#14676=IFCREPRESENTATIONMAP(#14677,#14822);
#14677=IFCAXIS2PLACEMENT3D(#14678,#14679,#14680);
#14678=IFCCARTESIANPOINT((0.,0.,0.));
#14679=IFCDIRECTION((0.,0.,1.));
#14680=IFCDIRECTION((1.,0.,0.));
#14724=IFCRAILING('35IVwcHd52$QC3BswT73sT',$,'Railing',$,'FRAMELESS_PANEL',#14904,#14733,$,.USERDEFINED.);
#14725=IFCRELDEFINESBYTYPE('1P32RWmRzAlRQ7SDMaQl5q',$,$,$,(#14724,#14869),#14671);
#14726=IFCCARTESIANPOINT((0.,0.,0.));
#14727=IFCDIRECTION((1.,0.,0.));
#14728=IFCDIRECTION((0.,1.,0.));
#14729=IFCDIRECTION((0.,0.,1.));
#14730=IFCCARTESIANTRANSFORMATIONOPERATOR3D(#14727,#14728,#14726,1.,#14729);
#14731=IFCMAPPEDITEM(#14676,#14730);
#14732=IFCSHAPEREPRESENTATION(#11,'Body','MappedRepresentation',(#14731));
#14733=IFCPRODUCTDEFINITIONSHAPE($,$,(#14732,#14838));
#14808=IFCINDEXEDPOLYGONALFACE((16,19,18,17));
#14809=IFCINDEXEDPOLYGONALFACE((20,23,22,21));
#14810=IFCINDEXEDPOLYGONALFACE((5,11,10,4,8,9));
#14811=IFCINDEXEDPOLYGONALFACE((7,15,14,6,12,13));
#14812=IFCINDEXEDPOLYGONALFACE((8,18,19,9));
#14813=IFCINDEXEDPOLYGONALFACE((13,23,20,15,7));
#14814=IFCINDEXEDPOLYGONALFACE((5,9,19,16,11));
#14815=IFCINDEXEDPOLYGONALFACE((12,22,23,13));
#14816=IFCINDEXEDPOLYGONALFACE((14,21,22,12,6));
#14817=IFCINDEXEDPOLYGONALFACE((15,20,21,14));
#14818=IFCINDEXEDPOLYGONALFACE((11,16,17,10));
#14819=IFCINDEXEDPOLYGONALFACE((4,10,17,18,8));
#14820=IFCCARTESIANPOINTLIST3D(((-0.42831659317016602,0.,-1.5750000476837158),(0.41367340087890625,0.,-0.67500007152557373),(1.0935544967651367,0.,0.),(-0.40331658720970154,0.,-1.5482776165008545),(0.38867339491844177,0.,-0.70172250270843506),(0.43867340683937073,0.,-0.65017956495285034),(1.0685545206069946,0.,-0.024820519611239433),(-0.40331658720970154,0.02500000037252903,-1.5482776165008545),(0.38867339491844177,0.02500000037252903,-0.70172250270843506),(-0.40331658720970154,-0.02500000037252903,-1.5482776165008545),(0.38867339491844177,-0.02500000037252903,-0.70172250270843506),(0.43867340683937073,0.02500000037252903,-0.65017956495285034),(1.0685545206069946,0.02500000037252903,-0.024820519611239433),(0.43867340683937073,-0.02500000037252903,-0.65017956495285034),(1.0685545206069946,-0.02500000037252903,-0.024820519611239433),(0.38867339491844177,-0.02500000037252903,0.29827749729156494),(-0.40331658720970154,-0.02500000037252903,-0.54827761650085449),(-0.40331658720970154,0.02500000037252903,-0.54827761650085449),(0.38867339491844177,0.02500000037252903,0.29827749729156494),(1.0685545206069946,-0.02500000037252903,0.97517949342727661),(0.43867340683937073,-0.02500000037252903,0.34982043504714966),(0.43867340683937073,0.02500000037252903,0.34982043504714966),(1.0685545206069946,0.02500000037252903,0.97517949342727661)));
#14821=IFCPOLYGONALFACESET(#14820,.F.,(#14808,#14809,#14810,#14811,#14812,#14813,#14814,#14815,#14816,#14817,#14818,#14819),$);
#14822=IFCSHAPEREPRESENTATION(#11,'Body','Tessellation',(#14821));
#14824=IFCCARTESIANPOINT((-0.42831659317016602,-0.02500000037252903,-1.5750000476837158));
#14825=IFCBOUNDINGBOX(#14824,1.5218710899353027,0.05000000074505806,2.5501794815063477);
#14826=IFCSHAPEREPRESENTATION(#13,'Box','BoundingBox',(#14825));
#14827=IFCCARTESIANPOINT((0.,0.,0.));
#14828=IFCDIRECTION((1.,0.,0.));
#14829=IFCDIRECTION((0.,0.,1.));
#14830=IFCAXIS2PLACEMENT3D(#14827,#14829,#14828);
#14831=IFCREPRESENTATIONMAP(#14830,#14826);
#14832=IFCCARTESIANPOINT((0.,0.,0.));
#14833=IFCDIRECTION((1.,0.,0.));
#14834=IFCDIRECTION((0.,1.,0.));
#14835=IFCDIRECTION((0.,0.,1.));
#14836=IFCCARTESIANTRANSFORMATIONOPERATOR3D(#14833,#14834,#14832,1.,#14835);
#14837=IFCMAPPEDITEM(#14831,#14836);
#14838=IFCSHAPEREPRESENTATION(#13,'Box','MappedRepresentation',(#14837));
#14869=IFCRAILING('0uJ$W8NXbAegcC$YBeXEvK',$,'Railing',$,'FRAMELESS_PANEL',#14899,#14882,$,.USERDEFINED.);
#14875=IFCCARTESIANPOINT((0.,0.,0.));
#14876=IFCDIRECTION((1.,0.,0.));
#14877=IFCDIRECTION((0.,1.,0.));
#14878=IFCDIRECTION((0.,0.,1.));
#14879=IFCCARTESIANTRANSFORMATIONOPERATOR3D(#14876,#14877,#14875,1.,#14878);
#14880=IFCMAPPEDITEM(#14676,#14879);
#14881=IFCSHAPEREPRESENTATION(#11,'Body','MappedRepresentation',(#14880));
#14882=IFCPRODUCTDEFINITIONSHAPE($,$,(#14881,#14889));
#14883=IFCCARTESIANPOINT((0.,0.,0.));
#14884=IFCDIRECTION((1.,0.,0.));
#14885=IFCDIRECTION((0.,1.,0.));
#14886=IFCDIRECTION((0.,0.,1.));
#14887=IFCCARTESIANTRANSFORMATIONOPERATOR3D(#14884,#14885,#14883,1.,#14886);
#14888=IFCMAPPEDITEM(#14831,#14887);
#14889=IFCSHAPEREPRESENTATION(#13,'Box','MappedRepresentation',(#14888));
#14890=IFCCARTESIANPOINT((3.1531538963317871,0.53066766262054443,1.8999998569488525));
#14891=IFCDIRECTION((0.,0.,1.));
#14892=IFCDIRECTION((1.,0.,0.));
#14893=IFCAXIS2PLACEMENT3D(#14890,#14891,#14892);
#14894=IFCLOCALPLACEMENT(#79,#14893);
#14895=IFCCARTESIANPOINT((2.226783275604248,1.3146028518676758,1.6482776403427124));
#14896=IFCDIRECTION((0.,0.,1.));
#14897=IFCDIRECTION((1.,0.,0.));
#14898=IFCAXIS2PLACEMENT3D(#14895,#14896,#14897);
#14899=IFCLOCALPLACEMENT(#79,#14898);
#14900=IFCCARTESIANPOINT((2.226783275604248,0.53215563297271729,1.6482776403427124));
#14901=IFCDIRECTION((0.,0.,1.));
#14902=IFCDIRECTION((1.,0.,0.));
#14903=IFCAXIS2PLACEMENT3D(#14900,#14901,#14902);
#14904=IFCLOCALPLACEMENT(#79,#14903);
#14905=IFCRAILING('1qyrpl7_T7ERZY4$xHgX9j',$,'Railing',$,'FRAMELESS_PANEL',#15036,#14918,$,.USERDEFINED.);
#14911=IFCCARTESIANPOINT((0.,0.,0.));
#14912=IFCDIRECTION((1.,0.,0.));
#14913=IFCDIRECTION((0.,1.,0.));
#14914=IFCDIRECTION((0.,0.,1.));
#14915=IFCCARTESIANTRANSFORMATIONOPERATOR3D(#14912,#14913,#14911,1.,#14914);
#14916=IFCMAPPEDITEM(#14486,#14915);
#14917=IFCSHAPEREPRESENTATION(#11,'Body','MappedRepresentation',(#14916));
#14918=IFCPRODUCTDEFINITIONSHAPE($,$,(#14917,#15473));
#14926=IFCSTAIRFLIGHTTYPE('19J1VBdB5CZ9INRHi0FsCm',$,'Stair-2',$,$,(#14927,#14929),(#14935,#15558),$,$,.STRAIGHT.);
#14927=IFCPROPERTYSET('2qE5vUYuL77x4gyBv3Xh9d',$,'BBIM_Stair',$,(#14928));
#14928=IFCPROPERTYSINGLEVALUE('Data',$,IFCTEXT('{"stair_type": "GENERIC", "width": 0.9475003480911255, "height": 1.2000000476837158, "number_of_treads": 6, "tread_run": 0.1871088743209839, "nosing_length": 0.0, "nosing_depth": 0.0, "custom_first_last_tread_run": [null, null], "custom_tread_lock": true}'),$);
#14929=IFCPROPERTYSET('37gZzTv_D2S9iEj7zF809F',$,'Pset_StairFlightCommon',$,(#14930,#14931,#14932,#14933,#14934));
#14930=IFCPROPERTYSINGLEVALUE('NumberOfRiser',$,IFCCOUNTMEASURE(7.),$);
#14931=IFCPROPERTYSINGLEVALUE('NumberOfTreads',$,IFCCOUNTMEASURE(6.),$);
#14932=IFCPROPERTYSINGLEVALUE('RiserHeight',$,IFCPOSITIVELENGTHMEASURE(0.17142857824053084),$);
#14933=IFCPROPERTYSINGLEVALUE('TreadLength',$,IFCPOSITIVELENGTHMEASURE(0.25),$);
#14934=IFCPROPERTYSINGLEVALUE('NosingLength',$,IFCLENGTHMEASURE(0.),$);
#14935=IFCREPRESENTATIONMAP(#14936,#15549);
#14936=IFCAXIS2PLACEMENT3D(#14937,#14938,#14939);
#14937=IFCCARTESIANPOINT((0.,0.,0.));
#14938=IFCDIRECTION((0.,0.,1.));
#14939=IFCDIRECTION((1.,0.,0.));
#14971=IFCSTAIRFLIGHT('0CNp2gqNb4i8YFwzmVGnBw',$,'StairFlight',$,$,#15134,#14980,$,7,6,0.17142857824053084,0.25,.STRAIGHT.);
#14972=IFCRELDEFINESBYTYPE('2LSC5Frx5C7vIM129HZ0uK',$,$,$,(#14971),#14926);
#14973=IFCCARTESIANPOINT((0.,0.,0.));
#14974=IFCDIRECTION((1.,0.,0.));
#14975=IFCDIRECTION((0.,1.,0.));
#14976=IFCDIRECTION((0.,0.,1.));
#14977=IFCCARTESIANTRANSFORMATIONOPERATOR3D(#14974,#14975,#14973,1.,#14976);
#14978=IFCMAPPEDITEM(#14935,#14977);
#14979=IFCSHAPEREPRESENTATION(#11,'Body','MappedRepresentation',(#14978));
#14980=IFCPRODUCTDEFINITIONSHAPE($,$,(#14979,#15565));
#15032=IFCCARTESIANPOINT((3.1255903244018555,2.2677645683288574,1.8999999761581421));
#15033=IFCDIRECTION((0.,0.,1.));
#15034=IFCDIRECTION((1.,0.,0.));
#15035=IFCAXIS2PLACEMENT3D(#15032,#15033,#15034);
#15036=IFCLOCALPLACEMENT(#79,#15035);
#15130=IFCCARTESIANPOINT((3.3177742958068848,2.2927646636962891,1.7501003742218018));
#15131=IFCDIRECTION((0.,0.,1.));
#15132=IFCDIRECTION((-0.99999327812842964,-0.00366656487152465,0.));
#15133=IFCAXIS2PLACEMENT3D(#15130,#15131,#15132);
#15134=IFCLOCALPLACEMENT(#79,#15133);
#15135=IFCRAILINGTYPE('3Ysy9Y3mX8S9sF30GxuCla',$,'Living-3',$,$,(#15136,#15138),(#15140,#15665),$,$,.USERDEFINED.);
#15136=IFCPROPERTYSET('08yeQ$lO59ygVpbRDilpIg',$,'BBIM_Railing',$,(#15137));
#15137=IFCPROPERTYSINGLEVALUE('Data',$,IFCTEXT('{"railing_type": "FRAMELESS_PANEL", "height": 1.0, "thickness": 0.05000000074505806, "spacing": 0.05000000074505806, "path_data": {"edges": [[0, 1], [1, 2]], "verts": [[-0.1913832128047943, -0.055076561868190765, -0.1818755865097046], [0.43863043189048767, -0.05045642703771591, 0.3953566551208496], [1.118343710899353, -0.045472145080566406, 1.0181243419647217]]}}'),$);
#15138=IFCPROPERTYSET('0Cwg9tB$X3VPZgzJzUWrDG',$,'Pset_RailingCommon',$,(#15139));
#15139=IFCPROPERTYSINGLEVALUE('Height',$,IFCPOSITIVELENGTHMEASURE(1.),$);
#15140=IFCREPRESENTATIONMAP(#15141,#15656);
#15141=IFCAXIS2PLACEMENT3D(#15142,#15143,#15144);
#15142=IFCCARTESIANPOINT((0.,0.,0.));
#15143=IFCDIRECTION((0.,0.,1.));
#15144=IFCDIRECTION((1.,0.,0.));
#15190=IFCRAILING('2U4oj2DlbB$ObpH429u62b',$,'Railing',$,'FRAMELESS_PANEL',#15677,#15199,$,.USERDEFINED.);
#15191=IFCRELDEFINESBYTYPE('3rtAei4lr1MeOvjNXO8RpE',$,$,$,(#15190,#15678),#15135);
#15192=IFCCARTESIANPOINT((0.,0.,0.));
#15193=IFCDIRECTION((1.,0.,0.));
#15194=IFCDIRECTION((0.,1.,0.));
#15195=IFCDIRECTION((0.,0.,1.));
#15196=IFCCARTESIANTRANSFORMATIONOPERATOR3D(#15193,#15194,#15192,1.,#15195);
#15197=IFCMAPPEDITEM(#15140,#15196);
#15198=IFCSHAPEREPRESENTATION(#11,'Body','MappedRepresentation',(#15197));
#15199=IFCPRODUCTDEFINITIONSHAPE($,$,(#15198,#15672));
#15442=IFCINDEXEDPOLYGONALFACE((10,13,12,11));
#15443=IFCINDEXEDPOLYGONALFACE((4,9,8,3,6,7));
#15444=IFCINDEXEDPOLYGONALFACE((9,10,11,8));
#15445=IFCINDEXEDPOLYGONALFACE((6,12,13,7));
#15446=IFCINDEXEDPOLYGONALFACE((4,7,13,10,9));
#15447=IFCINDEXEDPOLYGONALFACE((3,8,11,12,6));
#15448=IFCCARTESIANPOINTLIST3D(((0.16718387603759766,0.,0.),(0.97499990463256836,0.,0.),(0.19218388199806213,0.,0.),(0.94999992847442627,0.,0.),(0.99999988079071045,0.,0.),(0.19218388199806213,0.02500000037252903,0.),(0.94999992847442627,0.02500000037252903,0.),(0.19218388199806213,-0.02500000037252903,0.),(0.94999992847442627,-0.02500000037252903,0.),(0.94999992847442627,-0.02500000037252903,0.75),(0.19218388199806213,-0.02500000037252903,0.75),(0.19218388199806213,0.02500000037252903,0.75),(0.94999992847442627,0.02500000037252903,0.75),(0.99999988079071045,0.,0.75)));
#15449=IFCPOLYGONALFACESET(#15448,.F.,(#15442,#15443,#15444,#15445,#15446,#15447),$);
#15450=IFCSHAPEREPRESENTATION(#11,'Body','Tessellation',(#15449));
#15452=IFCCARTESIANPOINT((0.16718387603759766,-0.02500000037252903,0.));
#15453=IFCBOUNDINGBOX(#15452,0.83281600475311279,0.05000000074505806,0.75);
#15454=IFCSHAPEREPRESENTATION(#13,'Box','BoundingBox',(#15453));
#15455=IFCCARTESIANPOINT((0.,0.,0.));
#15456=IFCDIRECTION((1.,0.,0.));
#15457=IFCDIRECTION((0.,0.,1.));
#15458=IFCAXIS2PLACEMENT3D(#15455,#15457,#15456);
#15459=IFCREPRESENTATIONMAP(#15458,#15454);
#15460=IFCCARTESIANPOINT((0.,0.,0.));
#15461=IFCDIRECTION((1.,0.,0.));
#15462=IFCDIRECTION((0.,1.,0.));
#15463=IFCDIRECTION((0.,0.,1.));
#15464=IFCCARTESIANTRANSFORMATIONOPERATOR3D(#15461,#15462,#15460,1.,#15463);
#15465=IFCMAPPEDITEM(#15459,#15464);
#15466=IFCSHAPEREPRESENTATION(#13,'Box','MappedRepresentation',(#15465));
#15467=IFCCARTESIANPOINT((0.,0.,0.));
#15468=IFCDIRECTION((1.,0.,0.));
#15469=IFCDIRECTION((0.,1.,0.));
#15470=IFCDIRECTION((0.,0.,1.));
#15471=IFCCARTESIANTRANSFORMATIONOPERATOR3D(#15468,#15469,#15467,1.,#15470);
#15472=IFCMAPPEDITEM(#15459,#15471);
#15473=IFCSHAPEREPRESENTATION(#13,'Box','MappedRepresentation',(#15472));
#15529=IFCINDEXEDPOLYGONALFACE((2,1,16,15,14,13,12,11,10,9,8,7,6,5,4,3));
#15530=IFCINDEXEDPOLYGONALFACE((17,18,19,20,21,22,23,24,25,26,27,28,29,30,31,32));
#15531=IFCINDEXEDPOLYGONALFACE((15,16,31,30));
#15532=IFCINDEXEDPOLYGONALFACE((8,9,24,23));
#15533=IFCINDEXEDPOLYGONALFACE((1,2,17,32));
#15534=IFCINDEXEDPOLYGONALFACE((16,1,32,31));
#15535=IFCINDEXEDPOLYGONALFACE((9,10,25,24));
#15536=IFCINDEXEDPOLYGONALFACE((2,3,18,17));
#15537=IFCINDEXEDPOLYGONALFACE((10,11,26,25));
#15538=IFCINDEXEDPOLYGONALFACE((3,4,19,18));
#15539=IFCINDEXEDPOLYGONALFACE((11,12,27,26));
#15540=IFCINDEXEDPOLYGONALFACE((4,5,20,19));
#15541=IFCINDEXEDPOLYGONALFACE((12,13,28,27));
#15542=IFCINDEXEDPOLYGONALFACE((5,6,21,20));
#15543=IFCINDEXEDPOLYGONALFACE((13,14,29,28));
#15544=IFCINDEXEDPOLYGONALFACE((6,7,22,21));
#15545=IFCINDEXEDPOLYGONALFACE((14,15,30,29));
#15546=IFCINDEXEDPOLYGONALFACE((7,8,23,22));
#15547=IFCCARTESIANPOINTLIST3D(((0.,0.,0.),(0.,0.,0.17142857611179352),(0.18710887432098389,0.,0.17142857611179352),(0.18710887432098389,0.,0.34285715222358704),(0.37421774864196777,0.,0.34285715222358704),(0.37421774864196777,0.,0.51428574323654175),(0.56132662296295166,0.,0.51428574323654175),(0.56132662296295166,0.,0.68571430444717407),(0.74843549728393555,0.,0.68571430444717407),(0.74843549728393555,0.,0.8571428656578064),(0.93554437160491943,0.,0.8571428656578064),(0.93554437160491943,0.,1.0285714864730835),(1.1226532459259033,0.,1.0285714864730835),(1.1226532459259033,0.,1.2000000476837158),(1.3097621202468872,0.,1.2000000476837158),(1.3097621202468872,0.,0.),(0.,0.94750034809112549,0.17142857611179352),(0.18710887432098389,0.94750034809112549,0.17142857611179352),(0.18710887432098389,0.94750034809112549,0.34285715222358704),(0.37421774864196777,0.94750034809112549,0.34285715222358704),(0.37421774864196777,0.94750034809112549,0.51428574323654175),(0.56132662296295166,0.94750034809112549,0.51428574323654175),(0.56132662296295166,0.94750034809112549,0.68571430444717407),(0.74843549728393555,0.94750034809112549,0.68571430444717407),(0.74843549728393555,0.94750034809112549,0.8571428656578064),(0.93554437160491943,0.94750034809112549,0.8571428656578064),(0.93554437160491943,0.94750034809112549,1.0285714864730835),(1.1226532459259033,0.94750034809112549,1.0285714864730835),(1.1226532459259033,0.94750034809112549,1.2000000476837158),(1.3097621202468872,0.94750034809112549,1.2000000476837158),(1.3097621202468872,0.94750034809112549,0.),(0.,0.94750034809112549,0.)));
#15548=IFCPOLYGONALFACESET(#15547,.T.,(#15529,#15530,#15531,#15532,#15533,#15534,#15535,#15536,#15537,#15538,#15539,#15540,#15541,#15542,#15543,#15544,#15545,#15546),$);
#15549=IFCSHAPEREPRESENTATION(#11,'Body','Tessellation',(#15548));
#15551=IFCCARTESIANPOINT((0.,0.,0.));
#15552=IFCBOUNDINGBOX(#15551,1.3097621202468872,0.94750034809112549,1.2000000476837158);
#15553=IFCSHAPEREPRESENTATION(#13,'Box','BoundingBox',(#15552));
#15554=IFCCARTESIANPOINT((0.,0.,0.));
#15555=IFCDIRECTION((1.,0.,0.));
#15556=IFCDIRECTION((0.,0.,1.));
#15557=IFCAXIS2PLACEMENT3D(#15554,#15556,#15555);
#15558=IFCREPRESENTATIONMAP(#15557,#15553);
#15559=IFCCARTESIANPOINT((0.,0.,0.));
#15560=IFCDIRECTION((1.,0.,0.));
#15561=IFCDIRECTION((0.,1.,0.));
#15562=IFCDIRECTION((0.,0.,1.));
#15563=IFCCARTESIANTRANSFORMATIONOPERATOR3D(#15560,#15561,#15559,1.,#15562);
#15564=IFCMAPPEDITEM(#15558,#15563);
#15565=IFCSHAPEREPRESENTATION(#13,'Box','MappedRepresentation',(#15564));
#15642=IFCINDEXEDPOLYGONALFACE((16,19,18,17));
#15643=IFCINDEXEDPOLYGONALFACE((20,23,22,21));
#15644=IFCINDEXEDPOLYGONALFACE((5,11,10,4,8,9));
#15645=IFCINDEXEDPOLYGONALFACE((7,15,14,6,12,13));
#15646=IFCINDEXEDPOLYGONALFACE((5,9,19,16,11));
#15647=IFCINDEXEDPOLYGONALFACE((12,22,23,13));
#15648=IFCINDEXEDPOLYGONALFACE((6,14,21,22,12));
#15649=IFCINDEXEDPOLYGONALFACE((15,20,21,14));
#15650=IFCINDEXEDPOLYGONALFACE((7,13,23,20,15));
#15651=IFCINDEXEDPOLYGONALFACE((11,16,17,10));
#15652=IFCINDEXEDPOLYGONALFACE((8,18,19,9));
#15653=IFCINDEXEDPOLYGONALFACE((4,10,17,18,8));
#15654=IFCCARTESIANPOINTLIST3D(((-0.19138321280479431,-0.055076561868190765,-0.18187558650970459),(0.43863043189048767,-0.050456427037715912,0.39535665512084961),(1.118343710899353,-0.045472145080566406,1.0181243419647217),(-0.16638387739658356,-0.054893232882022858,-0.15897065401077271),(0.41363111138343811,-0.05063975602388382,0.37245172262191772),(0.46362975239753723,-0.0502731092274189,0.41826155781745911),(1.0933443307876587,-0.045655462890863419,0.99521940946578979),(-0.16656720638275146,-0.0298939049243927,-0.15897065401077271),(0.41344776749610901,-0.025640428066253662,0.37245172262191772),(-0.16620054841041565,-0.079892560839653015,-0.15897065401077271),(0.41381445527076721,-0.075639083981513977,0.37245172262191772),(0.46344643831253052,-0.025273781269788742,0.41826155781745911),(1.0931609869003296,-0.020656134933233261,0.99521940946578979),(0.46381306648254395,-0.075272440910339355,0.41826155781745911),(1.0935276746749878,-0.070654794573783875,0.99521940946578979),(0.41381445527076721,-0.075639083981513977,1.3724517822265625),(-0.16620054841041565,-0.079892560839653015,0.84102934598922729),(-0.16656720638275146,-0.0298939049243927,0.84102934598922729),(0.41344776749610901,-0.025640428066253662,1.3724517822265625),(1.0935276746749878,-0.070654794573783875,1.9952194690704346),(0.46381306648254395,-0.075272440910339355,1.4182615280151367),(0.46344643831253052,-0.025273781269788742,1.4182615280151367),(1.0931609869003296,-0.020656134933233261,1.9952194690704346)));
#15655=IFCPOLYGONALFACESET(#15654,.F.,(#15642,#15643,#15644,#15645,#15646,#15647,#15648,#15649,#15650,#15651,#15652,#15653),$);
#15656=IFCSHAPEREPRESENTATION(#11,'Body','Tessellation',(#15655));
#15658=IFCCARTESIANPOINT((-0.19138321280479431,-0.079892560839653015,-0.18187558650970459));
#15659=IFCBOUNDINGBOX(#15658,1.3097269535064697,0.059236425906419754,2.1770949363708496);
#15660=IFCSHAPEREPRESENTATION(#13,'Box','BoundingBox',(#15659));
#15661=IFCCARTESIANPOINT((0.,0.,0.));
#15662=IFCDIRECTION((1.,0.,0.));
#15663=IFCDIRECTION((0.,0.,1.));
#15664=IFCAXIS2PLACEMENT3D(#15661,#15663,#15662);
#15665=IFCREPRESENTATIONMAP(#15664,#15660);
#15666=IFCCARTESIANPOINT((0.,0.,0.));
#15667=IFCDIRECTION((1.,0.,0.));
#15668=IFCDIRECTION((0.,1.,0.));
#15669=IFCDIRECTION((0.,0.,1.));
#15670=IFCCARTESIANTRANSFORMATIONOPERATOR3D(#15667,#15668,#15666,1.,#15669);
#15671=IFCMAPPEDITEM(#15665,#15670);
#15672=IFCSHAPEREPRESENTATION(#13,'Box','MappedRepresentation',(#15671));
#15673=IFCCARTESIANPOINT((3.1261904239654541,2.213392972946167,1.9319759607315063));
#15674=IFCDIRECTION((0.,0.,1.));
#15675=IFCDIRECTION((-0.99999327820611461,0.0036665436842206293,0.));
#15676=IFCAXIS2PLACEMENT3D(#15673,#15674,#15675);
#15677=IFCLOCALPLACEMENT(#79,#15676);
#15678=IFCRAILING('3AsDDOqI5AHxFKSHGrmtvT',$,'Railing',$,'FRAMELESS_PANEL',#15843,#15691,$,.USERDEFINED.);
#15684=IFCCARTESIANPOINT((0.,0.,0.));
#15685=IFCDIRECTION((1.,0.,0.));
#15686=IFCDIRECTION((0.,1.,0.));
#15687=IFCDIRECTION((0.,0.,1.));
#15688=IFCCARTESIANTRANSFORMATIONOPERATOR3D(#15685,#15686,#15684,1.,#15687);
#15689=IFCMAPPEDITEM(#15140,#15688);
#15690=IFCSHAPEREPRESENTATION(#11,'Body','MappedRepresentation',(#15689));
#15691=IFCPRODUCTDEFINITIONSHAPE($,$,(#15690,#15698));
#15692=IFCCARTESIANPOINT((0.,0.,0.));
#15693=IFCDIRECTION((1.,0.,0.));
#15694=IFCDIRECTION((0.,1.,0.));
#15695=IFCDIRECTION((0.,0.,1.));
#15696=IFCCARTESIANTRANSFORMATIONOPERATOR3D(#15693,#15694,#15692,1.,#15695);
#15697=IFCMAPPEDITEM(#15665,#15696);
#15698=IFCSHAPEREPRESENTATION(#13,'Box','MappedRepresentation',(#15697));
#15699=IFCSLABTYPE('1Qd0$ZbYX4E92TIu9jEJvZ',$,'Slab Landing-1',$,$,(#15700),$,$,$,.LANDING.);
#15700=IFCPROPERTYSET('3oDbU3UqDDox7ZwDQ$QJx8',$,'EPset_Parametric',$,(#15701));
#15701=IFCPROPERTYSINGLEVALUE('LayerSetDirection',$,IFCLABEL('AXIS3'),$);
#15702=IFCRELASSOCIATESMATERIAL('1BxAkmO9r8CQmdhcX5ASUR',$,$,$,(#15699),#15703);
#15703=IFCMATERIALLAYERSET((#15704),$,$);
#15704=IFCMATERIALLAYER(#81,1.7999999523162842,$,$,$,$,$);
#15705=IFCSLAB('0gUeooAZT60ewsbeh$iuk2',$,'Slab',$,$,#15848,#15720,$,$);
#15706=IFCRELDEFINESBYTYPE('0omUWFgQb9ThCXDXMmeue2',$,$,$,(#15705),#15699);
#15707=IFCMATERIALLAYERSETUSAGE(#15703,.AXIS3.,.POSITIVE.,-1.7999999523162842,$);
#15708=IFCRELASSOCIATESMATERIAL('2VLTWXSeX32hVdHZ3Fi_Qg',$,$,$,(#15705),#15707);
#15716=IFCDIRECTION((0.,0.,1.));
#15718=IFCEXTRUDEDAREASOLID(#15730,#15727,#15716,1.7999999523162842);
#15719=IFCSHAPEREPRESENTATION(#11,'Body','SweptSolid',(#15718));
#15720=IFCPRODUCTDEFINITIONSHAPE($,$,(#15719));
#15721=IFCPROPERTYSET('04B5jAsTP2KgONvQxqu7re',$,'EPset_Parametric',$,(#15723));
#15722=IFCRELDEFINESBYPROPERTIES('0Q9mEekMXDqxuEz7f4b7UQ',$,$,$,(#15705),#15721);
#15723=IFCPROPERTYSINGLEVALUE('Engine',$,IFCLABEL('Bonsai.DumbLayer3'),$);
#15724=IFCCARTESIANPOINT((-0.,-0.,-1.7999999523162842));
#15725=IFCDIRECTION((0.,0.,1.));
#15726=IFCDIRECTION((1.,0.,0.));
#15727=IFCAXIS2PLACEMENT3D(#15724,#15725,#15726);
#15728=IFCCARTESIANPOINTLIST2D(((0.18421852588653564,0.93871581554412842),(1.497532844543457,0.94968664646148682),(1.5043630599975586,0.0046107769012451172),(0.18803131580352783,0.),(0.18421852588653564,0.93871581554412842)));
#15729=IFCINDEXEDPOLYCURVE(#15728,$,$);
#15730=IFCARBITRARYCLOSEDPROFILEDEF(.AREA.,$,#15729);
#15814=IFCOPENINGELEMENT('0Nh5mJOW15bBIgJZEwD8bI',$,'Cube',$,$,#15838,#15832,$,$);
#15820=IFCINDEXEDPOLYGONALFACE((1,2,4,3));
#15821=IFCINDEXEDPOLYGONALFACE((3,4,8,7));
#15822=IFCINDEXEDPOLYGONALFACE((7,8,6,5));
#15823=IFCINDEXEDPOLYGONALFACE((5,6,2,1));
#15824=IFCINDEXEDPOLYGONALFACE((3,7,5,1));
#15825=IFCINDEXEDPOLYGONALFACE((8,4,2,6));
#15826=IFCCARTESIANPOINTLIST3D(((-1.0916585922241211,-1.,-1.),(-1.0916585922241211,-1.,1.),(-1.0916585922241211,0.78229475021362305,-1.),(-1.0916585922241211,0.78229475021362305,1.),(1.0224366188049316,-1.,-1.),(1.0224366188049316,-1.,1.),(1.0224366188049316,0.78229475021362305,-1.),(1.0224366188049316,0.78229475021362305,1.)));
#15827=IFCPOLYGONALFACESET(#15826,.T.,(#15820,#15821,#15822,#15823,#15824,#15825),$);
#15828=IFCSHAPEREPRESENTATION(#11,'Body','Tessellation',(#15827));
#15829=IFCCARTESIANPOINT((-1.0916585922241211,-1.,-1.));
#15830=IFCBOUNDINGBOX(#15829,2.1140952110290527,1.782294750213623,2.);
#15831=IFCSHAPEREPRESENTATION(#13,'Box','BoundingBox',(#15830));
#15832=IFCPRODUCTDEFINITIONSHAPE($,$,(#15831,#15828));
#15833=IFCRELVOIDSELEMENT('12$tt5HB573v3u7ZpKv5iZ',$,$,$,#7848,#15814);
#15834=IFCCARTESIANPOINT((-1.1224355697631836,4.6326887607574463,0.69999980926513672));
#15835=IFCDIRECTION((0.,0.,1.));
#15836=IFCDIRECTION((1.,0.,0.));
#15837=IFCAXIS2PLACEMENT3D(#15834,#15835,#15836);
#15838=IFCLOCALPLACEMENT(#7855,#15837);
#15839=IFCCARTESIANPOINT((3.1395246982574463,1.3178694248199463,1.9319759607315063));
#15840=IFCDIRECTION((0.,0.,1.));
#15841=IFCDIRECTION((-0.99999327820611461,0.0036665436842206293,0.));
#15842=IFCAXIS2PLACEMENT3D(#15839,#15840,#15841);
#15843=IFCLOCALPLACEMENT(#79,#15842);
#15844=IFCCARTESIANPOINT((1.8234667778015137,1.3396028280258179,1.9000000953674316));
#15845=IFCDIRECTION((0.,0.,1.));
#15846=IFCDIRECTION((1.,0.,0.));
#15847=IFCAXIS2PLACEMENT3D(#15844,#15845,#15846);
#15848=IFCLOCALPLACEMENT(#79,#15847);
#15849=IFCRAILINGTYPE('28CWkuQoT3MBPhhXnY0eH_',$,'Railing-2F',$,$,(#15850,#15852),(#15854,#16188),$,$,.USERDEFINED.);
#15850=IFCPROPERTYSET('0UAIyiXazEmvJ9vckYJdLd',$,'BBIM_Railing',$,(#15851));
#15851=IFCPROPERTYSINGLEVALUE('Data',$,IFCTEXT('{"railing_type": "FRAMELESS_PANEL", "height": 1.0, "thickness": 0.05000000074505806, "spacing": 0.05000000074505806, "path_data": {"edges": [[0, 1], [1, 2]], "verts": [[-0.9836516380310059, 0.0, 0.0], [0.06457138061523438, 0.0, 0.0], [1.1041431427001953, 0.0, 0.0]]}}'),$);
#15852=IFCPROPERTYSET('1OwBHxa_j0vuWa_uzqUVOW',$,'Pset_RailingCommon',$,(#15853));
#15853=IFCPROPERTYSINGLEVALUE('Height',$,IFCPOSITIVELENGTHMEASURE(1.),$);
#15854=IFCREPRESENTATIONMAP(#15855,#16179);
#15855=IFCAXIS2PLACEMENT3D(#15856,#15857,#15858);
#15856=IFCCARTESIANPOINT((0.,0.,0.));
#15857=IFCDIRECTION((0.,0.,1.));
#15858=IFCDIRECTION((1.,0.,0.));
#15902=IFCRAILING('31XXoVmZfB5vqu0aMv4NKU',$,'Railing',$,'FRAMELESS_PANEL',#16200,#15911,$,.USERDEFINED.);
#15903=IFCRELDEFINESBYTYPE('3O7USNbaPCPwwMywOk7KWk',$,$,$,(#15902),#15849);
#15904=IFCCARTESIANPOINT((0.,0.,0.));
#15905=IFCDIRECTION((1.,0.,0.));
#15906=IFCDIRECTION((0.,1.,0.));
#15907=IFCDIRECTION((0.,0.,1.));
#15908=IFCCARTESIANTRANSFORMATIONOPERATOR3D(#15905,#15906,#15904,1.,#15907);
#15909=IFCMAPPEDITEM(#15854,#15908);
#15910=IFCSHAPEREPRESENTATION(#11,'Body','MappedRepresentation',(#15909));
#15911=IFCPRODUCTDEFINITIONSHAPE($,$,(#15910,#16195));
#16079=IFCRAILINGTYPE('2Y23i8TEvBH9Ex7Bv0xP7v',$,'Railing(1)-2F',$,$,(#16080,#16082),(#16084,#16157),$,$,.USERDEFINED.);
#16080=IFCPROPERTYSET('1OXuGz46179xJJLTXi5WBr',$,'BBIM_Railing',$,(#16081));
#16081=IFCPROPERTYSINGLEVALUE('Data',$,IFCTEXT('{"railing_type": "FRAMELESS_PANEL", "height": 1.0, "thickness": 0.05000000074505806, "spacing": 0.05000000074505806, "path_data": {"edges": [[0, 1], [1, 2]], "verts": [[-0.9836516380310059, 0.0, 0.0], [-0.542155385017395, 2.6520869056412266e-08, 0.0], [-0.07142281532287598, 5.1385619315169606e-08, 0.0]]}}'),$);
#16082=IFCPROPERTYSET('1O42_OnSH6u9Ck3V3K4Fpb',$,'Pset_RailingCommon',$,(#16083));
#16083=IFCPROPERTYSINGLEVALUE('Height',$,IFCPOSITIVELENGTHMEASURE(1.),$);
#16084=IFCREPRESENTATIONMAP(#16085,#16148);
#16085=IFCAXIS2PLACEMENT3D(#16086,#16087,#16088);
#16086=IFCCARTESIANPOINT((0.,0.,0.));
#16087=IFCDIRECTION((0.,0.,1.));
#16088=IFCDIRECTION((1.,0.,0.));
#16112=IFCRAILING('1XYnzJQ49B_uZ1Odop34xw',$,'Railing',$,'FRAMELESS_PANEL',#16205,#16121,$,.USERDEFINED.);
#16113=IFCRELDEFINESBYTYPE('2Qtr$Y0$b26BLxCCzJ2uKZ',$,$,$,(#16112),#16079);
#16114=IFCCARTESIANPOINT((0.,0.,0.));
#16115=IFCDIRECTION((1.,0.,0.));
#16116=IFCDIRECTION((0.,1.,0.));
#16117=IFCDIRECTION((0.,0.,1.));
#16118=IFCCARTESIANTRANSFORMATIONOPERATOR3D(#16115,#16116,#16114,1.,#16117);
#16119=IFCMAPPEDITEM(#16084,#16118);
#16120=IFCSHAPEREPRESENTATION(#11,'Body','MappedRepresentation',(#16119));
#16121=IFCPRODUCTDEFINITIONSHAPE($,$,(#16120,#16164));
#16134=IFCINDEXEDPOLYGONALFACE((16,19,18,17));
#16135=IFCINDEXEDPOLYGONALFACE((20,23,22,21));
#16136=IFCINDEXEDPOLYGONALFACE((5,11,10,4,8,9));
#16137=IFCINDEXEDPOLYGONALFACE((7,15,14,6,12,13));
#16138=IFCINDEXEDPOLYGONALFACE((7,13,23,20,15));
#16139=IFCINDEXEDPOLYGONALFACE((5,9,19,16,11));
#16140=IFCINDEXEDPOLYGONALFACE((12,22,23,13));
#16141=IFCINDEXEDPOLYGONALFACE((14,21,22,12,6));
#16142=IFCINDEXEDPOLYGONALFACE((15,20,21,14));
#16143=IFCINDEXEDPOLYGONALFACE((11,16,17,10));
#16144=IFCINDEXEDPOLYGONALFACE((8,18,19,9));
#16145=IFCINDEXEDPOLYGONALFACE((4,10,17,18,8));
#16146=IFCCARTESIANPOINTLIST3D(((-0.98365163803100586,0.,0.),(-0.54215538501739502,2.6520869056412266E-08,0.),(-0.071422815322875977,5.1385619315169606E-08,0.),(-0.95865166187286377,1.5017607157830071E-09,0.),(-0.56715536117553711,2.5019108562673864E-08,0.),(-0.51715540885925293,2.7841403849038215E-08,0.),(-0.096422821283340454,5.0065082746186818E-08,0.),(-0.95865166187286377,0.02500000037252903,0.),(-0.56715536117553711,0.025000022724270821,0.),(-0.95865166187286377,-0.024999996647238731,0.),(-0.56715536117553711,-0.024999974295496941,0.),(-0.51715540885925293,0.025000028312206268,0.),(-0.096422821283340454,0.025000050663948059,0.),(-0.51715540885925293,-0.024999972432851791,0.),(-0.096422821283340454,-0.024999950081110001,0.),(-0.56715536117553711,-0.024999974295496941,1.),(-0.95865166187286377,-0.024999996647238731,1.),(-0.95865166187286377,0.02500000037252903,1.),(-0.56715536117553711,0.025000022724270821,1.),(-0.096422821283340454,-0.024999950081110001,1.),(-0.51715540885925293,-0.024999972432851791,1.),(-0.51715540885925293,0.025000028312206268,1.),(-0.096422821283340454,0.025000050663948059,1.)));
#16147=IFCPOLYGONALFACESET(#16146,.F.,(#16134,#16135,#16136,#16137,#16138,#16139,#16140,#16141,#16142,#16143,#16144,#16145),$);
#16148=IFCSHAPEREPRESENTATION(#11,'Body','Tessellation',(#16147));
#16150=IFCCARTESIANPOINT((-0.98365163803100586,-0.024999996647238731,0.));
#16151=IFCBOUNDINGBOX(#16150,0.91222882270812988,0.05000004917383194,1.);
#16152=IFCSHAPEREPRESENTATION(#13,'Box','BoundingBox',(#16151));
#16153=IFCCARTESIANPOINT((0.,0.,0.));
#16154=IFCDIRECTION((1.,0.,0.));
#16155=IFCDIRECTION((0.,0.,1.));
#16156=IFCAXIS2PLACEMENT3D(#16153,#16155,#16154);
#16157=IFCREPRESENTATIONMAP(#16156,#16152);
#16158=IFCCARTESIANPOINT((0.,0.,0.));
#16159=IFCDIRECTION((1.,0.,0.));
#16160=IFCDIRECTION((0.,1.,0.));
#16161=IFCDIRECTION((0.,0.,1.));
#16162=IFCCARTESIANTRANSFORMATIONOPERATOR3D(#16159,#16160,#16158,1.,#16161);
#16163=IFCMAPPEDITEM(#16157,#16162);
#16164=IFCSHAPEREPRESENTATION(#13,'Box','MappedRepresentation',(#16163));
#16165=IFCINDEXEDPOLYGONALFACE((16,19,18,17));
#16166=IFCINDEXEDPOLYGONALFACE((20,23,22,21));
#16167=IFCINDEXEDPOLYGONALFACE((5,11,10,4,8,9));
#16168=IFCINDEXEDPOLYGONALFACE((7,15,14,6,12,13));
#16169=IFCINDEXEDPOLYGONALFACE((15,20,21,14));
#16170=IFCINDEXEDPOLYGONALFACE((6,14,21,22,12));
#16171=IFCINDEXEDPOLYGONALFACE((9,19,16,11,5));
#16172=IFCINDEXEDPOLYGONALFACE((7,13,23,20,15));
#16173=IFCINDEXEDPOLYGONALFACE((11,16,17,10));
#16174=IFCINDEXEDPOLYGONALFACE((8,18,19,9));
#16175=IFCINDEXEDPOLYGONALFACE((12,22,23,13));
#16176=IFCINDEXEDPOLYGONALFACE((10,17,18,8,4));
#16177=IFCCARTESIANPOINTLIST3D(((-0.98365163803100586,0.,0.),(0.064571380615234375,0.,0.),(1.1041431427001953,0.,0.),(-0.95865166187286377,0.,0.),(0.039571382105350494,0.,0.),(0.089571379125118256,0.,0.),(1.0791431665420532,0.,0.),(-0.95865166187286377,0.02500000037252903,0.),(0.039571382105350494,0.02500000037252903,0.),(-0.95865166187286377,-0.02500000037252903,0.),(0.039571382105350494,-0.02500000037252903,0.),(0.089571379125118256,0.02500000037252903,0.),(1.0791431665420532,0.02500000037252903,0.),(0.089571379125118256,-0.02500000037252903,0.),(1.0791431665420532,-0.02500000037252903,0.),(0.039571382105350494,-0.02500000037252903,1.),(-0.95865166187286377,-0.02500000037252903,1.),(-0.95865166187286377,0.02500000037252903,1.),(0.039571382105350494,0.02500000037252903,1.),(1.0791431665420532,-0.02500000037252903,1.),(0.089571379125118256,-0.02500000037252903,1.),(0.089571379125118256,0.02500000037252903,1.),(1.0791431665420532,0.02500000037252903,1.)));
#16178=IFCPOLYGONALFACESET(#16177,.F.,(#16165,#16166,#16167,#16168,#16169,#16170,#16171,#16172,#16173,#16174,#16175,#16176),$);
#16179=IFCSHAPEREPRESENTATION(#11,'Body','Tessellation',(#16178));
#16181=IFCCARTESIANPOINT((-0.98365163803100586,-0.02500000037252903,0.));
#16182=IFCBOUNDINGBOX(#16181,2.0877947807312012,0.05000000074505806,1.);
#16183=IFCSHAPEREPRESENTATION(#13,'Box','BoundingBox',(#16182));
#16184=IFCCARTESIANPOINT((0.,0.,0.));
#16185=IFCDIRECTION((1.,0.,0.));
#16186=IFCDIRECTION((0.,0.,1.));
#16187=IFCAXIS2PLACEMENT3D(#16184,#16186,#16185);
#16188=IFCREPRESENTATIONMAP(#16187,#16183);
#16189=IFCCARTESIANPOINT((0.,0.,0.));
#16190=IFCDIRECTION((1.,0.,0.));
#16191=IFCDIRECTION((0.,1.,0.));
#16192=IFCDIRECTION((0.,0.,1.));
#16193=IFCCARTESIANTRANSFORMATIONOPERATOR3D(#16190,#16191,#16189,1.,#16192);
#16194=IFCMAPPEDITEM(#16188,#16193);
#16195=IFCSHAPEREPRESENTATION(#13,'Box','MappedRepresentation',(#16194));
#16196=IFCCARTESIANPOINT((3.0214469432830811,2.3130571842193604,0.));
#16197=IFCDIRECTION((0.,0.,1.));
#16198=IFCDIRECTION((1.,0.,0.));
#16199=IFCAXIS2PLACEMENT3D(#16196,#16197,#16198);
#16200=IFCLOCALPLACEMENT(#6485,#16199);
#16201=IFCCARTESIANPOINT((2.021446704864502,1.4682377576828003,0.));
#16202=IFCDIRECTION((0.,0.,1.));
#16203=IFCDIRECTION((-4.3711388286737889E-08,0.99999999999999911,0.));
#16204=IFCAXIS2PLACEMENT3D(#16201,#16202,#16203);
#16205=IFCLOCALPLACEMENT(#6485,#16204);
#16206=IFCDOOR('3sI8L3XfXCmBE78iJi0yFk',$,'Door',$,$,#16290,#16215,$,2.,0.89999997615814209,$,$,$);
#16207=IFCRELDEFINESBYTYPE('2wMF1RYgP56uQJVWl2jy2s',$,$,$,(#16206),#1739);
#16208=IFCCARTESIANPOINT((0.,0.,0.));
#16209=IFCDIRECTION((1.,0.,0.));
#16210=IFCDIRECTION((0.,1.,0.));
#16211=IFCDIRECTION((0.,0.,1.));
#16212=IFCCARTESIANTRANSFORMATIONOPERATOR3D(#16209,#16210,#16208,1.,#16211);
#16213=IFCMAPPEDITEM(#1749,#16212);
#16214=IFCSHAPEREPRESENTATION(#18,'Profile','MappedRepresentation',(#16213));
#16215=IFCPRODUCTDEFINITIONSHAPE($,$,(#16214,#16222,#16229));
#16216=IFCCARTESIANPOINT((0.,0.,0.));
#16217=IFCDIRECTION((1.,0.,0.));
#16218=IFCDIRECTION((0.,1.,0.));
#16219=IFCDIRECTION((0.,0.,1.));
#16220=IFCCARTESIANTRANSFORMATIONOPERATOR3D(#16217,#16218,#16216,1.,#16219);
#16221=IFCMAPPEDITEM(#1827,#16220);
#16222=IFCSHAPEREPRESENTATION(#11,'Body','MappedRepresentation',(#16221));
#16223=IFCCARTESIANPOINT((0.,0.,0.));
#16224=IFCDIRECTION((1.,0.,0.));
#16225=IFCDIRECTION((0.,1.,0.));
#16226=IFCDIRECTION((0.,0.,1.));
#16227=IFCCARTESIANTRANSFORMATIONOPERATOR3D(#16224,#16225,#16223,1.,#16226);
#16228=IFCMAPPEDITEM(#1846,#16227);
#16229=IFCSHAPEREPRESENTATION(#24,'Body','MappedRepresentation',(#16228));
#16230=IFCOPENINGELEMENT('1ovSu$PPnCDw_juF005k2E',$,'Opening',$,$,#16280,#16258,$,.OPENING.);
#16236=IFCCARTESIANPOINTLIST2D(((0.,0.),(0.89999997615814209,0.),(0.89999997615814209,2.),(0.,2.)));
#16237=IFCINDEXEDPOLYCURVE(#16236,(IFCLINEINDEX((1,2,3,4,1))),$);
#16238=IFCARBITRARYCLOSEDPROFILEDEF(.AREA.,$,#16237);
#16239=IFCCARTESIANPOINT((0.,-0.60000002384185791,0.));
#16240=IFCDIRECTION((0.,-1.,0.));
#16241=IFCDIRECTION((1.,0.,0.));
#16242=IFCAXIS2PLACEMENT3D(#16239,#16240,#16241);
#16243=IFCDIRECTION((0.,0.,-1.));
#16244=IFCEXTRUDEDAREASOLID(#16238,#16242,#16243,1.2);
#16245=IFCSHAPEREPRESENTATION(#11,'Body','SweptSolid',(#16244));
#16246=IFCCARTESIANPOINT((0.,0.,0.));
#16247=IFCDIRECTION((1.,0.,0.));
#16248=IFCDIRECTION((0.,0.,1.));
#16249=IFCAXIS2PLACEMENT3D(#16246,#16248,#16247);
#16250=IFCREPRESENTATIONMAP(#16249,#16245);
#16251=IFCCARTESIANPOINT((0.,0.,0.));
#16252=IFCDIRECTION((1.,0.,0.));
#16253=IFCDIRECTION((0.,1.,0.));
#16254=IFCDIRECTION((0.,0.,1.));
#16255=IFCCARTESIANTRANSFORMATIONOPERATOR3D(#16252,#16253,#16251,1.,#16254);
#16256=IFCMAPPEDITEM(#16250,#16255);
#16257=IFCSHAPEREPRESENTATION(#11,'Body','MappedRepresentation',(#16256));
#16258=IFCPRODUCTDEFINITIONSHAPE($,$,(#16257));
#16259=IFCRELVOIDSELEMENT('090K$7fxjEwxunfwsUZ4sI',$,$,$,#87,#16230);
#16265=IFCRELFILLSELEMENT('1SenQLEbv1NQMdN6q$W2eb',$,$,$,#16230,#16206);
#16276=IFCCARTESIANPOINT((0.54644706184771163,4.76837158203125E-07,0.));
#16277=IFCDIRECTION((0.,0.,1.));
#16278=IFCDIRECTION((0.99999999999997158,-2.3841857910155572E-07,0.));
#16279=IFCAXIS2PLACEMENT3D(#16276,#16277,#16278);
#16280=IFCLOCALPLACEMENT(#1413,#16279);
#16286=IFCCARTESIANPOINT((-1.1102230246251565E-16,0.,0.));
#16287=IFCDIRECTION((0.,0.,1.));
#16288=IFCDIRECTION((1.,0.,0.));
#16289=IFCAXIS2PLACEMENT3D(#16286,#16287,#16288);
#16290=IFCLOCALPLACEMENT(#16280,#16289);
#16318=IFCCARTESIANPOINT((0.77559124630468035,5.0359764186544052,0.));
#16319=IFCDIRECTION((0.,0.,1.));
#16320=IFCDIRECTION((-0.99999999999999623,8.7422776573475527E-08,0.));
#16321=IFCAXIS2PLACEMENT3D(#16318,#16319,#16320);
#16322=IFCLOCALPLACEMENT(#79,#16321);
#16328=IFCRELCONNECTSPATHELEMENTS('2$fDj9lFv7Qgozw1Q9z4GV',$,$,$,$,#862,#305,(),(),.ATPATH.,.ATSTART.);
#16329=IFCCARTESIANPOINTLIST2D(((0.10000000000000399,0.),(0.10000002821300003,0.10000000000000001),(1.5779265598455841,0.10000000000000001),(1.4779265014334118,0.)));
#16330=IFCINDEXEDPOLYCURVE(#16329,(IFCLINEINDEX((1,2,3,4,1))),$);
#16331=IFCARBITRARYCLOSEDPROFILEDEF(.AREA.,$,#16330);
#16332=IFCCARTESIANPOINT((0.,0.,0.));
#16333=IFCDIRECTION((0.,0.,1.));
#16334=IFCDIRECTION((1.,0.,0.));
#16335=IFCAXIS2PLACEMENT3D(#16332,#16333,#16334);
#16336=IFCDIRECTION((0.,0.,1.));
#16337=IFCEXTRUDEDAREASOLID(#16331,#16335,#16336,3.);
#16338=IFCSHAPEREPRESENTATION(#11,'Body','SweptSolid',(#16337));
#16339=IFCCARTESIANPOINTLIST2D(((0.,0.),(1.4779265014334118,0.)));
#16340=IFCINDEXEDPOLYCURVE(#16339,$,$);
#16341=IFCSHAPEREPRESENTATION(#23,'Axis','Curve2D',(#16340));
#16342=IFCCARTESIANPOINT((0.77559142761076716,5.0359764186543901,0.));
#16343=IFCDIRECTION((0.,0.,1.));
#16344=IFCDIRECTION((1.9470718370939353E-07,-0.99999999999998113,0.));
#16345=IFCAXIS2PLACEMENT3D(#16342,#16343,#16344);
#16346=IFCLOCALPLACEMENT(#79,#16345);
#16360=IFCRELCONNECTSPATHELEMENTS('2ziSwBBDL7SABUeB54x9_Z',$,$,$,$,#267,#305,(),(),.ATSTART.,.ATEND.);
#16374=IFCCARTESIANPOINTLIST2D(((0.,0.),(-0.10000001629206913,0.10000000000000001),(3.4499998088852935,0.10000000000000001),(3.5499998251773626,0.)));
#16375=IFCINDEXEDPOLYCURVE(#16374,(IFCLINEINDEX((1,2,3,4,1))),$);
#16376=IFCARBITRARYCLOSEDPROFILEDEF(.AREA.,$,#16375);
#16377=IFCCARTESIANPOINT((0.,0.,0.));
#16378=IFCDIRECTION((0.,0.,1.));
#16379=IFCDIRECTION((1.,0.,0.));
#16380=IFCAXIS2PLACEMENT3D(#16377,#16378,#16379);
#16381=IFCDIRECTION((0.,0.,1.));
#16382=IFCEXTRUDEDAREASOLID(#16376,#16380,#16381,3.);
#16383=IFCSHAPEREPRESENTATION(#11,'Body','SweptSolid',(#16382));
#16384=IFCCARTESIANPOINTLIST2D(((0.,0.),(3.5499998251773626,0.)));
#16385=IFCINDEXEDPOLYCURVE(#16384,$,$);
#16386=IFCSHAPEREPRESENTATION(#23,'Axis','Curve2D',(#16385));
#16387=IFCRELCONNECTSPATHELEMENTS('2q4t2GjSvAYhAN9reR95TY',$,$,$,$,#229,#267,(),(),.ATSTART.,.ATEND.);
#16388=IFCCARTESIANPOINTLIST2D(((0.,0.),(0.09999999880751248,0.10000000000000001),(3.3499988110739456,0.10000000000000001),(3.4499988273660147,0.)));
#16389=IFCINDEXEDPOLYCURVE(#16388,(IFCLINEINDEX((1,2,3,4,1))),$);
#16390=IFCARBITRARYCLOSEDPROFILEDEF(.AREA.,$,#16389);
#16391=IFCCARTESIANPOINT((0.,0.,0.));
#16392=IFCDIRECTION((0.,0.,1.));
#16393=IFCDIRECTION((1.,0.,0.));
#16394=IFCAXIS2PLACEMENT3D(#16391,#16392,#16393);
#16395=IFCDIRECTION((0.,0.,1.));
#16396=IFCEXTRUDEDAREASOLID(#16390,#16394,#16395,3.);
#16397=IFCSHAPEREPRESENTATION(#11,'Body','SweptSolid',(#16396));
#16398=IFCCARTESIANPOINTLIST2D(((0.,0.),(3.4499988273660147,0.)));
#16399=IFCINDEXEDPOLYCURVE(#16398,$,$);
#16400=IFCSHAPEREPRESENTATION(#23,'Axis','Curve2D',(#16399));
#16401=IFCCARTESIANPOINTLIST2D(((0.,0.),(0.10000001629206913,0.10000000000000001),(1.5739435426483506,0.10000000000000001),(1.4739435263562815,0.)));
#16402=IFCINDEXEDPOLYCURVE(#16401,(IFCLINEINDEX((1,2,3,4,1))),$);
#16403=IFCARBITRARYCLOSEDPROFILEDEF(.AREA.,$,#16402);
#16404=IFCCARTESIANPOINT((0.,0.,0.));
#16405=IFCDIRECTION((0.,0.,1.));
#16406=IFCDIRECTION((1.,0.,0.));
#16407=IFCAXIS2PLACEMENT3D(#16404,#16405,#16406);
#16408=IFCDIRECTION((0.,0.,1.));
#16409=IFCEXTRUDEDAREASOLID(#16403,#16407,#16408,3.);
#16410=IFCSHAPEREPRESENTATION(#11,'Body','SweptSolid',(#16409));
#16411=IFCCARTESIANPOINTLIST2D(((0.,0.),(1.4739435263562815,0.)));
#16412=IFCINDEXEDPOLYCURVE(#16411,$,$);
#16413=IFCSHAPEREPRESENTATION(#23,'Axis','Curve2D',(#16412));
#16414=IFCCARTESIANPOINT((0.77559113502503763,6.5099199450106831,0.));
#16415=IFCDIRECTION((0.,0.,1.));
#16416=IFCDIRECTION((7.5497901264043123E-08,-0.99999999999999722,0.));
#16417=IFCAXIS2PLACEMENT3D(#16414,#16415,#16416);
#16418=IFCLOCALPLACEMENT(#79,#16417);
#16419=IFCCOLUMNTYPE('04nGKL8ODBJeYEl2PbsT4N',$,'Unnamed',$,$,$,$,$,$,.COLUMN.);
#16420=IFCRECTANGLEPROFILEDEF(.AREA.,'New Profile',$,0.5,0.5);
#16421=IFCMATERIALPROFILESET($,$,(#16423),$);
#16422=IFCRELASSOCIATESMATERIAL('0WDpxLJ8zBru5Z8QRdmvBX',$,$,$,(#16419),#16421);
#16423=IFCMATERIALPROFILE($,$,#81,#16420,$,$);
#16424=IFCCOLUMN('0ky9OZlfT7I9XKYIX4WfYt',$,'Column',$,$,#16432,#16436,$,$);
#16425=IFCRELDEFINESBYTYPE('1VwFsHfFrDcvLtkhfcQ3qX',$,$,$,(#17650,#17672,#17496,#17694,#16424,#17716,#17738,#16447,#16469,#16513,#16535,#16557,#17760,#17628,#16721,#16491,#16672,#17562,#16694,#16584,#16606,#17518,#17540,#17584),#16419);
#16426=IFCMATERIALPROFILESETUSAGE(#16421,5,$);
#16427=IFCRELASSOCIATESMATERIAL('0eiQOj52n7_9LmUUPdJbnU',$,$,$,(#16424),#16426);
#16428=IFCCARTESIANPOINT((0.21748337149620056,-2.5901062488555908,0.));
#16429=IFCDIRECTION((0.,0.,1.));
#16430=IFCDIRECTION((1.,0.,0.));
#16431=IFCAXIS2PLACEMENT3D(#16428,#16429,#16430);
#16432=IFCLOCALPLACEMENT(#79,#16431);
#16436=IFCPRODUCTDEFINITIONSHAPE($,$,(#16910,#16917));
#16444=IFCPROPERTYSET('3S5v5L5Mz76f3AAeUSrWdG',$,'EPset_Parametric',$,(#16446));
#16445=IFCRELDEFINESBYPROPERTIES('0ySJMBO2z5YOo1tjqCuAG3',$,$,$,(#16424),#16444);
#16446=IFCPROPERTYSINGLEVALUE('Engine',$,IFCLABEL('Bonsai.DumbProfile'),$);
#16447=IFCCOLUMN('3M9giejOPEgObMogRWcMo$',$,'Column',$,$,#16454,#16458,$,$);
#16448=IFCMATERIALPROFILESETUSAGE(#16421,5,$);
#16449=IFCRELASSOCIATESMATERIAL('1X3sFtPH17Y9t8pN0BEvgJ',$,$,$,(#16447),#16448);
#16450=IFCCARTESIANPOINT((4.2255892753601074,-2.5901062488555908,0.));
#16451=IFCDIRECTION((0.,0.,1.));
#16452=IFCDIRECTION((1.,0.,0.));
#16453=IFCAXIS2PLACEMENT3D(#16450,#16451,#16452);
#16454=IFCLOCALPLACEMENT(#79,#16453);
#16458=IFCPRODUCTDEFINITIONSHAPE($,$,(#16990,#16997));
#16466=IFCPROPERTYSET('2ISvTgks1BXxNqKrOTNF2K',$,'EPset_Parametric',$,(#16468));
#16467=IFCRELDEFINESBYPROPERTIES('2mhxnhA7r1lgP2nbU26XCD',$,$,$,(#16447),#16466);
#16468=IFCPROPERTYSINGLEVALUE('Engine',$,IFCLABEL('Bonsai.DumbProfile'),$);
#16469=IFCCOLUMN('3pJuUO2p1EOfpsrQhj$7uk',$,'Column',$,$,#16476,#16480,$,$);
#16470=IFCMATERIALPROFILESETUSAGE(#16421,5,$);
#16471=IFCRELASSOCIATESMATERIAL('2pVRAL62906REmxyFWWIBp',$,$,$,(#16469),#16470);
#16472=IFCCARTESIANPOINT((4.2255897521972656,6.5099196434020996,0.));
#16473=IFCDIRECTION((0.,0.,1.));
#16474=IFCDIRECTION((1.,0.,0.));
#16475=IFCAXIS2PLACEMENT3D(#16472,#16473,#16474);
#16476=IFCLOCALPLACEMENT(#79,#16475);
#16480=IFCPRODUCTDEFINITIONSHAPE($,$,(#16890,#16897));
#16488=IFCPROPERTYSET('2l1JylqZrETBPbCjktk2Tq',$,'EPset_Parametric',$,(#16490));
#16489=IFCRELDEFINESBYPROPERTIES('2H3nf2Gv12iuko0S8ilI$5',$,$,$,(#16469),#16488);
#16490=IFCPROPERTYSINGLEVALUE('Engine',$,IFCLABEL('Bonsai.DumbProfile'),$);
#16491=IFCCOLUMN('2Q5e18GZbAFw0xiU222Xs4',$,'Column',$,$,#16498,#16502,$,$);
#16492=IFCMATERIALPROFILESETUSAGE(#16421,5,$);
#16493=IFCRELASSOCIATESMATERIAL('0hB53VIsfCsAozWYXEgIYI',$,$,$,(#16491),#16492);
#16494=IFCCARTESIANPOINT((-2.7744085788726807,5.0359768867492676,0.));
#16495=IFCDIRECTION((0.,0.,1.));
#16496=IFCDIRECTION((1.,0.,0.));
#16497=IFCAXIS2PLACEMENT3D(#16494,#16495,#16496);
#16498=IFCLOCALPLACEMENT(#79,#16497);
#16502=IFCPRODUCTDEFINITIONSHAPE($,$,(#16970,#16977));
#16510=IFCPROPERTYSET('1ag1NKbC55oQSP67XImHN7',$,'EPset_Parametric',$,(#16512));
#16511=IFCRELDEFINESBYPROPERTIES('3OlvXVLKTCUvAElx24_MMb',$,$,$,(#16491),#16510);
#16512=IFCPROPERTYSINGLEVALUE('Engine',$,IFCLABEL('Bonsai.DumbProfile'),$);
#16513=IFCCOLUMN('2nkxyuWXv1gwv5gKFLha2v',$,'Column',$,$,#16520,#16524,$,$);
#16514=IFCMATERIALPROFILESETUSAGE(#16421,5,$);
#16515=IFCRELASSOCIATESMATERIAL('1sjnVsMcj189SllP9asYus',$,$,$,(#16513),#16514);
#16516=IFCCARTESIANPOINT((-2.7744076251983643,-0.11402320861816406,0.));
#16517=IFCDIRECTION((0.,0.,1.));
#16518=IFCDIRECTION((1.,0.,0.));
#16519=IFCAXIS2PLACEMENT3D(#16516,#16517,#16518);
#16520=IFCLOCALPLACEMENT(#79,#16519);
#16524=IFCPRODUCTDEFINITIONSHAPE($,$,(#16900,#16907));
#16532=IFCPROPERTYSET('0H1z6u3ELFmfq2JhsMMhAk',$,'EPset_Parametric',$,(#16534));
#16533=IFCRELDEFINESBYPROPERTIES('1LDegkZYj9thUuZpptyA_1',$,$,$,(#16513),#16532);
#16534=IFCPROPERTYSINGLEVALUE('Engine',$,IFCLABEL('Bonsai.DumbProfile'),$);
#16535=IFCCOLUMN('10IN1CEl1Ftxo5EDi$crjd',$,'Column',$,$,#16583,#16546,$,$);
#16536=IFCMATERIALPROFILESETUSAGE(#16421,5,$);
#16537=IFCRELASSOCIATESMATERIAL('317_5rX7P1OAZwR$S0nxRk',$,$,$,(#16535),#16536);
#16546=IFCPRODUCTDEFINITIONSHAPE($,$,(#16960,#16967));
#16554=IFCPROPERTYSET('0cee4RlcXCnhP5PqPIBQSx',$,'EPset_Parametric',$,(#16556));
#16555=IFCRELDEFINESBYPROPERTIES('2lUJSaSurAvAWetO3uu$B9',$,$,$,(#16535),#16554);
#16556=IFCPROPERTYSINGLEVALUE('Engine',$,IFCLABEL('Bonsai.DumbProfile'),$);
#16557=IFCCOLUMN('0ogbJx6G5E_x2Tj4Vw8ciQ',$,'Column',$,$,#16787,#16568,$,$);
#16563=IFCRELDEFINESBYPROPERTIES('10zt5bd1n0$x56g_PB1aDE',$,$,$,(#16557),#16564);
#16564=IFCPROPERTYSET('22L7YM48T1AeuVXt_Melyu',$,'EPset_Parametric',$,(#16565));
#16565=IFCPROPERTYSINGLEVALUE('Engine',$,IFCLABEL('Bonsai.DumbProfile'),$);
#16566=IFCRELASSOCIATESMATERIAL('09iM1cSs12IRNSEPZ_QFuc',$,$,$,(#16557),#16567);
#16567=IFCMATERIALPROFILESETUSAGE(#16421,5,$);
#16568=IFCPRODUCTDEFINITIONSHAPE($,$,(#16920,#16927));
#16579=IFCCARTESIANPOINT((-2.7744085788726807,2.6359763145446777,0.));
#16580=IFCDIRECTION((0.,0.,1.));
#16581=IFCDIRECTION((1.,0.,0.));
#16582=IFCAXIS2PLACEMENT3D(#16579,#16580,#16581);
#16583=IFCLOCALPLACEMENT(#79,#16582);
#16584=IFCCOLUMN('2Mh74Z2dH8QgFoNcjCn2mX',$,'Column',$,$,#16817,#16595,$,$);
#16590=IFCRELDEFINESBYPROPERTIES('3ffxOaDn59TRNc7bkZj2ZV',$,$,$,(#16584),#16591);
#16591=IFCPROPERTYSET('1mBiNgUmP9ZxJBTHKi5p08',$,'EPset_Parametric',$,(#16592));
#16592=IFCPROPERTYSINGLEVALUE('Engine',$,IFCLABEL('Bonsai.DumbProfile'),$);
#16593=IFCRELASSOCIATESMATERIAL('2AagS3_cHCKP_FcE4$Oaf_',$,$,$,(#16584),#16594);
#16594=IFCMATERIALPROFILESETUSAGE(#16421,5,$);
#16595=IFCPRODUCTDEFINITIONSHAPE($,$,(#16940,#16947));
#16606=IFCCOLUMN('0chUqx6_z7i8ZXLsUKuDqk',$,'Column',$,$,#16867,#16617,$,$);
#16612=IFCRELDEFINESBYPROPERTIES('0E1$9nGdz7WBlSbqFEYnMO',$,$,$,(#16606),#16613);
#16613=IFCPROPERTYSET('1lZWcAMwLD9uhsBb7A6j43',$,'EPset_Parametric',$,(#16614));
#16614=IFCPROPERTYSINGLEVALUE('Engine',$,IFCLABEL('Bonsai.DumbProfile'),$);
#16615=IFCRELASSOCIATESMATERIAL('0WzJ7VADLFHegflxXvw$MA',$,$,$,(#16606),#16616);
#16616=IFCMATERIALPROFILESETUSAGE(#16421,5,$);
#16617=IFCPRODUCTDEFINITIONSHAPE($,$,(#16980,#16987));
#16672=IFCCOLUMN('0SNPXVBEr9yeWklr4jjjdb',$,'Column',$,$,#16720,#16683,$,$);
#16678=IFCRELDEFINESBYPROPERTIES('1dgoIgk45EPfoSEreqklyB',$,$,$,(#16672),#16679);
#16679=IFCPROPERTYSET('2IpEuw93b8VuWB9kvp7cY0',$,'EPset_Parametric',$,(#16680));
#16680=IFCPROPERTYSINGLEVALUE('Engine',$,IFCLABEL('Bonsai.DumbProfile'),$);
#16681=IFCRELASSOCIATESMATERIAL('1SW$EudP19cBH40dy2C8l4',$,$,$,(#16672),#16682);
#16682=IFCMATERIALPROFILESETUSAGE(#16421,5,$);
#16683=IFCPRODUCTDEFINITIONSHAPE($,$,(#17000,#17007));
#16694=IFCCOLUMN('1BclN1MMv1afEzyO2tFVl5',$,'Column',$,$,#16832,#16705,$,$);
#16700=IFCRELDEFINESBYPROPERTIES('0Jw1LFqs19JxYDEi5FqamG',$,$,$,(#16694),#16701);
#16701=IFCPROPERTYSET('3zrglfTvL59Op0xnIO55ZF',$,'EPset_Parametric',$,(#16702));
#16702=IFCPROPERTYSINGLEVALUE('Engine',$,IFCLABEL('Bonsai.DumbProfile'),$);
#16703=IFCRELASSOCIATESMATERIAL('1J$jKYJRD4iQEwLdy5fwcx',$,$,$,(#16694),#16704);
#16704=IFCMATERIALPROFILESETUSAGE(#16421,5,$);
#16705=IFCPRODUCTDEFINITIONSHAPE($,$,(#16950,#16957));
#16716=IFCCARTESIANPOINT((0.21748337149620056,5.0359773635864258,0.));
#16717=IFCDIRECTION((0.,0.,1.));
#16718=IFCDIRECTION((1.,0.,0.));
#16719=IFCAXIS2PLACEMENT3D(#16716,#16717,#16718);
#16720=IFCLOCALPLACEMENT(#79,#16719);
#16721=IFCCOLUMN('24KrjmaQb6_BBJ9qN_$Gtp',$,'Column',$,$,#16802,#16732,$,$);
#16727=IFCRELDEFINESBYPROPERTIES('2AAcIRPP11RQbJY$xGkgB4',$,$,$,(#16721),#16728);
#16728=IFCPROPERTYSET('1XPMuK2wj2lgvk$s54fkva',$,'EPset_Parametric',$,(#16729));
#16729=IFCPROPERTYSINGLEVALUE('Engine',$,IFCLABEL('Bonsai.DumbProfile'),$);
#16730=IFCRELASSOCIATESMATERIAL('2Wf4NookPDERbEw$1v9Av0',$,$,$,(#16721),#16731);
#16731=IFCMATERIALPROFILESETUSAGE(#16421,5,$);
#16732=IFCPRODUCTDEFINITIONSHAPE($,$,(#16930,#16937));
#16783=IFCCARTESIANPOINT((4.2255897521972656,5.0359768867492676,0.));
#16784=IFCDIRECTION((0.,0.,1.));
#16785=IFCDIRECTION((1.,0.,0.));
#16786=IFCAXIS2PLACEMENT3D(#16783,#16784,#16785);
#16787=IFCLOCALPLACEMENT(#79,#16786);
#16798=IFCCARTESIANPOINT((0.21748337149620056,6.5099196434020996,0.));
#16799=IFCDIRECTION((0.,0.,1.));
#16800=IFCDIRECTION((1.,0.,0.));
#16801=IFCAXIS2PLACEMENT3D(#16798,#16799,#16800);
#16802=IFCLOCALPLACEMENT(#79,#16801);
#16813=IFCCARTESIANPOINT((4.2255897521972656,2.6359763145446777,0.));
#16814=IFCDIRECTION((0.,0.,1.));
#16815=IFCDIRECTION((1.,0.,0.));
#16816=IFCAXIS2PLACEMENT3D(#16813,#16814,#16815);
#16817=IFCLOCALPLACEMENT(#79,#16816);
#16828=IFCCARTESIANPOINT((0.21748337149620056,-0.11402320861816406,0.));
#16829=IFCDIRECTION((0.,0.,1.));
#16830=IFCDIRECTION((1.,0.,0.));
#16831=IFCAXIS2PLACEMENT3D(#16828,#16829,#16830);
#16832=IFCLOCALPLACEMENT(#79,#16831);
#16863=IFCCARTESIANPOINT((4.225590705871582,-0.11402320861816406,0.));
#16864=IFCDIRECTION((0.,0.,1.));
#16865=IFCDIRECTION((1.,0.,0.));
#16866=IFCAXIS2PLACEMENT3D(#16863,#16864,#16865);
#16867=IFCLOCALPLACEMENT(#79,#16866);
#16888=IFCCARTESIANPOINTLIST3D(((0.,0.,0.),(0.,0.,3.)));
#16889=IFCINDEXEDPOLYCURVE(#16888,$,.F.);
#16890=IFCSHAPEREPRESENTATION(#12,'Axis','Curve3D',(#16889));
#16891=IFCCARTESIANPOINT((0.,0.,0.));
#16892=IFCDIRECTION((0.,0.,1.));
#16893=IFCDIRECTION((1.,0.,0.));
#16894=IFCAXIS2PLACEMENT3D(#16891,#16892,#16893);
#16895=IFCDIRECTION((0.,0.,1.));
#16896=IFCEXTRUDEDAREASOLID(#16420,#16894,#16895,3.);
#16897=IFCSHAPEREPRESENTATION(#11,'Body','SweptSolid',(#16896));
#16898=IFCCARTESIANPOINTLIST3D(((0.,0.,0.),(0.,0.,3.)));
#16899=IFCINDEXEDPOLYCURVE(#16898,$,.F.);
#16900=IFCSHAPEREPRESENTATION(#12,'Axis','Curve3D',(#16899));
#16901=IFCCARTESIANPOINT((0.,0.,0.));
#16902=IFCDIRECTION((0.,0.,1.));
#16903=IFCDIRECTION((1.,0.,0.));
#16904=IFCAXIS2PLACEMENT3D(#16901,#16902,#16903);
#16905=IFCDIRECTION((0.,0.,1.));
#16906=IFCEXTRUDEDAREASOLID(#16420,#16904,#16905,3.);
#16907=IFCSHAPEREPRESENTATION(#11,'Body','SweptSolid',(#16906));
#16908=IFCCARTESIANPOINTLIST3D(((0.,0.,0.),(0.,0.,3.)));
#16909=IFCINDEXEDPOLYCURVE(#16908,$,.F.);
#16910=IFCSHAPEREPRESENTATION(#12,'Axis','Curve3D',(#16909));
#16911=IFCCARTESIANPOINT((0.,0.,0.));
#16912=IFCDIRECTION((0.,0.,1.));
#16913=IFCDIRECTION((1.,0.,0.));
#16914=IFCAXIS2PLACEMENT3D(#16911,#16912,#16913);
#16915=IFCDIRECTION((0.,0.,1.));
#16916=IFCEXTRUDEDAREASOLID(#16420,#16914,#16915,3.);
#16917=IFCSHAPEREPRESENTATION(#11,'Body','SweptSolid',(#16916));
#16918=IFCCARTESIANPOINTLIST3D(((0.,0.,0.),(0.,0.,3.)));
#16919=IFCINDEXEDPOLYCURVE(#16918,$,.F.);
#16920=IFCSHAPEREPRESENTATION(#12,'Axis','Curve3D',(#16919));
#16921=IFCCARTESIANPOINT((0.,0.,0.));
#16922=IFCDIRECTION((0.,0.,1.));
#16923=IFCDIRECTION((1.,0.,0.));
#16924=IFCAXIS2PLACEMENT3D(#16921,#16922,#16923);
#16925=IFCDIRECTION((0.,0.,1.));
#16926=IFCEXTRUDEDAREASOLID(#16420,#16924,#16925,3.);
#16927=IFCSHAPEREPRESENTATION(#11,'Body','SweptSolid',(#16926));
#16928=IFCCARTESIANPOINTLIST3D(((0.,0.,0.),(0.,0.,3.)));
#16929=IFCINDEXEDPOLYCURVE(#16928,$,.F.);
#16930=IFCSHAPEREPRESENTATION(#12,'Axis','Curve3D',(#16929));
#16931=IFCCARTESIANPOINT((0.,0.,0.));
#16932=IFCDIRECTION((0.,0.,1.));
#16933=IFCDIRECTION((1.,0.,0.));
#16934=IFCAXIS2PLACEMENT3D(#16931,#16932,#16933);
#16935=IFCDIRECTION((0.,0.,1.));
#16936=IFCEXTRUDEDAREASOLID(#16420,#16934,#16935,3.);
#16937=IFCSHAPEREPRESENTATION(#11,'Body','SweptSolid',(#16936));
#16938=IFCCARTESIANPOINTLIST3D(((0.,0.,0.),(0.,0.,3.)));
#16939=IFCINDEXEDPOLYCURVE(#16938,$,.F.);
#16940=IFCSHAPEREPRESENTATION(#12,'Axis','Curve3D',(#16939));
#16941=IFCCARTESIANPOINT((0.,0.,0.));
#16942=IFCDIRECTION((0.,0.,1.));
#16943=IFCDIRECTION((1.,0.,0.));
#16944=IFCAXIS2PLACEMENT3D(#16941,#16942,#16943);
#16945=IFCDIRECTION((0.,0.,1.));
#16946=IFCEXTRUDEDAREASOLID(#16420,#16944,#16945,3.);
#16947=IFCSHAPEREPRESENTATION(#11,'Body','SweptSolid',(#16946));
#16948=IFCCARTESIANPOINTLIST3D(((0.,0.,0.),(0.,0.,3.)));
#16949=IFCINDEXEDPOLYCURVE(#16948,$,.F.);
#16950=IFCSHAPEREPRESENTATION(#12,'Axis','Curve3D',(#16949));
#16951=IFCCARTESIANPOINT((0.,0.,0.));
#16952=IFCDIRECTION((0.,0.,1.));
#16953=IFCDIRECTION((1.,0.,0.));
#16954=IFCAXIS2PLACEMENT3D(#16951,#16952,#16953);
#16955=IFCDIRECTION((0.,0.,1.));
#16956=IFCEXTRUDEDAREASOLID(#16420,#16954,#16955,3.);
#16957=IFCSHAPEREPRESENTATION(#11,'Body','SweptSolid',(#16956));
#16958=IFCCARTESIANPOINTLIST3D(((0.,0.,0.),(0.,0.,3.)));
#16959=IFCINDEXEDPOLYCURVE(#16958,$,.F.);
#16960=IFCSHAPEREPRESENTATION(#12,'Axis','Curve3D',(#16959));
#16961=IFCCARTESIANPOINT((0.,0.,0.));
#16962=IFCDIRECTION((0.,0.,1.));
#16963=IFCDIRECTION((1.,0.,0.));
#16964=IFCAXIS2PLACEMENT3D(#16961,#16962,#16963);
#16965=IFCDIRECTION((0.,0.,1.));
#16966=IFCEXTRUDEDAREASOLID(#16420,#16964,#16965,3.);
#16967=IFCSHAPEREPRESENTATION(#11,'Body','SweptSolid',(#16966));
#16968=IFCCARTESIANPOINTLIST3D(((0.,0.,0.),(0.,0.,3.)));
#16969=IFCINDEXEDPOLYCURVE(#16968,$,.F.);
#16970=IFCSHAPEREPRESENTATION(#12,'Axis','Curve3D',(#16969));
#16971=IFCCARTESIANPOINT((0.,0.,0.));
#16972=IFCDIRECTION((0.,0.,1.));
#16973=IFCDIRECTION((1.,0.,0.));
#16974=IFCAXIS2PLACEMENT3D(#16971,#16972,#16973);
#16975=IFCDIRECTION((0.,0.,1.));
#16976=IFCEXTRUDEDAREASOLID(#16420,#16974,#16975,3.);
#16977=IFCSHAPEREPRESENTATION(#11,'Body','SweptSolid',(#16976));
#16978=IFCCARTESIANPOINTLIST3D(((0.,0.,0.),(0.,0.,3.)));
#16979=IFCINDEXEDPOLYCURVE(#16978,$,.F.);
#16980=IFCSHAPEREPRESENTATION(#12,'Axis','Curve3D',(#16979));
#16981=IFCCARTESIANPOINT((0.,0.,0.));
#16982=IFCDIRECTION((0.,0.,1.));
#16983=IFCDIRECTION((1.,0.,0.));
#16984=IFCAXIS2PLACEMENT3D(#16981,#16982,#16983);
#16985=IFCDIRECTION((0.,0.,1.));
#16986=IFCEXTRUDEDAREASOLID(#16420,#16984,#16985,3.);
#16987=IFCSHAPEREPRESENTATION(#11,'Body','SweptSolid',(#16986));
#16988=IFCCARTESIANPOINTLIST3D(((0.,0.,0.),(0.,0.,3.)));
#16989=IFCINDEXEDPOLYCURVE(#16988,$,.F.);
#16990=IFCSHAPEREPRESENTATION(#12,'Axis','Curve3D',(#16989));
#16991=IFCCARTESIANPOINT((0.,0.,0.));
#16992=IFCDIRECTION((0.,0.,1.));
#16993=IFCDIRECTION((1.,0.,0.));
#16994=IFCAXIS2PLACEMENT3D(#16991,#16992,#16993);
#16995=IFCDIRECTION((0.,0.,1.));
#16996=IFCEXTRUDEDAREASOLID(#16420,#16994,#16995,3.);
#16997=IFCSHAPEREPRESENTATION(#11,'Body','SweptSolid',(#16996));
#16998=IFCCARTESIANPOINTLIST3D(((0.,0.,0.),(0.,0.,3.)));
#16999=IFCINDEXEDPOLYCURVE(#16998,$,.F.);
#17000=IFCSHAPEREPRESENTATION(#12,'Axis','Curve3D',(#16999));
#17001=IFCCARTESIANPOINT((0.,0.,0.));
#17002=IFCDIRECTION((0.,0.,1.));
#17003=IFCDIRECTION((1.,0.,0.));
#17004=IFCAXIS2PLACEMENT3D(#17001,#17002,#17003);
#17005=IFCDIRECTION((0.,0.,1.));
#17006=IFCEXTRUDEDAREASOLID(#16420,#17004,#17005,3.);
#17007=IFCSHAPEREPRESENTATION(#11,'Body','SweptSolid',(#17006));
#17008=IFCBEAMTYPE('0$SvUH1Nn6Uw54Ad53ixal',$,'Unnamed',$,$,$,$,$,$,.BEAM.);
#17009=IFCMATERIALPROFILESET($,$,(#17011),$);
#17010=IFCRELASSOCIATESMATERIAL('00JO2GtETBw9uZFzJ3bQjj',$,$,$,(#17008),#17009);
#17011=IFCMATERIALPROFILE($,$,#81,#16420,$,$);
#17012=IFCBEAM('2fK_5rD0PDFQjvtsebtNJk',$,'Beam',$,$,#17020,#17024,$,$);
#17013=IFCRELDEFINESBYTYPE('2$oIKomU50qQfIue4Rd36A',$,$,$,(#17145,#17897,#17211,#17919,#17875,#17012,#17277,#17123,#17853,#17831,#17233,#17787,#17809,#17079,#17101),#17008);
#17014=IFCMATERIALPROFILESETUSAGE(#17009,7,$);
#17015=IFCRELASSOCIATESMATERIAL('2GemOAMOz1Px18yblIDnoN',$,$,$,(#17012),#17014);
#17016=IFCCARTESIANPOINT((4.4746737480163574,6.7599196434020996,3.));
#17017=IFCDIRECTION((9.5367167680841905E-05,-0.99999999545254881,7.5497898315318384E-08));
#17018=IFCDIRECTION((0.99999999545255158,9.5367169272473612E-05,-5.14487885716807E-12));
#17019=IFCAXIS2PLACEMENT3D(#17016,#17017,#17018);
#17020=IFCLOCALPLACEMENT(#79,#17019);
#17021=IFCCARTESIANPOINTLIST3D(((0.,0.,0.),(0.,0.,9.6000260630346332)));
#17022=IFCINDEXEDPOLYCURVE(#17021,$,.F.);
#17023=IFCSHAPEREPRESENTATION(#12,'Axis','Curve3D',(#17022));
#17024=IFCPRODUCTDEFINITIONSHAPE($,$,(#17023,#17031));
#17025=IFCCARTESIANPOINT((-0.25,-0.25,0.));
#17026=IFCDIRECTION((0.,0.,1.));
#17027=IFCDIRECTION((1.,0.,0.));
#17028=IFCAXIS2PLACEMENT3D(#17025,#17026,#17027);
#17029=IFCDIRECTION((0.,0.,1.));
#17030=IFCEXTRUDEDAREASOLID(#16420,#17028,#17029,9.6000260630346332);
#17031=IFCSHAPEREPRESENTATION(#11,'Body','SweptSolid',(#17030));
#17032=IFCPROPERTYSET('1epGUe5JL4U8U2PC2nfEZl',$,'EPset_Parametric',$,(#17034));
#17033=IFCRELDEFINESBYPROPERTIES('2NeLExP4r1uAY8Bvcdp2H3',$,$,$,(#17012),#17032);
#17034=IFCPROPERTYSINGLEVALUE('Engine',$,IFCLABEL('Bonsai.DumbProfile'),$);
#17079=IFCBEAM('0YLb0ifu95cv9cnWfouDm$',$,'Beam',$,$,#17086,#17090,$,$);
#17080=IFCMATERIALPROFILESETUSAGE(#17009,7,$);
#17081=IFCRELASSOCIATESMATERIAL('0_mFuH3gPEsuhiAnFM1Rdz',$,$,$,(#17079),#17080);
#17082=IFCCARTESIANPOINT((0.46748337149620056,6.7599196434020996,3.));
#17083=IFCDIRECTION((0.,-0.99999999999999711,7.5497898658641179E-08));
#17084=IFCDIRECTION((1.,0.,0.));
#17085=IFCAXIS2PLACEMENT3D(#17082,#17083,#17084);
#17086=IFCLOCALPLACEMENT(#79,#17085);
#17087=IFCCARTESIANPOINTLIST3D(((0.,0.,0.),(0.,0.,9.6000260193790048)));
#17088=IFCINDEXEDPOLYCURVE(#17087,$,.F.);
#17089=IFCSHAPEREPRESENTATION(#12,'Axis','Curve3D',(#17088));
#17090=IFCPRODUCTDEFINITIONSHAPE($,$,(#17089,#17097));
#17091=IFCCARTESIANPOINT((-0.25,-0.25,0.));
#17092=IFCDIRECTION((0.,0.,1.));
#17093=IFCDIRECTION((1.,0.,0.));
#17094=IFCAXIS2PLACEMENT3D(#17091,#17092,#17093);
#17095=IFCDIRECTION((0.,0.,1.));
#17096=IFCEXTRUDEDAREASOLID(#16420,#17094,#17095,9.6000260193790048);
#17097=IFCSHAPEREPRESENTATION(#11,'Body','SweptSolid',(#17096));
#17098=IFCPROPERTYSET('0gR_pgEGX8s957wu74qrvS',$,'EPset_Parametric',$,(#17100));
#17099=IFCRELDEFINESBYPROPERTIES('2ZtEC8JRzB0vptWKJoeayz',$,$,$,(#17079),#17098);
#17100=IFCPROPERTYSINGLEVALUE('Engine',$,IFCLABEL('Bonsai.DumbProfile'),$);
#17101=IFCBEAM('23CJoHs7L6EevRF1Eu19Tl',$,'Beam',$,$,#17108,#17112,$,$);
#17102=IFCMATERIALPROFILESETUSAGE(#17009,7,$);
#17103=IFCRELASSOCIATESMATERIAL('2IG6E78lf1M9VBaXvABcZK',$,$,$,(#17101),#17102);
#17104=IFCCARTESIANPOINT((-2.5244085788726807,5.2859768867492676,3.));
#17105=IFCDIRECTION((1.6879189541845562E-07,-0.9999999999999829,7.5497898658640107E-08));
#17106=IFCDIRECTION((0.99999999999998579,1.6879189956852984E-07,0.));
#17107=IFCAXIS2PLACEMENT3D(#17104,#17105,#17106);
#17108=IFCLOCALPLACEMENT(#79,#17107);
#17109=IFCCARTESIANPOINTLIST3D(((0.,0.,0.),(0.,0.,5.6500000540134927)));
#17110=IFCINDEXEDPOLYCURVE(#17109,$,.F.);
#17111=IFCSHAPEREPRESENTATION(#12,'Axis','Curve3D',(#17110));
#17112=IFCPRODUCTDEFINITIONSHAPE($,$,(#17111,#17119));
#17113=IFCCARTESIANPOINT((-0.25,-0.25,0.));
#17114=IFCDIRECTION((0.,0.,1.));
#17115=IFCDIRECTION((1.,0.,0.));
#17116=IFCAXIS2PLACEMENT3D(#17113,#17114,#17115);
#17117=IFCDIRECTION((0.,0.,1.));
#17118=IFCEXTRUDEDAREASOLID(#16420,#17116,#17117,5.6500000540134927);
#17119=IFCSHAPEREPRESENTATION(#11,'Body','SweptSolid',(#17118));
#17120=IFCPROPERTYSET('00qJTfJcH5bfDMBauDQI5u',$,'EPset_Parametric',$,(#17122));
#17121=IFCRELDEFINESBYPROPERTIES('0orylAiIrEDwq_V2WOUZ7B',$,$,$,(#17101),#17120);
#17122=IFCPROPERTYSINGLEVALUE('Engine',$,IFCLABEL('Bonsai.DumbProfile'),$);
#17123=IFCBEAM('2V$RTW45f7$u3a2APthSsK',$,'Beam',$,$,#17130,#17134,$,$);
#17124=IFCMATERIALPROFILESETUSAGE(#17009,7,$);
#17125=IFCRELASSOCIATESMATERIAL('365mBumNfCxAZumikRjDJW',$,$,$,(#17123),#17124);
#17126=IFCCARTESIANPOINT((-0.032516628503799438,-2.3401062488555908,3.));
#17127=IFCDIRECTION((0.99999999999996214,-1.9470716428772842E-07,1.9470717849858483E-07));
#17128=IFCDIRECTION((1.9470717849858713E-07,0.99999999999997391,-1.1920928955077814E-07));
#17129=IFCAXIS2PLACEMENT3D(#17126,#17127,#17128);
#17130=IFCLOCALPLACEMENT(#79,#17129);
#17131=IFCCARTESIANPOINTLIST3D(((0.,0.,0.),(0.,0.,4.5081057130862989)));
#17132=IFCINDEXEDPOLYCURVE(#17131,$,.F.);
#17133=IFCSHAPEREPRESENTATION(#12,'Axis','Curve3D',(#17132));
#17134=IFCPRODUCTDEFINITIONSHAPE($,$,(#17133,#17141));
#17135=IFCCARTESIANPOINT((-0.25,-0.25,0.));
#17136=IFCDIRECTION((0.,0.,1.));
#17137=IFCDIRECTION((1.,0.,0.));
#17138=IFCAXIS2PLACEMENT3D(#17135,#17136,#17137);
#17139=IFCDIRECTION((0.,0.,1.));
#17140=IFCEXTRUDEDAREASOLID(#16420,#17138,#17139,4.5081057130862989);
#17141=IFCSHAPEREPRESENTATION(#11,'Body','SweptSolid',(#17140));
#17142=IFCPROPERTYSET('2eldvjTKv2SxdPXaSYiy6u',$,'EPset_Parametric',$,(#17144));
#17143=IFCRELDEFINESBYPROPERTIES('1EN3UMYNnDnhsXEo9F6bbq',$,$,$,(#17123),#17142);
#17144=IFCPROPERTYSINGLEVALUE('Engine',$,IFCLABEL('Bonsai.DumbProfile'),$);
#17145=IFCBEAM('1AeeTQRM90ywMpKFzfLuHg',$,'Beam',$,$,#17152,#17156,$,$);
#17146=IFCMATERIALPROFILESETUSAGE(#17009,7,$);
#17147=IFCRELASSOCIATESMATERIAL('2LCHUJ9ef65Q7dzbB17Qra',$,$,$,(#17145),#17146);
#17148=IFCCARTESIANPOINT((-0.032516628503799438,6.7599196434020996,3.));
#17149=IFCDIRECTION((0.99999999999996214,-1.9470716428772842E-07,1.9470717849858483E-07));
#17150=IFCDIRECTION((1.9470717849858713E-07,0.99999999999997391,-1.1920928955077814E-07));
#17151=IFCAXIS2PLACEMENT3D(#17148,#17149,#17150);
#17152=IFCLOCALPLACEMENT(#79,#17151);
#17153=IFCCARTESIANPOINTLIST3D(((0.,0.,0.),(0.,0.,4.5081061361794257)));
#17154=IFCINDEXEDPOLYCURVE(#17153,$,.F.);
#17155=IFCSHAPEREPRESENTATION(#12,'Axis','Curve3D',(#17154));
#17156=IFCPRODUCTDEFINITIONSHAPE($,$,(#17155,#17163));
#17157=IFCCARTESIANPOINT((-0.25,-0.25,0.));
#17158=IFCDIRECTION((0.,0.,1.));
#17159=IFCDIRECTION((1.,0.,0.));
#17160=IFCAXIS2PLACEMENT3D(#17157,#17158,#17159);
#17161=IFCDIRECTION((0.,0.,1.));
#17162=IFCEXTRUDEDAREASOLID(#16420,#17160,#17161,4.5081061361794257);
#17163=IFCSHAPEREPRESENTATION(#11,'Body','SweptSolid',(#17162));
#17164=IFCPROPERTYSET('3kxS$UFdLEXBGjY5m7X9JP',$,'EPset_Parametric',$,(#17166));
#17165=IFCRELDEFINESBYPROPERTIES('2iUp$IqRn1hQ5Gn0dYW6Jd',$,$,$,(#17145),#17164);
#17166=IFCPROPERTYSINGLEVALUE('Engine',$,IFCLABEL('Bonsai.DumbProfile'),$);
#17211=IFCBEAM('09y5yfbrrB4wCERsrK9YQ7',$,'Beam',$,$,#17218,#17222,$,$);
#17212=IFCMATERIALPROFILESETUSAGE(#17009,7,$);
#17213=IFCRELASSOCIATESMATERIAL('2cCfRYzP5ApP1AZgHv4dfE',$,$,$,(#17211),#17212);
#17214=IFCCARTESIANPOINT((-3.0244076251983643,0.13597679138183594,3.));
#17215=IFCDIRECTION((0.99999999999996214,-1.9470716428772842E-07,1.9470717849858483E-07));
#17216=IFCDIRECTION((1.9470717849858713E-07,0.99999999999997391,-1.1920928955077814E-07));
#17217=IFCAXIS2PLACEMENT3D(#17214,#17215,#17216);
#17218=IFCLOCALPLACEMENT(#79,#17217);
#17219=IFCCARTESIANPOINTLIST3D(((0.,0.,0.),(0.,0.,7.4999982198077317)));
#17220=IFCINDEXEDPOLYCURVE(#17219,$,.F.);
#17221=IFCSHAPEREPRESENTATION(#12,'Axis','Curve3D',(#17220));
#17222=IFCPRODUCTDEFINITIONSHAPE($,$,(#17221,#17229));
#17223=IFCCARTESIANPOINT((-0.25,-0.25,0.));
#17224=IFCDIRECTION((0.,0.,1.));
#17225=IFCDIRECTION((1.,0.,0.));
#17226=IFCAXIS2PLACEMENT3D(#17223,#17224,#17225);
#17227=IFCDIRECTION((0.,0.,1.));
#17228=IFCEXTRUDEDAREASOLID(#16420,#17226,#17227,7.4999982198077317);
#17229=IFCSHAPEREPRESENTATION(#11,'Body','SweptSolid',(#17228));
#17230=IFCPROPERTYSET('2vaoe6QgDD3eMblpBmW_Ot',$,'EPset_Parametric',$,(#17232));
#17231=IFCRELDEFINESBYPROPERTIES('1ICdPWuRj3Qffg2Nl_Z4Ls',$,$,$,(#17211),#17230);
#17232=IFCPROPERTYSINGLEVALUE('Engine',$,IFCLABEL('Bonsai.DumbProfile'),$);
#17233=IFCBEAM('3OnCyadPL2ogORwQ3zduU$',$,'Beam',$,$,#17240,#17244,$,$);
#17234=IFCMATERIALPROFILESETUSAGE(#17009,7,$);
#17235=IFCRELASSOCIATESMATERIAL('2FxDzMwHrBn8oc1ClgE4pQ',$,$,$,(#17233),#17234);
#17236=IFCCARTESIANPOINT((-3.0244085788726807,2.8859763145446777,3.));
#17237=IFCDIRECTION((0.99999999999985689,-3.1391633044078162E-07,4.3312575499468976E-07));
#17238=IFCDIRECTION((3.1391647254936355E-07,0.99999999999988676,-3.5762790417944639E-07));
#17239=IFCAXIS2PLACEMENT3D(#17236,#17237,#17238);
#17240=IFCLOCALPLACEMENT(#79,#17239);
#17241=IFCCARTESIANPOINTLIST3D(((0.,0.,0.),(0.,0.,7.5000554400620549)));
#17242=IFCINDEXEDPOLYCURVE(#17241,$,.F.);
#17243=IFCSHAPEREPRESENTATION(#12,'Axis','Curve3D',(#17242));
#17244=IFCPRODUCTDEFINITIONSHAPE($,$,(#17243,#17251));
#17245=IFCCARTESIANPOINT((-0.25,-0.25,0.));
#17246=IFCDIRECTION((0.,0.,1.));
#17247=IFCDIRECTION((1.,0.,0.));
#17248=IFCAXIS2PLACEMENT3D(#17245,#17246,#17247);
#17249=IFCDIRECTION((0.,0.,1.));
#17250=IFCEXTRUDEDAREASOLID(#16420,#17248,#17249,7.5000554400620549);
#17251=IFCSHAPEREPRESENTATION(#11,'Body','SweptSolid',(#17250));
#17252=IFCPROPERTYSET('2n$tVotmf0BfcKk3lcjNgL',$,'EPset_Parametric',$,(#17254));
#17253=IFCRELDEFINESBYPROPERTIES('14alouTQv5GQmiUY87JeZm',$,$,$,(#17233),#17252);
#17254=IFCPROPERTYSINGLEVALUE('Engine',$,IFCLABEL('Bonsai.DumbProfile'),$);
#17277=IFCBEAM('2C7zcrGJfEyxldmaYPVFcE',$,'Beam',$,$,#17284,#17288,$,$);
#17278=IFCMATERIALPROFILESETUSAGE(#17009,7,$);
#17279=IFCRELASSOCIATESMATERIAL('2DUCyde7PF0O7ftO$Ts2Yp',$,$,$,(#17277),#17278);
#17280=IFCCARTESIANPOINT((-3.0244085788726807,5.2859768867492676,3.));
#17281=IFCDIRECTION((0.99999999999996214,-1.9470716428772842E-07,1.9470717849858483E-07));
#17282=IFCDIRECTION((1.9470717849858713E-07,0.99999999999997391,-1.1920928955077814E-07));
#17283=IFCAXIS2PLACEMENT3D(#17280,#17281,#17282);
#17284=IFCLOCALPLACEMENT(#79,#17283);
#17285=IFCCARTESIANPOINTLIST3D(((0.,0.,0.),(0.,0.,7.4999982198077317)));
#17286=IFCINDEXEDPOLYCURVE(#17285,$,.F.);
#17287=IFCSHAPEREPRESENTATION(#12,'Axis','Curve3D',(#17286));
#17288=IFCPRODUCTDEFINITIONSHAPE($,$,(#17287,#17295));
#17289=IFCCARTESIANPOINT((-0.25,-0.25,0.));
#17290=IFCDIRECTION((0.,0.,1.));
#17291=IFCDIRECTION((1.,0.,0.));
#17292=IFCAXIS2PLACEMENT3D(#17289,#17290,#17291);
#17293=IFCDIRECTION((0.,0.,1.));
#17294=IFCEXTRUDEDAREASOLID(#16420,#17292,#17293,7.4999982198077317);
#17295=IFCSHAPEREPRESENTATION(#11,'Body','SweptSolid',(#17294));
#17296=IFCPROPERTYSET('3SkTsQMGfDYB2rjip98KRJ',$,'EPset_Parametric',$,(#17298));
#17297=IFCRELDEFINESBYPROPERTIES('1l8aUHQJvBler1Ef7Nz3NP',$,$,$,(#17277),#17296);
#17298=IFCPROPERTYSINGLEVALUE('Engine',$,IFCLABEL('Bonsai.DumbProfile'),$);
#17344=IFCCARTESIANPOINTLIST3D(((0.,0.,0.),(0.87338149547576904,0.,0.),(0.87338149547576904,0.,0.89999997615814209),(0.,0.,0.89999997615814209)));
#17345=IFCINDEXEDPOLYCURVE(#17344,(IFCLINEINDEX((1,2,3,4,1))),$);
#17346=IFCSHAPEREPRESENTATION(#18,'Profile','Curve3D',(#17345));
#17347=IFCCARTESIANPOINTLIST2D(((0.,0.),(0.87338149547576904,0.),(0.87338149547576904,0.89999997615814209),(0.,0.89999997615814209)));
#17348=IFCINDEXEDPOLYCURVE(#17347,(IFCLINEINDEX((1,2,3,4,1))),$);
#17349=IFCCARTESIANPOINTLIST2D(((0.02500000037252903,0.02500000037252903),(0.84838149510324001,0.02500000037252903),(0.84838149510324001,0.87499997578561306),(0.02500000037252903,0.87499997578561306)));
#17350=IFCINDEXEDPOLYCURVE(#17349,(IFCLINEINDEX((1,2,3,4,1))),$);
#17351=IFCARBITRARYPROFILEDEFWITHVOIDS(.AREA.,$,#17348,(#17350));
#17352=IFCCARTESIANPOINT((0.,0.090000001713633537,0.));
#17353=IFCDIRECTION((0.,-1.,0.));
#17354=IFCDIRECTION((1.,0.,0.));
#17355=IFCAXIS2PLACEMENT3D(#17352,#17353,#17354);
#17356=IFCDIRECTION((0.,0.,-1.));
#17357=IFCEXTRUDEDAREASOLID(#17351,#17355,#17356,0.0099999997764825821);
#17358=IFCCARTESIANPOINTLIST2D(((0.,0.),(0.87338149547576904,0.),(0.87338149547576904,0.89999997615814209),(0.,0.89999997615814209)));
#17359=IFCINDEXEDPOLYCURVE(#17358,(IFCLINEINDEX((1,2,3,4,1))),$);
#17360=IFCCARTESIANPOINTLIST2D(((0.05000000074505806,0.05000000074505806),(0.82338149473071098,0.05000000074505806),(0.82338149473071098,0.84999997541308403),(0.05000000074505806,0.84999997541308403)));
#17361=IFCINDEXEDPOLYCURVE(#17360,(IFCLINEINDEX((1,2,3,4,1))),$);
#17362=IFCARBITRARYPROFILEDEFWITHVOIDS(.AREA.,$,#17359,(#17361));
#17363=IFCCARTESIANPOINT((0.,0.05000000074505806,0.));
#17364=IFCDIRECTION((0.,-1.,0.));
#17365=IFCDIRECTION((1.,0.,0.));
#17366=IFCAXIS2PLACEMENT3D(#17363,#17364,#17365);
#17367=IFCDIRECTION((0.,0.,-1.));
#17368=IFCEXTRUDEDAREASOLID(#17362,#17366,#17367,0.040000000968575478);
#17369=IFCCARTESIANPOINTLIST2D(((0.,0.),(0.82338149473071098,0.),(0.82338149473071098,0.84999997541308403),(0.,0.84999997541308403)));
#17370=IFCINDEXEDPOLYCURVE(#17369,(IFCLINEINDEX((1,2,3,4,1))),$);
#17371=IFCCARTESIANPOINTLIST2D(((0.035000000149011612,0.035000000149011612),(0.78838149458169937,0.035000000149011612),(0.78838149458169937,0.81499997526407242),(0.035000000149011612,0.81499997526407242)));
#17372=IFCINDEXEDPOLYCURVE(#17371,(IFCLINEINDEX((1,2,3,4,1))),$);
#17373=IFCARBITRARYPROFILEDEFWITHVOIDS(.AREA.,$,#17370,(#17372));
#17374=IFCCARTESIANPOINT((0.02500000037252903,0.090000001713633537,0.02500000037252903));
#17375=IFCDIRECTION((0.,-1.,0.));
#17376=IFCDIRECTION((1.,0.,0.));
#17377=IFCAXIS2PLACEMENT3D(#17374,#17375,#17376);
#17378=IFCDIRECTION((0.,0.,-1.));
#17379=IFCEXTRUDEDAREASOLID(#17373,#17377,#17378,0.035000000149011612);
#17380=IFCINDEXEDPOLYCURVE(#17381,(IFCLINEINDEX((1,2,3,4,1))),$);
#17381=IFCCARTESIANPOINTLIST2D(((0.035000000149011612,0.035000000149011612),(0.78838149458169937,0.035000000149011612),(0.78838149458169937,0.81499997526407242),(0.035000000149011612,0.81499997526407242)));
#17382=IFCARBITRARYCLOSEDPROFILEDEF(.AREA.,$,#17380);
#17383=IFCCARTESIANPOINT((0.02500000037252903,0.10250000178813934,0.02500000037252903));
#17384=IFCDIRECTION((0.,-1.,0.));
#17385=IFCDIRECTION((1.,0.,0.));
#17386=IFCAXIS2PLACEMENT3D(#17383,#17384,#17385);
#17387=IFCDIRECTION((0.,0.,-1.));
#17388=IFCEXTRUDEDAREASOLID(#17382,#17386,#17387,0.01);
#17389=IFCSHAPEREPRESENTATION(#11,'Body','SweptSolid',(#17357,#17368,#17379,#17388));
#17390=IFCCARTESIANPOINTLIST2D(((0.05000000074505806,0.05000000074505806),(0.82338149473071098,0.05000000074505806)));
#17391=IFCINDEXEDPOLYCURVE(#17390,$,$);
#17392=IFCCARTESIANPOINTLIST2D(((0.,0.10000000149011612),(0.02500000037252903,0.10000000149011612),(0.02500000037252903,0.090000001713633537),(0.05000000074505806,0.090000001713633537),(0.05000000074505806,0.05000000074505806),(0.,0.05000000074505806)));
#17393=IFCINDEXEDPOLYCURVE(#17392,(IFCLINEINDEX((1,2,3,4,5,6,1))),$);
#17394=IFCCARTESIANPOINTLIST2D(((0.87338149547576904,0.10000000149011612),(0.84838149510324001,0.10000000149011612),(0.84838149510324001,0.090000001713633537),(0.82338149473071098,0.090000001713633537),(0.82338149473071098,0.05000000074505806),(0.87338149547576904,0.05000000074505806)));
#17395=IFCINDEXEDPOLYCURVE(#17394,(IFCLINEINDEX((1,2,3,4,5,6,1))),$);
#17396=IFCCARTESIANPOINTLIST2D(((0.02500000037252903,0.090000001713633537),(0.060000000521540642,0.090000001713633537),(0.060000000521540642,0.12500000186264515),(0.02500000037252903,0.12500000186264515)));
#17397=IFCINDEXEDPOLYCURVE(#17396,(IFCLINEINDEX((1,2,3,4,1))),$);
#17398=IFCINDEXEDPOLYCURVE(#17399,(IFCLINEINDEX((1,2,3,4,1))),$);
#17399=IFCCARTESIANPOINTLIST2D(((0.84838149510324001,0.090000001713633537),(0.8133814949542284,0.090000001713633537),(0.8133814949542284,0.12500000186264515),(0.84838149510324001,0.12500000186264515)));
#17400=IFCCARTESIANPOINTLIST2D(((0.060000000521540642,0.090000001713633537),(0.8133814949542284,0.090000001713633537)));
#17401=IFCINDEXEDPOLYCURVE(#17400,$,$);
#17402=IFCINDEXEDPOLYCURVE(#17403,$,$);
#17403=IFCCARTESIANPOINTLIST2D(((0.060000000521540642,0.12500000186264515),(0.8133814949542284,0.12500000186264515)));
#17404=IFCINDEXEDPOLYCURVE(#17405,$,$);
#17405=IFCCARTESIANPOINTLIST2D(((0.060000000521540642,0.10750000178813934),(0.8133814949542284,0.10750000178813934)));
#17406=IFCSHAPEREPRESENTATION(#24,'Body','Curve2D',(#17391,#17393,#17395,#17397,#17398,#17401,#17402,#17404));
#17407=IFCCARTESIANPOINTLIST2D(((0.,0.),(0.87338149547576904,0.),(0.87338149547576904,0.89999997615814209),(0.,0.89999997615814209)));
#17408=IFCINDEXEDPOLYCURVE(#17407,(IFCLINEINDEX((1,2,3,4,1))),$);
#17409=IFCARBITRARYCLOSEDPROFILEDEF(.AREA.,$,#17408);
#17410=IFCCARTESIANPOINT((0.,-0.60000002384185791,0.));
#17411=IFCDIRECTION((0.,-1.,0.));
#17412=IFCDIRECTION((1.,0.,0.));
#17413=IFCAXIS2PLACEMENT3D(#17410,#17411,#17412);
#17414=IFCDIRECTION((0.,0.,-1.));
#17415=IFCEXTRUDEDAREASOLID(#17409,#17413,#17414,1.2);
#17416=IFCSHAPEREPRESENTATION(#11,'Body','SweptSolid',(#17415));
#17437=IFCCARTESIANPOINT((0.97347616356385036,5.7068344272437344E-07,1.));
#17438=IFCDIRECTION((0.,0.,1.));
#17439=IFCDIRECTION((0.9999999999996968,-7.7882874904814859E-07,0.));
#17440=IFCAXIS2PLACEMENT3D(#17437,#17438,#17439);
#17441=IFCLOCALPLACEMENT(#16322,#17440);
#17447=IFCCARTESIANPOINT((1.1102230246251565E-16,0.,0.));
#17448=IFCDIRECTION((0.,0.,1.));
#17449=IFCDIRECTION((1.,0.,0.));
#17450=IFCAXIS2PLACEMENT3D(#17447,#17448,#17449);
#17451=IFCLOCALPLACEMENT(#17441,#17450);
#17496=IFCCOLUMN('350NR1ruHAx9pX9YJ6dNN2',$,'Column',$,$,#17503,#17507,$,$);
#17497=IFCMATERIALPROFILESETUSAGE(#16421,5,$);
#17498=IFCRELASSOCIATESMATERIAL('2HqWc8P9n6n9RdbMgzU3pP',$,$,$,(#17496),#17497);
#17499=IFCCARTESIANPOINT((4.2255897521972656,6.5099196434020996,0.));
#17500=IFCDIRECTION((0.,0.,1.));
#17501=IFCDIRECTION((1.,0.,0.));
#17502=IFCAXIS2PLACEMENT3D(#17499,#17500,#17501);
#17503=IFCLOCALPLACEMENT(#6485,#17502);
#17504=IFCCARTESIANPOINTLIST3D(((0.,0.,0.),(0.,0.,3.)));
#17505=IFCINDEXEDPOLYCURVE(#17504,$,.F.);
#17506=IFCSHAPEREPRESENTATION(#12,'Axis','Curve3D',(#17505));
#17507=IFCPRODUCTDEFINITIONSHAPE($,$,(#17506,#17514));
#17508=IFCCARTESIANPOINT((0.,0.,0.));
#17509=IFCDIRECTION((0.,0.,1.));
#17510=IFCDIRECTION((1.,0.,0.));
#17511=IFCAXIS2PLACEMENT3D(#17508,#17509,#17510);
#17512=IFCDIRECTION((0.,0.,1.));
#17513=IFCEXTRUDEDAREASOLID(#16420,#17511,#17512,3.);
#17514=IFCSHAPEREPRESENTATION(#11,'Body','SweptSolid',(#17513));
#17515=IFCPROPERTYSET('2WG53MR7TFNgzGAIyWrTYS',$,'EPset_Parametric',$,(#17517));
#17516=IFCRELDEFINESBYPROPERTIES('0KGqUorgb37xrb6IgbRmAB',$,$,$,(#17496),#17515);
#17517=IFCPROPERTYSINGLEVALUE('Engine',$,IFCLABEL('Bonsai.DumbProfile'),$);
#17518=IFCCOLUMN('11a8TgO7D5rQtZPT1ZMVh8',$,'Column',$,$,#17525,#17529,$,$);
#17519=IFCMATERIALPROFILESETUSAGE(#16421,5,$);
#17520=IFCRELASSOCIATESMATERIAL('1MA$2SbvHDV9Cfz0TxlfG2',$,$,$,(#17518),#17519);
#17521=IFCCARTESIANPOINT((4.2255897521972656,5.0359768867492676,0.));
#17522=IFCDIRECTION((0.,0.,1.));
#17523=IFCDIRECTION((1.,0.,0.));
#17524=IFCAXIS2PLACEMENT3D(#17521,#17522,#17523);
#17525=IFCLOCALPLACEMENT(#6485,#17524);
#17526=IFCCARTESIANPOINTLIST3D(((0.,0.,0.),(0.,0.,3.)));
#17527=IFCINDEXEDPOLYCURVE(#17526,$,.F.);
#17528=IFCSHAPEREPRESENTATION(#12,'Axis','Curve3D',(#17527));
#17529=IFCPRODUCTDEFINITIONSHAPE($,$,(#17528,#17536));
#17530=IFCCARTESIANPOINT((0.,0.,0.));
#17531=IFCDIRECTION((0.,0.,1.));
#17532=IFCDIRECTION((1.,0.,0.));
#17533=IFCAXIS2PLACEMENT3D(#17530,#17531,#17532);
#17534=IFCDIRECTION((0.,0.,1.));
#17535=IFCEXTRUDEDAREASOLID(#16420,#17533,#17534,3.);
#17536=IFCSHAPEREPRESENTATION(#11,'Body','SweptSolid',(#17535));
#17537=IFCPROPERTYSET('1SfGYQNDT7c9rOxu0HoGNi',$,'EPset_Parametric',$,(#17539));
#17538=IFCRELDEFINESBYPROPERTIES('194nnmewPAj8MmtXL628Q_',$,$,$,(#17518),#17537);
#17539=IFCPROPERTYSINGLEVALUE('Engine',$,IFCLABEL('Bonsai.DumbProfile'),$);
#17540=IFCCOLUMN('0Gxtw0ft5FYRe0qWKgCfft',$,'Column',$,$,#17547,#17551,$,$);
#17541=IFCMATERIALPROFILESETUSAGE(#16421,5,$);
#17542=IFCRELASSOCIATESMATERIAL('2ZrHuC6xb6FBfWTSyjsnJ9',$,$,$,(#17540),#17541);
#17543=IFCCARTESIANPOINT((4.2255897521972656,2.6359763145446777,0.));
#17544=IFCDIRECTION((0.,0.,1.));
#17545=IFCDIRECTION((1.,0.,0.));
#17546=IFCAXIS2PLACEMENT3D(#17543,#17544,#17545);
#17547=IFCLOCALPLACEMENT(#6485,#17546);
#17548=IFCCARTESIANPOINTLIST3D(((0.,0.,0.),(0.,0.,3.)));
#17549=IFCINDEXEDPOLYCURVE(#17548,$,.F.);
#17550=IFCSHAPEREPRESENTATION(#12,'Axis','Curve3D',(#17549));
#17551=IFCPRODUCTDEFINITIONSHAPE($,$,(#17550,#17558));
#17552=IFCCARTESIANPOINT((0.,0.,0.));
#17553=IFCDIRECTION((0.,0.,1.));
#17554=IFCDIRECTION((1.,0.,0.));
#17555=IFCAXIS2PLACEMENT3D(#17552,#17553,#17554);
#17556=IFCDIRECTION((0.,0.,1.));
#17557=IFCEXTRUDEDAREASOLID(#16420,#17555,#17556,3.);
#17558=IFCSHAPEREPRESENTATION(#11,'Body','SweptSolid',(#17557));
#17559=IFCPROPERTYSET('0UmJBht0r5xxbmhLGytM$s',$,'EPset_Parametric',$,(#17561));
#17560=IFCRELDEFINESBYPROPERTIES('0h_94X2m54W8SeZU$7LbTE',$,$,$,(#17540),#17559);
#17561=IFCPROPERTYSINGLEVALUE('Engine',$,IFCLABEL('Bonsai.DumbProfile'),$);
#17562=IFCCOLUMN('2IuewpuGL3jeLEM351d5u2',$,'Column',$,$,#17569,#17573,$,$);
#17563=IFCMATERIALPROFILESETUSAGE(#16421,5,$);
#17564=IFCRELASSOCIATESMATERIAL('39libwnrX2tQldnVYrNvo1',$,$,$,(#17562),#17563);
#17565=IFCCARTESIANPOINT((4.225590705871582,-0.11402320861816406,0.));
#17566=IFCDIRECTION((0.,0.,1.));
#17567=IFCDIRECTION((1.,0.,0.));
#17568=IFCAXIS2PLACEMENT3D(#17565,#17566,#17567);
#17569=IFCLOCALPLACEMENT(#6485,#17568);
#17570=IFCCARTESIANPOINTLIST3D(((0.,0.,0.),(0.,0.,3.)));
#17571=IFCINDEXEDPOLYCURVE(#17570,$,.F.);
#17572=IFCSHAPEREPRESENTATION(#12,'Axis','Curve3D',(#17571));
#17573=IFCPRODUCTDEFINITIONSHAPE($,$,(#17572,#17580));
#17574=IFCCARTESIANPOINT((0.,0.,0.));
#17575=IFCDIRECTION((0.,0.,1.));
#17576=IFCDIRECTION((1.,0.,0.));
#17577=IFCAXIS2PLACEMENT3D(#17574,#17575,#17576);
#17578=IFCDIRECTION((0.,0.,1.));
#17579=IFCEXTRUDEDAREASOLID(#16420,#17577,#17578,3.);
#17580=IFCSHAPEREPRESENTATION(#11,'Body','SweptSolid',(#17579));
#17581=IFCPROPERTYSET('20LOozA9n1A8CjfDhD8GoU',$,'EPset_Parametric',$,(#17583));
#17582=IFCRELDEFINESBYPROPERTIES('2$oz_YEzn9o8yeEv2qfiRD',$,$,$,(#17562),#17581);
#17583=IFCPROPERTYSINGLEVALUE('Engine',$,IFCLABEL('Bonsai.DumbProfile'),$);
#17584=IFCCOLUMN('2$hNXtTdjBYPjz4r5FJ_wJ',$,'Column',$,$,#17591,#17595,$,$);
#17585=IFCMATERIALPROFILESETUSAGE(#16421,5,$);
#17586=IFCRELASSOCIATESMATERIAL('1RMZZy4Rv02hjcR52X4Stf',$,$,$,(#17584),#17585);
#17587=IFCCARTESIANPOINT((4.2255892753601074,-2.5901062488555908,0.));
#17588=IFCDIRECTION((0.,0.,1.));
#17589=IFCDIRECTION((1.,0.,0.));
#17590=IFCAXIS2PLACEMENT3D(#17587,#17588,#17589);
#17591=IFCLOCALPLACEMENT(#6485,#17590);
#17592=IFCCARTESIANPOINTLIST3D(((0.,0.,0.),(0.,0.,3.)));
#17593=IFCINDEXEDPOLYCURVE(#17592,$,.F.);
#17594=IFCSHAPEREPRESENTATION(#12,'Axis','Curve3D',(#17593));
#17595=IFCPRODUCTDEFINITIONSHAPE($,$,(#17594,#17602));
#17596=IFCCARTESIANPOINT((0.,0.,0.));
#17597=IFCDIRECTION((0.,0.,1.));
#17598=IFCDIRECTION((1.,0.,0.));
#17599=IFCAXIS2PLACEMENT3D(#17596,#17597,#17598);
#17600=IFCDIRECTION((0.,0.,1.));
#17601=IFCEXTRUDEDAREASOLID(#16420,#17599,#17600,3.);
#17602=IFCSHAPEREPRESENTATION(#11,'Body','SweptSolid',(#17601));
#17603=IFCPROPERTYSET('3IRPM3VZfEAx_h1kUk70RV',$,'EPset_Parametric',$,(#17605));
#17604=IFCRELDEFINESBYPROPERTIES('3T82ZbkpDDSekV7gi1h64r',$,$,$,(#17584),#17603);
#17605=IFCPROPERTYSINGLEVALUE('Engine',$,IFCLABEL('Bonsai.DumbProfile'),$);
#17628=IFCCOLUMN('0dne_bPW15Tgvnb2SrvMHZ',$,'Column',$,$,#17635,#17639,$,$);
#17629=IFCMATERIALPROFILESETUSAGE(#16421,5,$);
#17630=IFCRELASSOCIATESMATERIAL('2NF_RvsGHC8vFGWUII6GRB',$,$,$,(#17628),#17629);
#17631=IFCCARTESIANPOINT((0.21748337149620056,-0.11402320861816406,0.));
#17632=IFCDIRECTION((0.,0.,1.));
#17633=IFCDIRECTION((1.,0.,0.));
#17634=IFCAXIS2PLACEMENT3D(#17631,#17632,#17633);
#17635=IFCLOCALPLACEMENT(#6485,#17634);
#17636=IFCCARTESIANPOINTLIST3D(((0.,0.,0.),(0.,0.,3.)));
#17637=IFCINDEXEDPOLYCURVE(#17636,$,.F.);
#17638=IFCSHAPEREPRESENTATION(#12,'Axis','Curve3D',(#17637));
#17639=IFCPRODUCTDEFINITIONSHAPE($,$,(#17638,#17646));
#17640=IFCCARTESIANPOINT((0.,0.,0.));
#17641=IFCDIRECTION((0.,0.,1.));
#17642=IFCDIRECTION((1.,0.,0.));
#17643=IFCAXIS2PLACEMENT3D(#17640,#17641,#17642);
#17644=IFCDIRECTION((0.,0.,1.));
#17645=IFCEXTRUDEDAREASOLID(#16420,#17643,#17644,3.);
#17646=IFCSHAPEREPRESENTATION(#11,'Body','SweptSolid',(#17645));
#17647=IFCPROPERTYSET('1$Pj1YrhvBVu2neH2SZGUZ',$,'EPset_Parametric',$,(#17649));
#17648=IFCRELDEFINESBYPROPERTIES('2iK7k3xW14muxwoRUnvm1C',$,$,$,(#17628),#17647);
#17649=IFCPROPERTYSINGLEVALUE('Engine',$,IFCLABEL('Bonsai.DumbProfile'),$);
#17650=IFCCOLUMN('0WD2fF$Mr4ChBP8rJdx33n',$,'Column',$,$,#17657,#17661,$,$);
#17651=IFCMATERIALPROFILESETUSAGE(#16421,5,$);
#17652=IFCRELASSOCIATESMATERIAL('2RdDKohPX0mQdt5u5aWehh',$,$,$,(#17650),#17651);
#17653=IFCCARTESIANPOINT((-2.7744085788726807,2.6359763145446777,0.));
#17654=IFCDIRECTION((0.,0.,1.));
#17655=IFCDIRECTION((1.,0.,0.));
#17656=IFCAXIS2PLACEMENT3D(#17653,#17654,#17655);
#17657=IFCLOCALPLACEMENT(#6485,#17656);
#17658=IFCCARTESIANPOINTLIST3D(((0.,0.,0.),(0.,0.,3.)));
#17659=IFCINDEXEDPOLYCURVE(#17658,$,.F.);
#17660=IFCSHAPEREPRESENTATION(#12,'Axis','Curve3D',(#17659));
#17661=IFCPRODUCTDEFINITIONSHAPE($,$,(#17660,#17668));
#17662=IFCCARTESIANPOINT((0.,0.,0.));
#17663=IFCDIRECTION((0.,0.,1.));
#17664=IFCDIRECTION((1.,0.,0.));
#17665=IFCAXIS2PLACEMENT3D(#17662,#17663,#17664);
#17666=IFCDIRECTION((0.,0.,1.));
#17667=IFCEXTRUDEDAREASOLID(#16420,#17665,#17666,3.);
#17668=IFCSHAPEREPRESENTATION(#11,'Body','SweptSolid',(#17667));
#17669=IFCPROPERTYSET('04ZXvRe_rAeuYT1xWIlzLI',$,'EPset_Parametric',$,(#17671));
#17670=IFCRELDEFINESBYPROPERTIES('3YOm7AaUDAoumI0rFRtxSx',$,$,$,(#17650),#17669);
#17671=IFCPROPERTYSINGLEVALUE('Engine',$,IFCLABEL('Bonsai.DumbProfile'),$);
#17672=IFCCOLUMN('0EBO8ZCD57kQGjHzDggkh2',$,'Column',$,$,#17679,#17683,$,$);
#17673=IFCMATERIALPROFILESETUSAGE(#16421,5,$);
#17674=IFCRELASSOCIATESMATERIAL('2cVtQXTNLEfwJ$wnrVx2L$',$,$,$,(#17672),#17673);
#17675=IFCCARTESIANPOINT((-2.7744076251983643,-0.11402320861816406,0.));
#17676=IFCDIRECTION((0.,0.,1.));
#17677=IFCDIRECTION((1.,0.,0.));
#17678=IFCAXIS2PLACEMENT3D(#17675,#17676,#17677);
#17679=IFCLOCALPLACEMENT(#6485,#17678);
#17680=IFCCARTESIANPOINTLIST3D(((0.,0.,0.),(0.,0.,3.)));
#17681=IFCINDEXEDPOLYCURVE(#17680,$,.F.);
#17682=IFCSHAPEREPRESENTATION(#12,'Axis','Curve3D',(#17681));
#17683=IFCPRODUCTDEFINITIONSHAPE($,$,(#17682,#17690));
#17684=IFCCARTESIANPOINT((0.,0.,0.));
#17685=IFCDIRECTION((0.,0.,1.));
#17686=IFCDIRECTION((1.,0.,0.));
#17687=IFCAXIS2PLACEMENT3D(#17684,#17685,#17686);
#17688=IFCDIRECTION((0.,0.,1.));
#17689=IFCEXTRUDEDAREASOLID(#16420,#17687,#17688,3.);
#17690=IFCSHAPEREPRESENTATION(#11,'Body','SweptSolid',(#17689));
#17691=IFCPROPERTYSET('1sT3RebDbAd9zPi8YiKlu6',$,'EPset_Parametric',$,(#17693));
#17692=IFCRELDEFINESBYPROPERTIES('33csXKtHf1l8jw3JKzKSrh',$,$,$,(#17672),#17691);
#17693=IFCPROPERTYSINGLEVALUE('Engine',$,IFCLABEL('Bonsai.DumbProfile'),$);
#17694=IFCCOLUMN('3ThvOOuA92NfJX6h_13Yb5',$,'Column',$,$,#17701,#17705,$,$);
#17695=IFCMATERIALPROFILESETUSAGE(#16421,5,$);
#17696=IFCRELASSOCIATESMATERIAL('3zKT6Q9q504Rzt1ILvBqAp',$,$,$,(#17694),#17695);
#17697=IFCCARTESIANPOINT((-2.7744085788726807,5.0359768867492676,0.));
#17698=IFCDIRECTION((0.,0.,1.));
#17699=IFCDIRECTION((1.,0.,0.));
#17700=IFCAXIS2PLACEMENT3D(#17697,#17698,#17699);
#17701=IFCLOCALPLACEMENT(#6485,#17700);
#17702=IFCCARTESIANPOINTLIST3D(((0.,0.,0.),(0.,0.,3.)));
#17703=IFCINDEXEDPOLYCURVE(#17702,$,.F.);
#17704=IFCSHAPEREPRESENTATION(#12,'Axis','Curve3D',(#17703));
#17705=IFCPRODUCTDEFINITIONSHAPE($,$,(#17704,#17712));
#17706=IFCCARTESIANPOINT((0.,0.,0.));
#17707=IFCDIRECTION((0.,0.,1.));
#17708=IFCDIRECTION((1.,0.,0.));
#17709=IFCAXIS2PLACEMENT3D(#17706,#17707,#17708);
#17710=IFCDIRECTION((0.,0.,1.));
#17711=IFCEXTRUDEDAREASOLID(#16420,#17709,#17710,3.);
#17712=IFCSHAPEREPRESENTATION(#11,'Body','SweptSolid',(#17711));
#17713=IFCPROPERTYSET('2g1nbDhjn8_fn9pzKxyT6l',$,'EPset_Parametric',$,(#17715));
#17714=IFCRELDEFINESBYPROPERTIES('3_78jGMnb8cxqzQs$sjby4',$,$,$,(#17694),#17713);
#17715=IFCPROPERTYSINGLEVALUE('Engine',$,IFCLABEL('Bonsai.DumbProfile'),$);
#17716=IFCCOLUMN('1VtA9e1ST1ZAqYBMW5sJx7',$,'Column',$,$,#17723,#17727,$,$);
#17717=IFCMATERIALPROFILESETUSAGE(#16421,5,$);
#17718=IFCRELASSOCIATESMATERIAL('3Ytct7ukj0FuPBChuFNUxP',$,$,$,(#17716),#17717);
#17719=IFCCARTESIANPOINT((0.21748337149620056,5.0359773635864258,0.));
#17720=IFCDIRECTION((0.,0.,1.));
#17721=IFCDIRECTION((1.,0.,0.));
#17722=IFCAXIS2PLACEMENT3D(#17719,#17720,#17721);
#17723=IFCLOCALPLACEMENT(#6485,#17722);
#17724=IFCCARTESIANPOINTLIST3D(((0.,0.,0.),(0.,0.,3.)));
#17725=IFCINDEXEDPOLYCURVE(#17724,$,.F.);
#17726=IFCSHAPEREPRESENTATION(#12,'Axis','Curve3D',(#17725));
#17727=IFCPRODUCTDEFINITIONSHAPE($,$,(#17726,#17734));
#17728=IFCCARTESIANPOINT((0.,0.,0.));
#17729=IFCDIRECTION((0.,0.,1.));
#17730=IFCDIRECTION((1.,0.,0.));
#17731=IFCAXIS2PLACEMENT3D(#17728,#17729,#17730);
#17732=IFCDIRECTION((0.,0.,1.));
#17733=IFCEXTRUDEDAREASOLID(#16420,#17731,#17732,3.);
#17734=IFCSHAPEREPRESENTATION(#11,'Body','SweptSolid',(#17733));
#17735=IFCPROPERTYSET('1b30HP7ajELhpvlF_vSAsO',$,'EPset_Parametric',$,(#17737));
#17736=IFCRELDEFINESBYPROPERTIES('0cBdMAgoTBeu2QRLig$k8z',$,$,$,(#17716),#17735);
#17737=IFCPROPERTYSINGLEVALUE('Engine',$,IFCLABEL('Bonsai.DumbProfile'),$);
#17738=IFCCOLUMN('2fxiUcDcTFru9NfTbrTjXh',$,'Column',$,$,#17745,#17749,$,$);
#17739=IFCMATERIALPROFILESETUSAGE(#16421,5,$);
#17740=IFCRELASSOCIATESMATERIAL('2E_kTFdF5E4BMnnwpcoKpr',$,$,$,(#17738),#17739);
#17741=IFCCARTESIANPOINT((0.21748337149620056,6.5099196434020996,0.));
#17742=IFCDIRECTION((0.,0.,1.));
#17743=IFCDIRECTION((1.,0.,0.));
#17744=IFCAXIS2PLACEMENT3D(#17741,#17742,#17743);
#17745=IFCLOCALPLACEMENT(#6485,#17744);
#17746=IFCCARTESIANPOINTLIST3D(((0.,0.,0.),(0.,0.,3.)));
#17747=IFCINDEXEDPOLYCURVE(#17746,$,.F.);
#17748=IFCSHAPEREPRESENTATION(#12,'Axis','Curve3D',(#17747));
#17749=IFCPRODUCTDEFINITIONSHAPE($,$,(#17748,#17756));
#17750=IFCCARTESIANPOINT((0.,0.,0.));
#17751=IFCDIRECTION((0.,0.,1.));
#17752=IFCDIRECTION((1.,0.,0.));
#17753=IFCAXIS2PLACEMENT3D(#17750,#17751,#17752);
#17754=IFCDIRECTION((0.,0.,1.));
#17755=IFCEXTRUDEDAREASOLID(#16420,#17753,#17754,3.);
#17756=IFCSHAPEREPRESENTATION(#11,'Body','SweptSolid',(#17755));
#17757=IFCPROPERTYSET('1jjzRKSTv9eA7rVBQodteo',$,'EPset_Parametric',$,(#17759));
#17758=IFCRELDEFINESBYPROPERTIES('2bMSxOzOf31PI9Hu_HySdJ',$,$,$,(#17738),#17757);
#17759=IFCPROPERTYSINGLEVALUE('Engine',$,IFCLABEL('Bonsai.DumbProfile'),$);
#17760=IFCCOLUMN('27UtFFtB12UQsav3fSjq50',$,'Column',$,$,#17786,#17771,$,$);
#17761=IFCMATERIALPROFILESETUSAGE(#16421,5,$);
#17762=IFCRELASSOCIATESMATERIAL('2dbmZst51EvAa7Kk2P_4Nb',$,$,$,(#17760),#17761);
#17768=IFCCARTESIANPOINTLIST3D(((0.,0.,0.),(0.,0.,3.)));
#17769=IFCINDEXEDPOLYCURVE(#17768,$,.F.);
#17770=IFCSHAPEREPRESENTATION(#12,'Axis','Curve3D',(#17769));
#17771=IFCPRODUCTDEFINITIONSHAPE($,$,(#17770,#17778));
#17772=IFCCARTESIANPOINT((0.,0.,0.));
#17773=IFCDIRECTION((0.,0.,1.));
#17774=IFCDIRECTION((1.,0.,0.));
#17775=IFCAXIS2PLACEMENT3D(#17772,#17773,#17774);
#17776=IFCDIRECTION((0.,0.,1.));
#17777=IFCEXTRUDEDAREASOLID(#16420,#17775,#17776,3.);
#17778=IFCSHAPEREPRESENTATION(#11,'Body','SweptSolid',(#17777));
#17779=IFCPROPERTYSET('0ueQ7FUoD069J3F3F0qOBg',$,'EPset_Parametric',$,(#17781));
#17780=IFCRELDEFINESBYPROPERTIES('0r4ot0hP1FEAdAc1Z6vaui',$,$,$,(#17760),#17779);
#17781=IFCPROPERTYSINGLEVALUE('Engine',$,IFCLABEL('Bonsai.DumbProfile'),$);
#17782=IFCCARTESIANPOINT((0.21748338639736176,2.6359763145446777,0.));
#17783=IFCDIRECTION((0.,0.,1.));
#17784=IFCDIRECTION((1.,0.,0.));
#17785=IFCAXIS2PLACEMENT3D(#17782,#17783,#17784);
#17786=IFCLOCALPLACEMENT(#6485,#17785);
#17787=IFCBEAM('0qhql0jPD1ZPBm4dZdPItl',$,'Beam',$,$,#17794,#17798,$,$);
#17788=IFCMATERIALPROFILESETUSAGE(#17009,7,$);
#17789=IFCRELASSOCIATESMATERIAL('3BpugIskrF_h9FS14v5aZM',$,$,$,(#17787),#17788);
#17790=IFCCARTESIANPOINT((4.4755897521972656,6.7599196434020996,3.));
#17791=IFCDIRECTION((-4.9670396980626641E-08,-0.99999999999999589,7.5497898658641086E-08));
#17792=IFCDIRECTION((0.99999999999999889,-4.9670397572754102E-08,5.0242957818009134E-15));
#17793=IFCAXIS2PLACEMENT3D(#17790,#17791,#17792);
#17794=IFCLOCALPLACEMENT(#6485,#17793);
#17795=IFCCARTESIANPOINTLIST3D(((0.,0.,0.),(0.,0.,9.6000260193790172)));
#17796=IFCINDEXEDPOLYCURVE(#17795,$,.F.);
#17797=IFCSHAPEREPRESENTATION(#12,'Axis','Curve3D',(#17796));
#17798=IFCPRODUCTDEFINITIONSHAPE($,$,(#17797,#17805));
#17799=IFCCARTESIANPOINT((-0.25,-0.25,0.));
#17800=IFCDIRECTION((0.,0.,1.));
#17801=IFCDIRECTION((1.,0.,0.));
#17802=IFCAXIS2PLACEMENT3D(#17799,#17800,#17801);
#17803=IFCDIRECTION((0.,0.,1.));
#17804=IFCEXTRUDEDAREASOLID(#16420,#17802,#17803,9.6000260193790172);
#17805=IFCSHAPEREPRESENTATION(#11,'Body','SweptSolid',(#17804));
#17806=IFCPROPERTYSET('2p6z2$NCn9wgL8FhgshQF1',$,'EPset_Parametric',$,(#17808));
#17807=IFCRELDEFINESBYPROPERTIES('3w90RyZanEGeVd96p5C8F2',$,$,$,(#17787),#17806);
#17808=IFCPROPERTYSINGLEVALUE('Engine',$,IFCLABEL('Bonsai.DumbProfile'),$);
#17809=IFCBEAM('0cz$7Ak0f7ZgfgBpBvSuit',$,'Beam',$,$,#17816,#17820,$,$);
#17810=IFCMATERIALPROFILESETUSAGE(#17009,7,$);
#17811=IFCRELASSOCIATESMATERIAL('23iRdm8RvFygZXShtz0UYa',$,$,$,(#17809),#17810);
#17812=IFCCARTESIANPOINT((0.46748337149620056,6.7599196434020996,3.));
#17813=IFCDIRECTION((0.,-0.99999999999999711,7.5497898658641179E-08));
#17814=IFCDIRECTION((1.,0.,0.));
#17815=IFCAXIS2PLACEMENT3D(#17812,#17813,#17814);
#17816=IFCLOCALPLACEMENT(#6485,#17815);
#17817=IFCCARTESIANPOINTLIST3D(((0.,0.,0.),(0.,0.,7.1239427819500376)));
#17818=IFCINDEXEDPOLYCURVE(#17817,$,.F.);
#17819=IFCSHAPEREPRESENTATION(#12,'Axis','Curve3D',(#17818));
#17820=IFCPRODUCTDEFINITIONSHAPE($,$,(#17819,#17827));
#17821=IFCCARTESIANPOINT((-0.25,-0.25,0.));
#17822=IFCDIRECTION((0.,0.,1.));
#17823=IFCDIRECTION((1.,0.,0.));
#17824=IFCAXIS2PLACEMENT3D(#17821,#17822,#17823);
#17825=IFCDIRECTION((0.,0.,1.));
#17826=IFCEXTRUDEDAREASOLID(#16420,#17824,#17825,7.1239427819500376);
#17827=IFCSHAPEREPRESENTATION(#11,'Body','SweptSolid',(#17826));
#17828=IFCPROPERTYSET('3aTx6TWzTEwwTVXwJYknEo',$,'EPset_Parametric',$,(#17830));
#17829=IFCRELDEFINESBYPROPERTIES('2iks1y16b1bwQM25BIRG1a',$,$,$,(#17809),#17828);
#17830=IFCPROPERTYSINGLEVALUE('Engine',$,IFCLABEL('Bonsai.DumbProfile'),$);
#17831=IFCBEAM('32QWZbvCj99hebQBusJsDJ',$,'Beam',$,$,#17838,#17842,$,$);
#17832=IFCMATERIALPROFILESETUSAGE(#17009,7,$);
#17833=IFCRELASSOCIATESMATERIAL('2Ks_squXHAjQJpFgm9f_Rh',$,$,$,(#17831),#17832);
#17834=IFCCARTESIANPOINT((-2.5244085788726807,5.2859768867492676,3.));
#17835=IFCDIRECTION((1.6879189541845562E-07,-0.9999999999999829,7.5497898658640107E-08));
#17836=IFCDIRECTION((0.99999999999998579,1.6879189956852984E-07,0.));
#17837=IFCAXIS2PLACEMENT3D(#17834,#17835,#17836);
#17838=IFCLOCALPLACEMENT(#6485,#17837);
#17839=IFCCARTESIANPOINTLIST3D(((0.,0.,0.),(0.,0.,5.6500000540134927)));
#17840=IFCINDEXEDPOLYCURVE(#17839,$,.F.);
#17841=IFCSHAPEREPRESENTATION(#12,'Axis','Curve3D',(#17840));
#17842=IFCPRODUCTDEFINITIONSHAPE($,$,(#17841,#17849));
#17843=IFCCARTESIANPOINT((-0.25,-0.25,0.));
#17844=IFCDIRECTION((0.,0.,1.));
#17845=IFCDIRECTION((1.,0.,0.));
#17846=IFCAXIS2PLACEMENT3D(#17843,#17844,#17845);
#17847=IFCDIRECTION((0.,0.,1.));
#17848=IFCEXTRUDEDAREASOLID(#16420,#17846,#17847,5.6500000540134927);
#17849=IFCSHAPEREPRESENTATION(#11,'Body','SweptSolid',(#17848));
#17850=IFCPROPERTYSET('0hIKElxbz6BR4LGvwNbu7Z',$,'EPset_Parametric',$,(#17852));
#17851=IFCRELDEFINESBYPROPERTIES('2PLki6MHn9ThaEOr8Jr3G7',$,$,$,(#17831),#17850);
#17852=IFCPROPERTYSINGLEVALUE('Engine',$,IFCLABEL('Bonsai.DumbProfile'),$);
#17853=IFCBEAM('06hvfWZtLDeBSnDAPFSx8m',$,'Beam',$,$,#17860,#17864,$,$);
#17854=IFCMATERIALPROFILESETUSAGE(#17009,7,$);
#17855=IFCRELASSOCIATESMATERIAL('2N_vKQzGH82BbrtTKXlqLd',$,$,$,(#17853),#17854);
#17856=IFCCARTESIANPOINT((-0.032516628503799438,6.7599196434020996,3.));
#17857=IFCDIRECTION((0.99999999999996214,-1.9470716428772842E-07,1.9470717849858483E-07));
#17858=IFCDIRECTION((1.9470717849858713E-07,0.99999999999997391,-1.1920928955077814E-07));
#17859=IFCAXIS2PLACEMENT3D(#17856,#17857,#17858);
#17860=IFCLOCALPLACEMENT(#6485,#17859);
#17861=IFCCARTESIANPOINTLIST3D(((0.,0.,0.),(0.,0.,4.5081061361794257)));
#17862=IFCINDEXEDPOLYCURVE(#17861,$,.F.);
#17863=IFCSHAPEREPRESENTATION(#12,'Axis','Curve3D',(#17862));
#17864=IFCPRODUCTDEFINITIONSHAPE($,$,(#17863,#17871));
#17865=IFCCARTESIANPOINT((-0.25,-0.25,0.));
#17866=IFCDIRECTION((0.,0.,1.));
#17867=IFCDIRECTION((1.,0.,0.));
#17868=IFCAXIS2PLACEMENT3D(#17865,#17866,#17867);
#17869=IFCDIRECTION((0.,0.,1.));
#17870=IFCEXTRUDEDAREASOLID(#16420,#17868,#17869,4.5081061361794257);
#17871=IFCSHAPEREPRESENTATION(#11,'Body','SweptSolid',(#17870));
#17872=IFCPROPERTYSET('0s0stNa1TAjQc2dB24YYhR',$,'EPset_Parametric',$,(#17874));
#17873=IFCRELDEFINESBYPROPERTIES('0zE3qxpFb3ARbSxFanpvPj',$,$,$,(#17853),#17872);
#17874=IFCPROPERTYSINGLEVALUE('Engine',$,IFCLABEL('Bonsai.DumbProfile'),$);
#17875=IFCBEAM('0DgnD9HIzB_P85hOkCNnH9',$,'Beam',$,$,#17882,#17886,$,$);
#17876=IFCMATERIALPROFILESETUSAGE(#17009,7,$);
#17877=IFCRELASSOCIATESMATERIAL('3p62tn3dn8mA3ImUjNMaEp',$,$,$,(#17875),#17876);
#17878=IFCCARTESIANPOINT((-3.0244085788726807,5.2859768867492676,3.));
#17879=IFCDIRECTION((0.99999999999996214,-1.9470716428772842E-07,1.9470717849858483E-07));
#17880=IFCDIRECTION((1.9470717849858713E-07,0.99999999999997391,-1.1920928955077814E-07));
#17881=IFCAXIS2PLACEMENT3D(#17878,#17879,#17880);
#17882=IFCLOCALPLACEMENT(#6485,#17881);
#17883=IFCCARTESIANPOINTLIST3D(((0.,0.,0.),(0.,0.,7.4999982198077317)));
#17884=IFCINDEXEDPOLYCURVE(#17883,$,.F.);
#17885=IFCSHAPEREPRESENTATION(#12,'Axis','Curve3D',(#17884));
#17886=IFCPRODUCTDEFINITIONSHAPE($,$,(#17885,#17893));
#17887=IFCCARTESIANPOINT((-0.25,-0.25,0.));
#17888=IFCDIRECTION((0.,0.,1.));
#17889=IFCDIRECTION((1.,0.,0.));
#17890=IFCAXIS2PLACEMENT3D(#17887,#17888,#17889);
#17891=IFCDIRECTION((0.,0.,1.));
#17892=IFCEXTRUDEDAREASOLID(#16420,#17890,#17891,7.4999982198077317);
#17893=IFCSHAPEREPRESENTATION(#11,'Body','SweptSolid',(#17892));
#17894=IFCPROPERTYSET('3Rt5S3Bqr1beJTR5$ikQBA',$,'EPset_Parametric',$,(#17896));
#17895=IFCRELDEFINESBYPROPERTIES('2etWrB4JH0Mwe9HZ8Op2AG',$,$,$,(#17875),#17894);
#17896=IFCPROPERTYSINGLEVALUE('Engine',$,IFCLABEL('Bonsai.DumbProfile'),$);
#17897=IFCBEAM('3HzIKoxVPBMRTDLGb9HFCA',$,'Beam',$,$,#17904,#17908,$,$);
#17898=IFCMATERIALPROFILESETUSAGE(#17009,7,$);
#17899=IFCRELASSOCIATESMATERIAL('0dXjny1lX1uOj3MqcG4Nl7',$,$,$,(#17897),#17898);
#17900=IFCCARTESIANPOINT((-3.0244085788726807,2.8859763145446777,3.));
#17901=IFCDIRECTION((0.99999999999996214,-1.9470716428772842E-07,1.9470717849858483E-07));
#17902=IFCDIRECTION((1.9470717849858713E-07,0.99999999999997391,-1.1920928955077814E-07));
#17903=IFCAXIS2PLACEMENT3D(#17900,#17901,#17902);
#17904=IFCLOCALPLACEMENT(#6485,#17903);
#17905=IFCCARTESIANPOINTLIST3D(((0.,0.,0.),(0.,0.,7.4999982198077317)));
#17906=IFCINDEXEDPOLYCURVE(#17905,$,.F.);
#17907=IFCSHAPEREPRESENTATION(#12,'Axis','Curve3D',(#17906));
#17908=IFCPRODUCTDEFINITIONSHAPE($,$,(#17907,#17915));
#17909=IFCCARTESIANPOINT((-0.25,-0.25,0.));
#17910=IFCDIRECTION((0.,0.,1.));
#17911=IFCDIRECTION((1.,0.,0.));
#17912=IFCAXIS2PLACEMENT3D(#17909,#17910,#17911);
#17913=IFCDIRECTION((0.,0.,1.));
#17914=IFCEXTRUDEDAREASOLID(#16420,#17912,#17913,7.4999982198077317);
#17915=IFCSHAPEREPRESENTATION(#11,'Body','SweptSolid',(#17914));
#17916=IFCPROPERTYSET('2SECArfjXCq9czUNCV2crl',$,'EPset_Parametric',$,(#17918));
#17917=IFCRELDEFINESBYPROPERTIES('0yRX6FBf99vBMYbWTdgtrF',$,$,$,(#17897),#17916);
#17918=IFCPROPERTYSINGLEVALUE('Engine',$,IFCLABEL('Bonsai.DumbProfile'),$);
#17919=IFCBEAM('0nCChjDTHDbwRLqNBrJfPx',$,'Beam',$,$,#17926,#17930,$,$);
#17920=IFCMATERIALPROFILESETUSAGE(#17009,7,$);
#17921=IFCRELASSOCIATESMATERIAL('3ONYv5LkDAdxZd$t0dVGhF',$,$,$,(#17919),#17920);
#17922=IFCCARTESIANPOINT((-3.0244076251983643,0.13597679138183594,3.));
#17923=IFCDIRECTION((0.99999999999996214,-1.9470716428772842E-07,1.9470717849858483E-07));
#17924=IFCDIRECTION((1.9470717849858713E-07,0.99999999999997391,-1.1920928955077814E-07));
#17925=IFCAXIS2PLACEMENT3D(#17922,#17923,#17924);
#17926=IFCLOCALPLACEMENT(#6485,#17925);
#17927=IFCCARTESIANPOINTLIST3D(((0.,0.,0.),(0.,0.,7.4999982198077317)));
#17928=IFCINDEXEDPOLYCURVE(#17927,$,.F.);
#17929=IFCSHAPEREPRESENTATION(#12,'Axis','Curve3D',(#17928));
#17930=IFCPRODUCTDEFINITIONSHAPE($,$,(#17929,#17937));
#17931=IFCCARTESIANPOINT((-0.25,-0.25,0.));
#17932=IFCDIRECTION((0.,0.,1.));
#17933=IFCDIRECTION((1.,0.,0.));
#17934=IFCAXIS2PLACEMENT3D(#17931,#17932,#17933);
#17935=IFCDIRECTION((0.,0.,1.));
#17936=IFCEXTRUDEDAREASOLID(#16420,#17934,#17935,7.4999982198077317);
#17937=IFCSHAPEREPRESENTATION(#11,'Body','SweptSolid',(#17936));
#17938=IFCPROPERTYSET('2x3ya84YvCSB2VzSdlPoK4',$,'EPset_Parametric',$,(#17940));
#17939=IFCRELDEFINESBYPROPERTIES('1rmiBLoVn7tA$P3MWYUsoW',$,$,$,(#17919),#17938);
#17940=IFCPROPERTYSINGLEVALUE('Engine',$,IFCLABEL('Bonsai.DumbProfile'),$);
ENDSEC;
END-ISO-10303-21;
